2026-08-12 13:14:24|   0.0|  0.0|INFORM|Current FME version: FME 2025.1.0.0 (20250704 - Build 25606 - WIN64)
2026-08-12 13:14:24|   0.0|  0.0|INFORM|System Time: 20260812011424 UTC
2026-08-12 13:14:24|   0.0|  0.0|INFORM|FME_HOME is 'C:\Program Files\FME\'
2026-08-12 13:14:24|   0.0|  0.0|INFORM|FME license: FME Form (floating)
2026-08-12 13:14:24|   0.0|  0.0|INFORM|Machine host name is: GISWS1
2026-08-12 13:14:24|   0.0|  0.0|INFORM|OS Locale Name     : en_NZ
2026-08-12 13:14:24|   0.0|  0.0|INFORM|OS Locale Encoding : windows-1252
2026-08-12 13:14:24|   0.0|  0.0|INFORM|Process Encoding   : UTF-8
2026-08-12 13:14:24|   0.0|  0.0|INFORM|FME API version: '4.0 20250515'
2026-08-12 13:14:24|   0.0|  0.0|INFORM|FME Configuration: FME_BASE is 'no'
2026-08-12 13:14:24|   0.0|  0.0|INFORM|FME Configuration: FME_MF_DIR is 'D:\Land\GIS_DATA\Landuse\LanduseSuitability\2_Workspaces\LandUseSuitability/'
2026-08-12 13:14:24|   0.0|  0.0|INFORM|FME Configuration: FME_MF_NAME is 'LUS_PostProcessing_V01_ACE_25062026.fmw'
2026-08-12 13:14:24|   0.0|  0.0|INFORM|FME Configuration: FME_PRODUCT_NAME is 'FME(R) 2025.1.0.0'
2026-08-12 13:14:24|   0.0|  0.0|INFORM|Operating System: Microsoft Windows 11 64-bit  (Build 26200)
2026-08-12 13:14:24|   0.0|  0.0|INFORM|FME Platform: WIN64
2026-08-12 13:14:24|   0.0|  0.0|INFORM|System Status: 2.18 TB of disk space available in the FME temporary folder (C:\Users\ASHTON~1.EAV\AppData\Local\Temp\wbrun_1786307007839_16672\fmetmp_6)
2026-08-12 13:14:24|   0.0|  0.0|INFORM|System Status: 127.15 GB of physical memory available
2026-08-12 13:14:24|   0.0|  0.0|INFORM|System Status: 508.58 GB of virtual memory available
2026-08-12 13:14:24|   0.0|  0.0|INFORM|START - ProcessID: 42680, peak process memory usage: 43144 kB, current process memory usage: 43140 kB
2026-08-12 13:14:24|   0.0|  0.0|INFORM|FME Configuration: Command line arguments are `C:\Program Files\FME\fme.exe' `D:\Land\GIS_DATA\Landuse\LanduseSuitability\2_Workspaces\LandUseSuitability\wb-xlate-1786497264033_16672' `--FME_LAUNCH_VIEWER_APP' `WORKBENCH' `LOG_STANDARDOUT' `YES' `LOG_TIMINGS' `YES' `LogCountServerName' `49593' `LOG_STANDARDOUT' `No' `WORKBENCH_LOG_SERVER' `62612'
2026-08-12 13:14:24|   0.0|  0.0|INFORM|FME Configuration: Connection Storage: 'C:\Users\Ashton.Eaves\AppData\Roaming\Safe Software\FME\'
2026-08-12 13:14:24|   0.0|  0.0|INFORM|Shared folders for formats are : C:\Program Files\FME\datasources;C:\Users\Ashton.Eaves\Documents\FME\Formats
2026-08-12 13:14:24|   0.0|  0.0|INFORM|Shared folders for transformers are : C:\Users\Ashton.Eaves\AppData\Roaming\Safe Software\FME\Packages\25606-win64\transformers;C:\Program Files\FME\transformers;C:\Users\Ashton.Eaves\AppData\Roaming\Safe Software\FME\FME Store\Transformers
2026-08-12 13:14:24|   0.0|  0.0|INFORM|Shared folders for coordinate systems are : C:\Users\Ashton.Eaves\Documents\FME\CoordinateSystems
2026-08-12 13:14:24|   0.0|  0.0|INFORM|Shared folders for coordinate system exceptions are : C:\Users\Ashton.Eaves\Documents\FME\CoordinateSystemExceptions
2026-08-12 13:14:24|   0.0|  0.0|INFORM|Shared folders for coordinate system grid overrides are : C:\Users\Ashton.Eaves\Documents\FME\CoordinateSystemGridOverrides
2026-08-12 13:14:24|   0.0|  0.0|INFORM|Shared folders for CS-MAP transformation exceptions are : C:\Users\Ashton.Eaves\Documents\FME\CsmapTransformationExceptions
2026-08-12 13:14:24|   0.0|  0.0|INFORM|Shared folders for transformer categories are : C:\Users\Ashton.Eaves\Documents\FME\TransformerCategories
2026-08-12 13:14:24|   0.0|  0.0|INFORM|FME Configuration: No destination coordinate system set
2026-08-12 13:14:24|   0.0|  0.0|INFORM|FME Configuration: Current working folder is `D:\Land\GIS_DATA\Landuse\LanduseSuitability\2_Workspaces\LandUseSuitability'
2026-08-12 13:14:24|   0.0|  0.0|INFORM|FME Configuration: Temporary folder is `C:\Users\ASHTON~1.EAV\AppData\Local\Temp\wbrun_1786307007839_16672\fmetmp_6', set from environment variable `FME_TEMP'
2026-08-12 13:14:24|   0.0|  0.0|INFORM|FME Configuration: Cache folder is 'C:\Users\ASHTON~1.EAV\AppData\Local\Temp'
2026-08-12 13:14:24|   0.0|  0.0|INFORM|FME Configuration: FME_HOME is `C:\Program Files\FME\'
2026-08-12 13:14:24|   0.0|  0.0|INFORM|FME Configuration: Start freeing memory when the process exceeds 381.44 GB
2026-08-12 13:14:24|   0.0|  0.0|INFORM|FME Configuration: Stop freeing memory when the process is below 286.08 GB
2026-08-12 13:14:24|   0.0|  0.0|INFORM|Creating writer for format: 
2026-08-12 13:14:24|   0.0|  0.0|INFORM|Creating reader for format: 
2026-08-12 13:14:24|   0.0|  0.0|INFORM|MULTI_READER(MULTI_READER): Will fail with first member reader failure
2026-08-12 13:14:24|   0.0|  0.0|INFORM|MULTI_READER(MULTI_READER): Adding CSV2 Reader with keyword CSV2_1
2026-08-12 13:14:24|   0.0|  0.0|INFORM|Using Multi Reader with keyword `MULTI_READER' to read multiple datasets
2026-08-12 13:14:24|   0.0|  0.0|INFORM|Creating reader for format: CSV (Comma Separated Value)
2026-08-12 13:14:24|   0.0|  0.0|INFORM|Trying to find a DYNAMIC plugin for reader named `CSV2'
2026-08-12 13:14:24|   0.0|  0.0|INFORM|CSV reader: Opening dataset 'D:\Land\GIS_DATA\Landuse\LanduseSuitability\3_Outputs\CropSuitabilityClassified_Maize.csv'
2026-08-12 13:14:24|   0.0|  0.0|INFORM|CSV reader: Directive '_TRIM_FEATURE_TYPE_NAME' has the value 'Yes'
2026-08-12 13:14:24|   0.0|  0.0|INFORM|CSV reader: Directive '_SUPPORTED_READER_ARCHIVE_EXTENSIONS' has the value 'csv.gz,txt.gz'
2026-08-12 13:14:24|   0.0|  0.0|INFORM|CSV reader: Directive '_DELIMITER' has the value 'auto'
2026-08-12 13:14:24|   0.0|  0.0|INFORM|CSV reader: Directive '_DELIMITER_DETECTION_ALGORITHM' has the value 'EQUAL_FIELDS_PER_LINE'
2026-08-12 13:14:24|   0.0|  0.0|INFORM|CSV reader: Directive '_FIELD_NAMES_LINE' has the value '1'
2026-08-12 13:14:24|   0.0|  0.0|INFORM|CSV reader: Directive '_DATA_START_LINE' has the value '2'
2026-08-12 13:14:24|   0.0|  0.0|INFORM|CSV reader: Directive '_SCAN_MAX_ROWS' has the value '250000'
2026-08-12 13:14:24|   0.0|  0.0|INFORM|CSV reader: Directive '_READ_SKIPPED_LINES' has the value 'No'
2026-08-12 13:14:24|   0.0|  0.0|INFORM|CSV reader: Directive '_ENCODING' has the value 'windows-1252'
2026-08-12 13:14:24|   0.0|  0.0|INFORM|CSV reader: Directive 'FME_NAMES_ENCODING' has the value 'UTF-8'
2026-08-12 13:14:24|   0.0|  0.0|INFORM|CSV reader: Directive '_SKIP_DUPLICATE_DELIMITERS' has the value 'No'
2026-08-12 13:14:24|   0.0|  0.0|INFORM|CSV reader: Directive '_FIELD_QUALIFIER_CHARACTER' has the value '"'
2026-08-12 13:14:24|   0.0|  0.0|INFORM|CSV reader: Directive '_FIELD_QUALIFIER_ESCAPE_CHARACTER' has the value '"'
2026-08-12 13:14:24|   0.0|  0.0|INFORM|CSV reader: Directive '_TRIM_FIELD_NAME_QUALIFIERS' has the value 'Yes'
2026-08-12 13:14:24|   0.0|  0.0|INFORM|CSV reader: Directive '_TRIM_FIELD_VALUE_QUALIFIERS' has the value 'Yes'
2026-08-12 13:14:24|   0.0|  0.0|INFORM|CSV reader: Directive '_PRESERVE_SOURCE_ENCODING' has the value 'No'
2026-08-12 13:14:24|   0.0|  0.0|INFORM|CSV reader: Directive '_CASE_SENSITIVE_FIELD_NAMES' has the value 'Yes'
2026-08-12 13:14:24|   0.0|  0.0|INFORM|CSV reader: Directive '_ENFORCE_STRICT_SCHEMA' has the value 'No'
2026-08-12 13:14:24|   0.0|  0.0|INFORM|CSV reader: Directive '_SCAN_TYPES' has the value 'Yes'
2026-08-12 13:14:24|   0.0|  0.0|INFORM|CSV reader: Directive '_TYPE_ATTRIBUTE_HANDLING' has the value 'STANDARD_TYPES'
2026-08-12 13:14:24|   0.0|  0.0|INFORM|CSV reader: Directive '_STRING_TYPE_ATTRIBUTE_HANDLING' has the value 'EXPLICIT_WIDTH'
2026-08-12 13:14:24|   0.0|  0.0|INFORM|CSV reader: Directive '_SCAN_ADDITIONAL_FIELDS' has the value 'No'
2026-08-12 13:14:24|   0.0|  0.0|INFORM|CSV reader: Directive '_DATE_INPUT_FORMAT' has the value 'ISO'
2026-08-12 13:14:24|   0.0|  0.0|INFORM|CSV reader: Directive '_CHUNK_SIZE' has the value '100000'
2026-08-12 13:14:24|   0.0|  0.0|INFORM|CSV reader: Directive '_TRIM_FIELD_NAME_WHITESPACE' has the value 'Yes'
2026-08-12 13:14:24|   0.0|  0.0|INFORM|CSV reader: Directive '_READ_EMPTY_VALUES_AS' has the value 'Null'
2026-08-12 13:14:24|   0.0|  0.0|INFORM|CSV reader: Directive '_REPLACE_ATTR_NAME_INVALID_CHARS' has the value 'No'
2026-08-12 13:14:24|   0.0|  0.0|INFORM|Using MultiWriter with keyword `PRIMARY_DEST' to output data (ID_ATTRIBUTE is `multi_writer_id')
2026-08-12 13:14:24|   0.0|  0.0|INFORM|Writer output will be ordered by value of multi_writer_id
2026-08-12 13:14:25|   2.8|  2.8|STATS |Restoring 70 feature(s) from FME feature store file `C:\Users\ASHTON~1.EAV\AppData\Local\Temp\wb-cache-LUS_PostProcessing_V01_ACE_25062-pwVrLI\Main_Clipper -1 33 fo 0 INSIDE  0  b682f41d8845328c965d47381359208c10a7144c.ffs'
2026-08-12 13:14:25|   2.8|  0.0|INFORM|FeatureMerger (ReferenceFactory): Splitting bulk features into individual features
2026-08-12 13:14:30|  25.8| 23.0|INFORM|... Last line repeated 5 times ...
2026-08-12 13:14:30|  25.8|  0.0|INFORM|CSV reader: Read 700,000 features
2026-08-12 13:14:30|  26.4|  0.6|INFORM|FeatureMerger (ReferenceFactory): Splitting bulk features into individual features
2026-08-12 13:14:35|  51.9| 25.5|INFORM|... Last line repeated 5 times ...
2026-08-12 13:14:35|  51.9|  0.0|INFORM|CSV reader: Read 1,300,000 features
2026-08-12 13:14:36|  52.0|  0.1|INFORM|FeatureMerger (ReferenceFactory): Splitting bulk features into individual features
2026-08-12 13:14:41|  70.9| 18.9|INFORM|... Last line repeated 4 times ...
2026-08-12 13:14:41|  70.9|  0.0|INFORM|CSV reader: Read 1,800,000 features
2026-08-12 13:14:41|  70.9|  0.0|INFORM|FeatureMerger (ReferenceFactory): Splitting bulk features into individual features
2026-08-12 13:14:46|  76.2|  5.3|INFORM|... Last line repeated 4 times ...
2026-08-12 13:14:46|  76.2|  0.0|INFORM|CSV reader: Read 2,300,000 features
2026-08-12 13:14:46|  76.3|  0.1|INFORM|FeatureMerger (ReferenceFactory): Splitting bulk features into individual features
2026-08-12 13:14:52|  82.0|  5.7|INFORM|... Last line repeated 4 times ...
2026-08-12 13:14:52|  82.0|  0.0|INFORM|CSV reader: Read 2,800,000 features
2026-08-12 13:14:52|  82.0|  0.0|INFORM|FeatureMerger (ReferenceFactory): Splitting bulk features into individual features
2026-08-12 13:14:58|  88.1|  6.1|INFORM|... Last line repeated 4 times ...
2026-08-12 13:14:58|  88.1|  0.0|INFORM|CSV reader: Read 3,300,000 features
2026-08-12 13:14:58|  88.1|  0.0|INFORM|FeatureMerger (ReferenceFactory): Splitting bulk features into individual features
2026-08-12 13:15:03|  93.3|  5.2|INFORM|... Last line repeated 3 times ...
2026-08-12 13:15:03|  93.3|  0.0|INFORM|CSV reader: Read 3,700,000 features
2026-08-12 13:15:03|  93.4|  0.1|INFORM|FeatureMerger (ReferenceFactory): Splitting bulk features into individual features
2026-08-12 13:15:09|  98.8|  5.4|INFORM|... Last line repeated 3 times ...
2026-08-12 13:15:09|  98.8|  0.0|INFORM|CSV reader: Read 4,100,000 features
2026-08-12 13:15:09|  98.9|  0.1|INFORM|FeatureMerger (ReferenceFactory): Splitting bulk features into individual features
2026-08-12 13:15:14| 104.4|  5.5|INFORM|... Last line repeated 3 times ...
2026-08-12 13:15:14| 104.4|  0.0|INFORM|CSV reader: Read 4,500,000 features
2026-08-12 13:15:15| 104.5|  0.1|INFORM|FeatureMerger (ReferenceFactory): Splitting bulk features into individual features
2026-08-12 13:15:20| 110.4|  5.9|INFORM|... Last line repeated 3 times ...
2026-08-12 13:15:20| 110.4|  0.0|INFORM|CSV reader: Read 4,900,000 features
2026-08-12 13:15:21| 110.5|  0.1|INFORM|FeatureMerger (ReferenceFactory): Splitting bulk features into individual features
2026-08-12 13:15:27| 116.6|  6.1|INFORM|... Last line repeated 3 times ...
2026-08-12 13:15:27| 116.6|  0.0|INFORM|CSV reader: Read 5,300,000 features
2026-08-12 13:15:27| 116.8|  0.2|INFORM|FeatureMerger (ReferenceFactory): Splitting bulk features into individual features
2026-08-12 13:15:33| 123.2|  6.4|INFORM|... Last line repeated 3 times ...
2026-08-12 13:15:33| 123.2|  0.0|INFORM|CSV reader: Read 5,700,000 features
2026-08-12 13:15:33| 123.3|  0.1|INFORM|FeatureMerger (ReferenceFactory): Splitting bulk features into individual features
2026-08-12 13:15:38| 128.3|  5.0|INFORM|... Last line repeated 2 times ...
2026-08-12 13:15:38| 128.3|  0.0|INFORM|CSV reader: Read 6,000,000 features
2026-08-12 13:15:38| 128.3|  0.0|INFORM|FeatureMerger (ReferenceFactory): Splitting bulk features into individual features
2026-08-12 13:15:44| 133.5|  5.2|INFORM|... Last line repeated 2 times ...
2026-08-12 13:15:44| 133.5|  0.0|INFORM|CSV reader: Read 6,300,000 features
2026-08-12 13:15:44| 133.6|  0.1|INFORM|FeatureMerger (ReferenceFactory): Splitting bulk features into individual features
2026-08-12 13:15:49| 138.6|  5.0|INFORM|... Last line repeated 2 times ...
2026-08-12 13:15:49| 138.6|  0.0|INFORM|MULTI_READER(MULTI_READER): Done reading 6469588 features from 1 readers
2026-08-12 13:15:49| 138.6|  0.0|INFORM|Emptying factory pipeline
2026-08-12 13:15:49| 138.6|  0.0|STATS |Router and Unexpected Input Remover (RoutingFactory): Tested 6469588 input feature(s), wrote 6469588 output feature(s): 6469588 matched merge filters, 6469588 were routed to output, 0 could not be routed.
2026-08-12 13:15:49| 138.6|  0.0|STATS |Unwanted Router Input Nuker (TeeFactory): Cloned 0 input feature(s) into 0 output feature(s)
2026-08-12 13:15:49| 138.6|  0.0|STATS |CSV_CSV2_1 Splitter (TeeFactory): Cloned 6469588 input feature(s) into 6469588 output feature(s)
2026-08-12 13:15:49| 138.6|  0.0|STATS |GISP.HawkesBay_Regional_Boundary_2025_GEODATABASE_SDE_2 Splitter (TeeFactory): Cloned 0 input feature(s) into 0 output feature(s)
2026-08-12 13:15:49| 138.6|  0.0|STATS |GISP.HawkesBay_H3Resolution11_GEODATABASE_SDE_1 Splitter (TeeFactory): Cloned 0 input feature(s) into 0 output feature(s)
2026-08-12 13:15:49| 139.4|  0.8|INFORM|FFS writer: Writing 100000 feature(s) to file 'C:\Users\ASHTON~1.EAV\AppData\Local\Temp\wb-cache-LUS_PostProcessing_V01_ACE_25062-pwVrLI\Main_FeatureMerger -1 9 fo 0 MERGED  0  3bb0bff46fb22b1870d2b0394c88e7443c1c5b53.fts'
2026-08-12 13:15:50| 139.5|  0.1|INFORM|Spatial Index: Adding 100000 features
2026-08-12 13:15:50| 139.7|  0.2|INFORM|FFS writer: Writing 37149 feature(s) to file 'C:\Users\ASHTON~1.EAV\AppData\Local\Temp\wb-cache-LUS_PostProcessing_V01_ACE_25062-pwVrLI\Main_AttributeManager -1 38 fo 0 OUTPUT  0  71ef952938b38eff2ab0aa29d9504d1788ebbaa7.fts'
2026-08-12 13:15:50| 139.8|  0.1|INFORM|Spatial Index: Adding 37149 features
2026-08-12 13:15:50| 139.9|  0.1|INFORM|Creating writer for format: Esri Geodatabase (File Geodb)
2026-08-12 13:15:50| 139.9|  0.0|INFORM|Trying to find a DYNAMIC plugin for writer named `GEODATABASE_FILE'
2026-08-12 13:15:50| 139.9|  0.0|INFORM|FME Configuration: No destination coordinate system set
2026-08-12 13:15:50| 139.9|  0.0|INFORM|MULTI_WRITER writer: Splitting bulk features into individual features
2026-08-12 13:15:50| 139.9|  0.0|INFORM|Writer `GEODATABASE_FILE_1' of type `GEODATABASE_FILE' using group definition keyword `GEODATABASE_FILE_1_DEF'
2026-08-12 13:16:01| 141.1|  1.2|INFORM|The ArcObjects license 'Advanced' is being selected from the ESRILicenseInfo ArcObjects call
2026-08-12 13:16:01| 141.3|  0.2|INFORM|FME has checked out an Esri license. The product checked out is 'Advanced'
2026-08-12 13:16:01| 141.3|  0.0|INFORM|Installed ArcGIS version is '3.6.0'
2026-08-12 13:16:01| 141.4|  0.1|INFORM|Connected to the File Geodatabase at 'D:\Land\GIS_DATA\Landuse\LanduseSuitability\3_Outputs\LUS_Outputs.gdb'
2026-08-12 13:16:01| 141.4|  0.0|INFORM|File Geodatabase release: '10.0'
2026-08-12 13:16:01| 141.4|  0.0|INFORM|Fast deletes enabled
2026-08-12 13:16:01| 141.4|  0.0|INFORM|The 'HAS_Z_VALUES' keyword is set to 'AUTO_DETECT'. With the exception of MultiPatch feature classes, the dimensionality of new feature classes will be based on the first feature written to the feature class. (Features with no geometry are considered 2D)
2026-08-12 13:16:01| 141.4|  0.0|INFORM|A default z-value of '0' will be used for all 3D features where z-values are not provided
2026-08-12 13:16:01| 141.4|  0.0|INFORM|Esri Geodatabase Writer: Not simplifying geometries being written
2026-08-12 13:16:01| 141.4|  0.0|INFORM|Transactions are being used by the Esri Geodatabase Writer
2026-08-12 13:16:01| 141.5|  0.1|INFORM|Esri Geodatabase Writer: Dropping feature type `FinalClass_Maize'
2026-08-12 13:16:02| 141.7|  0.2|INFORM|Esri Geodatabase Writer: Creating feature type `FinalClass_Maize'
2026-08-12 13:16:02| 141.8|  0.1|INFORM|Esri Geodatabase Writer: The field 'OBJECTID' in feature type 'FinalClass_Maize' will not be updated since it is not editable
2026-08-12 13:16:02| 141.8|  0.0|INFORM|Esri Geodatabase Writer: The field 'SHAPE_Length' in feature type 'FinalClass_Maize' will not be updated since it is not editable
2026-08-12 13:16:02| 141.8|  0.0|INFORM|Esri Geodatabase Writer: The field 'SHAPE_Area' in feature type 'FinalClass_Maize' will not be updated since it is not editable
2026-08-12 13:16:02| 141.8|  0.0|INFORM|MULTI_WRITER writer: 1 of 37,149 features written
2026-08-12 13:16:02| 142.1|  0.3|INFORM|Transaction #1 was successfully committed
2026-08-12 13:16:03| 142.4|  0.3|INFORM|Transaction #2 was successfully committed
2026-08-12 13:16:03| 142.7|  0.3|INFORM|Transaction #3 was successfully committed
2026-08-12 13:16:03| 143.1|  0.4|INFORM|Transaction #4 was successfully committed
2026-08-12 13:16:04| 143.4|  0.3|INFORM|Transaction #5 was successfully committed
2026-08-12 13:16:04| 143.7|  0.3|INFORM|Transaction #6 was successfully committed
2026-08-12 13:16:04| 144.1|  0.4|INFORM|Transaction #7 was successfully committed
2026-08-12 13:16:05| 144.4|  0.3|INFORM|Transaction #8 was successfully committed
2026-08-12 13:16:05| 144.7|  0.3|INFORM|Transaction #9 was successfully committed
2026-08-12 13:16:05| 145.1|  0.4|INFORM|Transaction #10 was successfully committed
2026-08-12 13:16:06| 145.4|  0.3|INFORM|Transaction #11 was successfully committed
2026-08-12 13:16:06| 145.7|  0.3|INFORM|Transaction #12 was successfully committed
2026-08-12 13:16:06| 146.0|  0.3|INFORM|Transaction #13 was successfully committed
2026-08-12 13:16:07| 146.3|  0.3|INFORM|Transaction #14 was successfully committed
2026-08-12 13:16:07| 146.7|  0.4|INFORM|Transaction #15 was successfully committed
2026-08-12 13:16:07| 146.7|  0.0|INFORM|MULTI_WRITER writer: 15,076 of 37,149 features written
2026-08-12 13:16:07| 147.0|  0.3|INFORM|Transaction #16 was successfully committed
2026-08-12 13:16:08| 147.3|  0.3|INFORM|Transaction #17 was successfully committed
2026-08-12 13:16:08| 147.6|  0.3|INFORM|Transaction #18 was successfully committed
2026-08-12 13:16:08| 148.0|  0.4|INFORM|Transaction #19 was successfully committed
2026-08-12 13:16:08| 148.4|  0.4|INFORM|Transaction #20 was successfully committed
2026-08-12 13:16:09| 148.7|  0.3|INFORM|Transaction #21 was successfully committed
2026-08-12 13:16:09| 149.0|  0.3|INFORM|Transaction #22 was successfully committed
2026-08-12 13:16:09| 149.4|  0.4|INFORM|Transaction #23 was successfully committed
2026-08-12 13:16:10| 149.7|  0.3|INFORM|Transaction #24 was successfully committed
2026-08-12 13:16:10| 150.0|  0.3|INFORM|Transaction #25 was successfully committed
2026-08-12 13:16:10| 150.3|  0.3|INFORM|Transaction #26 was successfully committed
2026-08-12 13:16:11| 150.7|  0.4|INFORM|Transaction #27 was successfully committed
2026-08-12 13:16:11| 151.0|  0.3|INFORM|Transaction #28 was successfully committed
2026-08-12 13:16:11| 151.3|  0.3|INFORM|Transaction #29 was successfully committed
2026-08-12 13:16:12| 151.7|  0.4|INFORM|Transaction #30 was successfully committed
2026-08-12 13:16:12| 151.7|  0.0|INFORM|MULTI_WRITER writer: 30,139 of 37,149 features written
2026-08-12 13:16:12| 152.0|  0.3|INFORM|Transaction #31 was successfully committed
2026-08-12 13:16:12| 152.3|  0.3|INFORM|Transaction #32 was successfully committed
2026-08-12 13:16:13| 152.6|  0.3|INFORM|Transaction #33 was successfully committed
2026-08-12 13:16:13| 153.0|  0.4|INFORM|Transaction #34 was successfully committed
2026-08-12 13:16:13| 153.3|  0.3|INFORM|Transaction #35 was successfully committed
2026-08-12 13:16:14| 153.6|  0.3|INFORM|Transaction #36 was successfully committed
2026-08-12 13:16:14| 153.9|  0.3|INFORM|Transaction #37 was successfully committed
2026-08-12 13:16:14| 154.0|  0.1|INFORM|MULTI_WRITER writer: 37,149 of 37,149 features written
2026-08-12 13:16:14| 154.1|  0.1|INFORM|AttributeManager (AttrSetFactory): Processed 37,150 of 100,000 features
2026-08-12 13:16:14| 154.3|  0.2|INFORM|AttributeManager (AttrSetFactory): Processed 100,000 of 100,000 features
2026-08-12 13:16:14| 154.3|  0.0|INFORM|FFS writer: Writing 62851 feature(s) to file 'C:\Users\ASHTON~1.EAV\AppData\Local\Temp\wb-cache-LUS_PostProcessing_V01_ACE_25062-pwVrLI\Main_AttributeManager -1 38 fo 0 OUTPUT  0  71ef952938b38eff2ab0aa29d9504d1788ebbaa7_1.fts'
2026-08-12 13:16:15| 154.4|  0.1|INFORM|Spatial Index: Adding 62851 features
2026-08-12 13:16:15| 154.4|  0.0|INFORM|MULTI_WRITER writer: Splitting bulk features into individual features
2026-08-12 13:16:15| 154.8|  0.4|INFORM|Transaction #38 was successfully committed
2026-08-12 13:16:15| 155.1|  0.3|INFORM|Transaction #39 was successfully committed
2026-08-12 13:16:16| 155.4|  0.3|INFORM|Transaction #40 was successfully committed
2026-08-12 13:16:16| 155.7|  0.3|INFORM|Transaction #41 was successfully committed
2026-08-12 13:16:16| 156.0|  0.3|INFORM|Transaction #42 was successfully committed
2026-08-12 13:16:17| 156.4|  0.4|INFORM|Transaction #43 was successfully committed
2026-08-12 13:16:17| 156.7|  0.3|INFORM|Transaction #44 was successfully committed
2026-08-12 13:16:17| 157.0|  0.3|INFORM|Transaction #45 was successfully committed
2026-08-12 13:16:18| 157.3|  0.3|INFORM|Transaction #46 was successfully committed
2026-08-12 13:16:18| 157.6|  0.3|INFORM|Transaction #47 was successfully committed
2026-08-12 13:16:18| 158.1|  0.5|INFORM|Transaction #48 was successfully committed
2026-08-12 13:16:19| 158.4|  0.3|INFORM|Transaction #49 was successfully committed
2026-08-12 13:16:19| 158.7|  0.3|INFORM|Transaction #50 was successfully committed
2026-08-12 13:16:19| 159.1|  0.4|INFORM|Transaction #51 was successfully committed
2026-08-12 13:16:20| 159.4|  0.3|INFORM|Transaction #52 was successfully committed
2026-08-12 13:16:20| 159.5|  0.1|INFORM|MULTI_WRITER writer: 15,066 of 62,851 features written
2026-08-12 13:16:20| 159.7|  0.2|INFORM|Transaction #53 was successfully committed
2026-08-12 13:16:20| 160.0|  0.3|INFORM|Transaction #54 was successfully committed
2026-08-12 13:16:21| 160.4|  0.4|INFORM|Transaction #55 was successfully committed
2026-08-12 13:16:21| 160.7|  0.3|INFORM|Transaction #56 was successfully committed
2026-08-12 13:16:21| 161.0|  0.3|INFORM|Transaction #57 was successfully committed
2026-08-12 13:16:22| 161.4|  0.4|INFORM|Transaction #58 was successfully committed
2026-08-12 13:16:22| 161.7|  0.3|INFORM|Transaction #59 was successfully committed
2026-08-12 13:16:22| 162.0|  0.3|INFORM|Transaction #60 was successfully committed
2026-08-12 13:16:23| 162.3|  0.3|INFORM|Transaction #61 was successfully committed
2026-08-12 13:16:23| 162.7|  0.4|INFORM|Transaction #62 was successfully committed
2026-08-12 13:16:23| 163.1|  0.4|INFORM|Transaction #63 was successfully committed
2026-08-12 13:16:24| 163.4|  0.3|INFORM|Transaction #64 was successfully committed
2026-08-12 13:16:24| 163.7|  0.3|INFORM|Transaction #65 was successfully committed
2026-08-12 13:16:24| 164.0|  0.3|INFORM|Transaction #66 was successfully committed
2026-08-12 13:16:25| 164.3|  0.3|INFORM|Transaction #67 was successfully committed
2026-08-12 13:16:25| 164.4|  0.1|INFORM|MULTI_WRITER writer: 30,067 of 62,851 features written
2026-08-12 13:16:25| 164.7|  0.3|INFORM|Transaction #68 was successfully committed
2026-08-12 13:16:25| 165.0|  0.3|INFORM|Transaction #69 was successfully committed
2026-08-12 13:16:26| 165.4|  0.4|INFORM|Transaction #70 was successfully committed
2026-08-12 13:16:26| 165.7|  0.3|INFORM|Transaction #71 was successfully committed
2026-08-12 13:16:26| 166.0|  0.3|INFORM|Transaction #72 was successfully committed
2026-08-12 13:16:27| 166.3|  0.3|INFORM|Transaction #73 was successfully committed
2026-08-12 13:16:27| 166.7|  0.4|INFORM|Transaction #74 was successfully committed
2026-08-12 13:16:27| 167.0|  0.3|INFORM|Transaction #75 was successfully committed
2026-08-12 13:16:28| 167.3|  0.3|INFORM|Transaction #76 was successfully committed
2026-08-12 13:16:28| 167.7|  0.4|INFORM|Transaction #77 was successfully committed
2026-08-12 13:16:28| 168.0|  0.3|INFORM|Transaction #78 was successfully committed
2026-08-12 13:16:29| 168.3|  0.3|INFORM|Transaction #79 was successfully committed
2026-08-12 13:16:29| 168.6|  0.3|INFORM|Transaction #80 was successfully committed
2026-08-12 13:16:29| 169.0|  0.4|INFORM|Transaction #81 was successfully committed
2026-08-12 13:16:30| 169.3|  0.3|INFORM|Transaction #82 was successfully committed
2026-08-12 13:16:30| 169.4|  0.1|INFORM|MULTI_WRITER writer: 45,137 of 62,851 features written
2026-08-12 13:16:30| 169.6|  0.2|INFORM|Transaction #83 was successfully committed
2026-08-12 13:16:30| 170.0|  0.4|INFORM|Transaction #84 was successfully committed
2026-08-12 13:16:31| 170.3|  0.3|INFORM|Transaction #85 was successfully committed
2026-08-12 13:16:31| 170.7|  0.4|INFORM|Transaction #86 was successfully committed
2026-08-12 13:16:31| 171.0|  0.3|INFORM|Transaction #87 was successfully committed
2026-08-12 13:16:32| 171.4|  0.4|INFORM|Transaction #88 was successfully committed
2026-08-12 13:16:32| 171.7|  0.3|INFORM|Transaction #89 was successfully committed
2026-08-12 13:16:32| 172.0|  0.3|INFORM|Transaction #90 was successfully committed
2026-08-12 13:16:32| 172.3|  0.3|INFORM|Transaction #91 was successfully committed
2026-08-12 13:16:33| 172.7|  0.4|INFORM|Transaction #92 was successfully committed
2026-08-12 13:16:33| 173.0|  0.3|INFORM|Transaction #93 was successfully committed
2026-08-12 13:16:33| 173.3|  0.3|INFORM|Transaction #94 was successfully committed
2026-08-12 13:16:34| 173.6|  0.3|INFORM|Transaction #95 was successfully committed
2026-08-12 13:16:34| 173.9|  0.3|INFORM|Transaction #96 was successfully committed
2026-08-12 13:16:34| 174.3|  0.4|INFORM|Transaction #97 was successfully committed
2026-08-12 13:16:35| 174.4|  0.1|INFORM|MULTI_WRITER writer: 60,263 of 62,851 features written
2026-08-12 13:16:35| 174.6|  0.2|INFORM|Transaction #98 was successfully committed
2026-08-12 13:16:35| 174.9|  0.3|INFORM|Transaction #99 was successfully committed
2026-08-12 13:16:35| 175.2|  0.3|INFORM|MULTI_WRITER writer: 62,851 of 62,851 features written
2026-08-12 13:16:36| 175.4|  0.2|INFORM|FeatureMerger (ReferenceFactory): Processing requestors: Completed 1.54% of intermediate processing
2026-08-12 13:16:36| 176.1|  0.7|INFORM|FFS writer: Writing 100000 feature(s) to file 'C:\Users\ASHTON~1.EAV\AppData\Local\Temp\wb-cache-LUS_PostProcessing_V01_ACE_25062-pwVrLI\Main_FeatureMerger -1 9 fo 0 MERGED  0  3bb0bff46fb22b1870d2b0394c88e7443c1c5b53_1.fts'
2026-08-12 13:16:36| 176.2|  0.1|INFORM|Spatial Index: Adding 100000 features
2026-08-12 13:16:36| 176.2|  0.0|INFORM|AttributeManager_OUTPUT Feature Recorder -1 2147614758 (RecorderFactory): Splitting bulk features into individual features
2026-08-12 13:16:37| 176.3|  0.1|INFORM|Transaction #100 was successfully committed
2026-08-12 13:16:37| 176.9|  0.6|INFORM|FFS writer: Writing 99119 feature(s) to file 'C:\Users\ASHTON~1.EAV\AppData\Local\Temp\wb-cache-LUS_PostProcessing_V01_ACE_25062-pwVrLI\Main_AttributeManager -1 38 fo 0 OUTPUT  0  71ef952938b38eff2ab0aa29d9504d1788ebbaa7_2.fts'
2026-08-12 13:16:37| 177.0|  0.1|INFORM|Spatial Index: Adding 99119 features
2026-08-12 13:16:37| 177.0|  0.0|INFORM|MULTI_WRITER writer: Splitting bulk features into individual features
2026-08-12 13:16:37| 177.1|  0.1|INFORM|Transaction #101 was successfully committed
2026-08-12 13:16:38| 177.4|  0.3|INFORM|Transaction #102 was successfully committed
2026-08-12 13:16:38| 177.8|  0.4|INFORM|Transaction #103 was successfully committed
2026-08-12 13:16:38| 178.1|  0.3|INFORM|Transaction #104 was successfully committed
2026-08-12 13:16:39| 178.5|  0.4|INFORM|Transaction #105 was successfully committed
2026-08-12 13:16:39| 178.8|  0.3|INFORM|Transaction #106 was successfully committed
2026-08-12 13:16:39| 179.1|  0.3|INFORM|Transaction #107 was successfully committed
2026-08-12 13:16:40| 179.5|  0.4|INFORM|Transaction #108 was successfully committed
2026-08-12 13:16:40| 179.8|  0.3|INFORM|Transaction #109 was successfully committed
2026-08-12 13:16:40| 180.1|  0.3|INFORM|Transaction #110 was successfully committed
2026-08-12 13:16:41| 180.4|  0.3|INFORM|Transaction #111 was successfully committed
2026-08-12 13:16:41| 180.8|  0.4|INFORM|Transaction #112 was successfully committed
2026-08-12 13:16:41| 181.1|  0.3|INFORM|Transaction #113 was successfully committed
2026-08-12 13:16:42| 181.4|  0.3|INFORM|Transaction #114 was successfully committed
2026-08-12 13:16:42| 181.7|  0.3|INFORM|Transaction #115 was successfully committed
2026-08-12 13:16:42| 182.0|  0.3|INFORM|MULTI_WRITER writer: 15,079 of 99,119 features written
2026-08-12 13:16:42| 182.1|  0.1|INFORM|Transaction #116 was successfully committed
2026-08-12 13:16:43| 182.5|  0.4|INFORM|Transaction #117 was successfully committed
2026-08-12 13:16:43| 182.8|  0.3|INFORM|Transaction #118 was successfully committed
2026-08-12 13:16:43| 183.1|  0.3|INFORM|Transaction #119 was successfully committed
2026-08-12 13:16:44| 183.4|  0.3|INFORM|Transaction #120 was successfully committed
2026-08-12 13:16:44| 183.7|  0.3|INFORM|Transaction #121 was successfully committed
2026-08-12 13:16:44| 184.1|  0.4|INFORM|Transaction #122 was successfully committed
2026-08-12 13:16:45| 184.4|  0.3|INFORM|Transaction #123 was successfully committed
2026-08-12 13:16:45| 184.7|  0.3|INFORM|Transaction #124 was successfully committed
2026-08-12 13:16:45| 185.0|  0.3|INFORM|Transaction #125 was successfully committed
2026-08-12 13:16:46| 185.4|  0.4|INFORM|Transaction #126 was successfully committed
2026-08-12 13:16:46| 185.7|  0.3|INFORM|Transaction #127 was successfully committed
2026-08-12 13:16:46| 186.0|  0.3|INFORM|Transaction #128 was successfully committed
2026-08-12 13:16:47| 186.3|  0.3|INFORM|Transaction #129 was successfully committed
2026-08-12 13:16:47| 186.7|  0.4|INFORM|Transaction #130 was successfully committed
2026-08-12 13:16:47| 187.1|  0.4|INFORM|Transaction #131 was successfully committed
2026-08-12 13:16:47| 187.1|  0.0|INFORM|MULTI_WRITER writer: 30,128 of 99,119 features written
2026-08-12 13:16:48| 187.4|  0.3|INFORM|Transaction #132 was successfully committed
2026-08-12 13:16:48| 187.8|  0.4|INFORM|Transaction #133 was successfully committed
2026-08-12 13:16:48| 188.1|  0.3|INFORM|Transaction #134 was successfully committed
2026-08-12 13:16:49| 188.4|  0.3|INFORM|Transaction #135 was successfully committed
2026-08-12 13:16:49| 188.7|  0.3|INFORM|Transaction #136 was successfully committed
2026-08-12 13:16:49| 189.1|  0.4|INFORM|Transaction #137 was successfully committed
2026-08-12 13:16:50| 189.4|  0.3|INFORM|Transaction #138 was successfully committed
2026-08-12 13:16:50| 189.7|  0.3|INFORM|Transaction #139 was successfully committed
2026-08-12 13:16:50| 190.1|  0.4|INFORM|Transaction #140 was successfully committed
2026-08-12 13:16:51| 190.4|  0.3|INFORM|Transaction #141 was successfully committed
2026-08-12 13:16:51| 190.7|  0.3|INFORM|Transaction #142 was successfully committed
2026-08-12 13:16:51| 191.1|  0.4|INFORM|Transaction #143 was successfully committed
2026-08-12 13:16:52| 191.4|  0.3|INFORM|Transaction #144 was successfully committed
2026-08-12 13:16:52| 191.7|  0.3|INFORM|Transaction #145 was successfully committed
2026-08-12 13:16:52| 192.1|  0.4|INFORM|Transaction #146 was successfully committed
2026-08-12 13:16:52| 192.1|  0.0|INFORM|MULTI_WRITER writer: 45,189 of 99,119 features written
2026-08-12 13:16:53| 192.4|  0.3|INFORM|Transaction #147 was successfully committed
2026-08-12 13:16:53| 192.7|  0.3|INFORM|Transaction #148 was successfully committed
2026-08-12 13:16:53| 193.0|  0.3|INFORM|Transaction #149 was successfully committed
2026-08-12 13:16:54| 193.3|  0.3|INFORM|Transaction #150 was successfully committed
2026-08-12 13:16:54| 193.7|  0.4|INFORM|Transaction #151 was successfully committed
2026-08-12 13:16:54| 194.0|  0.3|INFORM|Transaction #152 was successfully committed
2026-08-12 13:16:55| 194.3|  0.3|INFORM|Transaction #153 was successfully committed
2026-08-12 13:16:55| 194.7|  0.4|INFORM|Transaction #154 was successfully committed
2026-08-12 13:16:55| 195.1|  0.4|INFORM|Transaction #155 was successfully committed
2026-08-12 13:16:56| 195.4|  0.3|INFORM|Transaction #156 was successfully committed
2026-08-12 13:16:56| 195.7|  0.3|INFORM|Transaction #157 was successfully committed
2026-08-12 13:16:56| 196.0|  0.3|INFORM|Transaction #158 was successfully committed
2026-08-12 13:16:57| 196.3|  0.3|INFORM|Transaction #159 was successfully committed
2026-08-12 13:16:57| 196.6|  0.3|INFORM|Transaction #160 was successfully committed
2026-08-12 13:16:57| 197.0|  0.4|INFORM|Transaction #161 was successfully committed
2026-08-12 13:16:57| 197.0|  0.0|INFORM|MULTI_WRITER writer: 60,302 of 99,119 features written
2026-08-12 13:16:58| 197.3|  0.3|INFORM|Transaction #162 was successfully committed
2026-08-12 13:16:58| 197.7|  0.4|INFORM|Transaction #163 was successfully committed
2026-08-12 13:16:58| 198.0|  0.3|INFORM|Transaction #164 was successfully committed
2026-08-12 13:16:59| 198.4|  0.4|INFORM|Transaction #165 was successfully committed
2026-08-12 13:16:59| 198.7|  0.3|INFORM|Transaction #166 was successfully committed
2026-08-12 13:16:59| 199.0|  0.3|INFORM|Transaction #167 was successfully committed
2026-08-12 13:17:00| 199.3|  0.3|INFORM|Transaction #168 was successfully committed
2026-08-12 13:17:00| 199.7|  0.4|INFORM|Transaction #169 was successfully committed
2026-08-12 13:17:00| 200.0|  0.3|INFORM|Transaction #170 was successfully committed
2026-08-12 13:17:01| 200.3|  0.3|INFORM|Transaction #171 was successfully committed
2026-08-12 13:17:01| 200.7|  0.4|INFORM|Transaction #172 was successfully committed
2026-08-12 13:17:01| 201.0|  0.3|INFORM|Transaction #173 was successfully committed
2026-08-12 13:17:02| 201.3|  0.3|INFORM|Transaction #174 was successfully committed
2026-08-12 13:17:02| 201.7|  0.4|INFORM|Transaction #175 was successfully committed
2026-08-12 13:17:02| 202.0|  0.3|INFORM|Transaction #176 was successfully committed
2026-08-12 13:17:02| 202.1|  0.1|INFORM|MULTI_WRITER writer: 75,338 of 99,119 features written
2026-08-12 13:17:03| 202.4|  0.3|INFORM|Transaction #177 was successfully committed
2026-08-12 13:17:03| 202.7|  0.3|INFORM|Transaction #178 was successfully committed
2026-08-12 13:17:03| 203.1|  0.4|INFORM|Transaction #179 was successfully committed
2026-08-12 13:17:04| 203.4|  0.3|INFORM|Transaction #180 was successfully committed
2026-08-12 13:17:04| 203.7|  0.3|INFORM|Transaction #181 was successfully committed
2026-08-12 13:17:04| 204.0|  0.3|INFORM|Transaction #182 was successfully committed
2026-08-12 13:17:05| 204.3|  0.3|INFORM|Transaction #183 was successfully committed
2026-08-12 13:17:05| 204.7|  0.4|INFORM|Transaction #184 was successfully committed
2026-08-12 13:17:05| 205.0|  0.3|INFORM|Transaction #185 was successfully committed
2026-08-12 13:17:06| 205.3|  0.3|INFORM|Transaction #186 was successfully committed
2026-08-12 13:17:06| 205.7|  0.4|INFORM|Transaction #187 was successfully committed
2026-08-12 13:17:06| 206.0|  0.3|INFORM|Transaction #188 was successfully committed
2026-08-12 13:17:07| 206.4|  0.4|INFORM|Transaction #189 was successfully committed
2026-08-12 13:17:07| 206.7|  0.3|INFORM|Transaction #190 was successfully committed
2026-08-12 13:17:07| 207.0|  0.3|INFORM|Transaction #191 was successfully committed
2026-08-12 13:17:07| 207.1|  0.1|INFORM|MULTI_WRITER writer: 90,364 of 99,119 features written
2026-08-12 13:17:08| 207.3|  0.2|INFORM|Transaction #192 was successfully committed
2026-08-12 13:17:08| 207.7|  0.4|INFORM|Transaction #193 was successfully committed
2026-08-12 13:17:08| 208.0|  0.3|INFORM|Transaction #194 was successfully committed
2026-08-12 13:17:09| 208.3|  0.3|INFORM|Transaction #195 was successfully committed
2026-08-12 13:17:09| 208.6|  0.3|INFORM|Transaction #196 was successfully committed
2026-08-12 13:17:09| 209.0|  0.4|INFORM|Transaction #197 was successfully committed
2026-08-12 13:17:10| 209.3|  0.3|INFORM|Transaction #198 was successfully committed
2026-08-12 13:17:10| 209.6|  0.3|INFORM|Transaction #199 was successfully committed
2026-08-12 13:17:10| 210.0|  0.4|INFORM|MULTI_WRITER writer: 99,119 of 99,119 features written
2026-08-12 13:17:11| 210.3|  0.3|INFORM|FeatureMerger (ReferenceFactory): Processing requestors: Completed 3.09% of intermediate processing
2026-08-12 13:17:11| 211.0|  0.7|INFORM|FFS writer: Writing 100000 feature(s) to file 'C:\Users\ASHTON~1.EAV\AppData\Local\Temp\wb-cache-LUS_PostProcessing_V01_ACE_25062-pwVrLI\Main_FeatureMerger -1 9 fo 0 MERGED  0  3bb0bff46fb22b1870d2b0394c88e7443c1c5b53_2.fts'
2026-08-12 13:17:11| 211.0|  0.0|INFORM|Spatial Index: Adding 100000 features
2026-08-12 13:17:11| 211.1|  0.1|INFORM|FFS writer: Writing 10228 feature(s) to file 'C:\Users\ASHTON~1.EAV\AppData\Local\Temp\wb-cache-LUS_PostProcessing_V01_ACE_25062-pwVrLI\Main_AttributeManager -1 38 fo 0 OUTPUT  0  71ef952938b38eff2ab0aa29d9504d1788ebbaa7_3.fts'
2026-08-12 13:17:11| 211.1|  0.0|INFORM|Spatial Index: Adding 10228 features
2026-08-12 13:17:11| 211.1|  0.0|INFORM|MULTI_WRITER writer: Splitting bulk features into individual features
2026-08-12 13:17:11| 211.1|  0.0|INFORM|Transaction #200 was successfully committed
2026-08-12 13:17:12| 211.4|  0.3|INFORM|Transaction #201 was successfully committed
2026-08-12 13:17:12| 211.8|  0.4|INFORM|Transaction #202 was successfully committed
2026-08-12 13:17:12| 212.2|  0.4|INFORM|Transaction #203 was successfully committed
2026-08-12 13:17:13| 212.5|  0.3|INFORM|Transaction #204 was successfully committed
2026-08-12 13:17:13| 212.8|  0.3|INFORM|Transaction #205 was successfully committed
2026-08-12 13:17:13| 213.2|  0.4|INFORM|Transaction #206 was successfully committed
2026-08-12 13:17:14| 213.5|  0.3|INFORM|Transaction #207 was successfully committed
2026-08-12 13:17:14| 213.8|  0.3|INFORM|Transaction #208 was successfully committed
2026-08-12 13:17:14| 214.1|  0.3|INFORM|Transaction #209 was successfully committed
2026-08-12 13:17:15| 214.5|  0.4|INFORM|Transaction #210 was successfully committed
2026-08-12 13:17:15| 214.8|  0.3|INFORM|FFS writer: Writing 89772 feature(s) to file 'C:\Users\ASHTON~1.EAV\AppData\Local\Temp\wb-cache-LUS_PostProcessing_V01_ACE_25062-pwVrLI\Main_AttributeManager -1 38 fo 0 OUTPUT  0  71ef952938b38eff2ab0aa29d9504d1788ebbaa7_4.fts'
2026-08-12 13:17:15| 214.9|  0.1|INFORM|Spatial Index: Adding 89772 features
2026-08-12 13:17:15| 215.0|  0.1|INFORM|MULTI_WRITER writer: Splitting bulk features into individual features
2026-08-12 13:17:16| 215.2|  0.2|INFORM|Transaction #211 was successfully committed
2026-08-12 13:17:16| 215.5|  0.3|INFORM|Transaction #212 was successfully committed
2026-08-12 13:17:16| 215.9|  0.4|INFORM|Transaction #213 was successfully committed
2026-08-12 13:17:17| 216.2|  0.3|INFORM|Transaction #214 was successfully committed
2026-08-12 13:17:17| 216.5|  0.3|INFORM|Transaction #215 was successfully committed
2026-08-12 13:17:17| 216.9|  0.4|INFORM|Transaction #216 was successfully committed
2026-08-12 13:17:18| 217.2|  0.3|INFORM|Transaction #217 was successfully committed
2026-08-12 13:17:18| 217.5|  0.3|INFORM|Transaction #218 was successfully committed
2026-08-12 13:17:18| 217.8|  0.3|INFORM|Transaction #219 was successfully committed
2026-08-12 13:17:19| 218.2|  0.4|INFORM|Transaction #220 was successfully committed
2026-08-12 13:17:19| 218.5|  0.3|INFORM|Transaction #221 was successfully committed
2026-08-12 13:17:19| 218.8|  0.3|INFORM|Transaction #222 was successfully committed
2026-08-12 13:17:20| 219.2|  0.4|INFORM|Transaction #223 was successfully committed
2026-08-12 13:17:20| 219.5|  0.3|INFORM|Transaction #224 was successfully committed
2026-08-12 13:17:20| 219.9|  0.4|INFORM|Transaction #225 was successfully committed
2026-08-12 13:17:20| 220.0|  0.1|INFORM|MULTI_WRITER writer: 15,085 of 89,772 features written
2026-08-12 13:17:21| 220.2|  0.2|INFORM|Transaction #226 was successfully committed
2026-08-12 13:17:21| 220.5|  0.3|INFORM|Transaction #227 was successfully committed
2026-08-12 13:17:21| 220.9|  0.4|INFORM|Transaction #228 was successfully committed
2026-08-12 13:17:21| 221.2|  0.3|INFORM|Transaction #229 was successfully committed
2026-08-12 13:17:22| 221.5|  0.3|INFORM|Transaction #230 was successfully committed
2026-08-12 13:17:22| 221.9|  0.4|INFORM|Transaction #231 was successfully committed
2026-08-12 13:17:23| 222.2|  0.3|INFORM|Transaction #232 was successfully committed
2026-08-12 13:17:23| 222.5|  0.3|INFORM|Transaction #233 was successfully committed
2026-08-12 13:17:23| 222.9|  0.4|INFORM|Transaction #234 was successfully committed
2026-08-12 13:17:24| 223.2|  0.3|INFORM|Transaction #235 was successfully committed
2026-08-12 13:17:24| 223.5|  0.3|INFORM|Transaction #236 was successfully committed
2026-08-12 13:17:24| 223.8|  0.3|INFORM|Transaction #237 was successfully committed
2026-08-12 13:17:25| 224.2|  0.4|INFORM|Transaction #238 was successfully committed
2026-08-12 13:17:25| 224.5|  0.3|INFORM|Transaction #239 was successfully committed
2026-08-12 13:17:25| 224.8|  0.3|INFORM|Transaction #240 was successfully committed
2026-08-12 13:17:25| 224.9|  0.1|INFORM|MULTI_WRITER writer: 30,078 of 89,772 features written
2026-08-12 13:17:26| 225.1|  0.2|INFORM|Transaction #241 was successfully committed
2026-08-12 13:17:26| 225.5|  0.4|INFORM|Transaction #242 was successfully committed
2026-08-12 13:17:26| 225.9|  0.4|INFORM|Transaction #243 was successfully committed
2026-08-12 13:17:26| 226.2|  0.3|INFORM|Transaction #244 was successfully committed
2026-08-12 13:17:27| 226.5|  0.3|INFORM|Transaction #245 was successfully committed
2026-08-12 13:17:27| 226.8|  0.3|INFORM|Transaction #246 was successfully committed
2026-08-12 13:17:27| 227.1|  0.3|INFORM|Transaction #247 was successfully committed
2026-08-12 13:17:28| 227.5|  0.4|INFORM|Transaction #248 was successfully committed
2026-08-12 13:17:28| 227.8|  0.3|INFORM|Transaction #249 was successfully committed
2026-08-12 13:17:28| 228.1|  0.3|INFORM|Transaction #250 was successfully committed
2026-08-12 13:17:29| 228.4|  0.3|INFORM|Transaction #251 was successfully committed
2026-08-12 13:17:29| 228.8|  0.4|INFORM|Transaction #252 was successfully committed
2026-08-12 13:17:29| 229.1|  0.3|INFORM|Transaction #253 was successfully committed
2026-08-12 13:17:30| 229.4|  0.3|INFORM|Transaction #254 was successfully committed
2026-08-12 13:17:30| 229.8|  0.4|INFORM|Transaction #255 was successfully committed
2026-08-12 13:17:30| 230.0|  0.2|INFORM|MULTI_WRITER writer: 45,186 of 89,772 features written
2026-08-12 13:17:30| 230.2|  0.2|INFORM|Transaction #256 was successfully committed
2026-08-12 13:17:31| 230.5|  0.3|INFORM|Transaction #257 was successfully committed
2026-08-12 13:17:31| 230.8|  0.3|INFORM|Transaction #258 was successfully committed
2026-08-12 13:17:31| 231.1|  0.3|INFORM|Transaction #259 was successfully committed
2026-08-12 13:17:32| 231.5|  0.4|INFORM|Transaction #260 was successfully committed
2026-08-12 13:17:32| 231.8|  0.3|INFORM|Transaction #261 was successfully committed
2026-08-12 13:17:32| 232.1|  0.3|INFORM|Transaction #262 was successfully committed
2026-08-12 13:17:33| 232.4|  0.3|INFORM|Transaction #263 was successfully committed
2026-08-12 13:17:33| 232.7|  0.3|INFORM|Transaction #264 was successfully committed
2026-08-12 13:17:33| 233.1|  0.4|INFORM|Transaction #265 was successfully committed
2026-08-12 13:17:34| 233.4|  0.3|INFORM|Transaction #266 was successfully committed
2026-08-12 13:17:34| 233.7|  0.3|INFORM|Transaction #267 was successfully committed
2026-08-12 13:17:34| 234.0|  0.3|INFORM|Transaction #268 was successfully committed
2026-08-12 13:17:35| 234.4|  0.4|INFORM|Transaction #269 was successfully committed
2026-08-12 13:17:35| 234.7|  0.3|INFORM|Transaction #270 was successfully committed
2026-08-12 13:17:35| 234.9|  0.2|INFORM|MULTI_WRITER writer: 60,323 of 89,772 features written
2026-08-12 13:17:35| 235.0|  0.1|INFORM|Transaction #271 was successfully committed
2026-08-12 13:17:36| 235.3|  0.3|INFORM|Transaction #272 was successfully committed
2026-08-12 13:17:36| 235.7|  0.4|INFORM|Transaction #273 was successfully committed
2026-08-12 13:17:36| 236.0|  0.3|INFORM|Transaction #274 was successfully committed
2026-08-12 13:17:37| 236.3|  0.3|INFORM|Transaction #275 was successfully committed
2026-08-12 13:17:37| 236.6|  0.3|INFORM|Transaction #276 was successfully committed
2026-08-12 13:17:37| 237.0|  0.4|INFORM|Transaction #277 was successfully committed
2026-08-12 13:17:38| 237.3|  0.3|INFORM|Transaction #278 was successfully committed
2026-08-12 13:17:38| 237.7|  0.4|INFORM|Transaction #279 was successfully committed
2026-08-12 13:17:38| 238.0|  0.3|INFORM|Transaction #280 was successfully committed
2026-08-12 13:17:39| 238.3|  0.3|INFORM|Transaction #281 was successfully committed
2026-08-12 13:17:39| 238.6|  0.3|INFORM|Transaction #282 was successfully committed
2026-08-12 13:17:39| 239.0|  0.4|INFORM|Transaction #283 was successfully committed
2026-08-12 13:17:40| 239.3|  0.3|INFORM|Transaction #284 was successfully committed
2026-08-12 13:17:40| 239.6|  0.3|INFORM|Transaction #285 was successfully committed
2026-08-12 13:17:40| 239.8|  0.2|INFORM|MULTI_WRITER writer: 75,459 of 89,772 features written
2026-08-12 13:17:40| 239.9|  0.1|INFORM|Transaction #286 was successfully committed
2026-08-12 13:17:41| 240.3|  0.4|INFORM|Transaction #287 was successfully committed
2026-08-12 13:17:41| 240.6|  0.3|INFORM|Transaction #288 was successfully committed
2026-08-12 13:17:41| 241.0|  0.4|INFORM|Transaction #289 was successfully committed
2026-08-12 13:17:42| 241.3|  0.3|INFORM|Transaction #290 was successfully committed
2026-08-12 13:17:42| 241.6|  0.3|INFORM|Transaction #291 was successfully committed
2026-08-12 13:17:42| 241.9|  0.3|INFORM|Transaction #292 was successfully committed
2026-08-12 13:17:43| 242.3|  0.4|INFORM|Transaction #293 was successfully committed
2026-08-12 13:17:43| 242.6|  0.3|INFORM|Transaction #294 was successfully committed
2026-08-12 13:17:43| 242.9|  0.3|INFORM|Transaction #295 was successfully committed
2026-08-12 13:17:44| 243.2|  0.3|INFORM|Transaction #296 was successfully committed
2026-08-12 13:17:44| 243.6|  0.4|INFORM|Transaction #297 was successfully committed
2026-08-12 13:17:44| 243.9|  0.3|INFORM|Transaction #298 was successfully committed
2026-08-12 13:17:45| 244.2|  0.3|INFORM|Transaction #299 was successfully committed
2026-08-12 13:17:45| 244.5|  0.3|INFORM|MULTI_WRITER writer: 89,772 of 89,772 features written
2026-08-12 13:17:45| 244.8|  0.3|INFORM|FeatureMerger (ReferenceFactory): Processing requestors: Completed 4.63% of intermediate processing
2026-08-12 13:17:46| 245.4|  0.6|INFORM|FFS writer: Writing 100000 feature(s) to file 'C:\Users\ASHTON~1.EAV\AppData\Local\Temp\wb-cache-LUS_PostProcessing_V01_ACE_25062-pwVrLI\Main_FeatureMerger -1 9 fo 0 MERGED  0  3bb0bff46fb22b1870d2b0394c88e7443c1c5b53_3.fts'
2026-08-12 13:17:46| 245.6|  0.2|INFORM|Spatial Index: Adding 100000 features
2026-08-12 13:17:46| 245.6|  0.0|INFORM|FFS writer: Writing 2231 feature(s) to file 'C:\Users\ASHTON~1.EAV\AppData\Local\Temp\wb-cache-LUS_PostProcessing_V01_ACE_25062-pwVrLI\Main_AttributeManager -1 38 fo 0 OUTPUT  0  71ef952938b38eff2ab0aa29d9504d1788ebbaa7_5.fts'
2026-08-12 13:17:46| 245.6|  0.0|INFORM|Spatial Index: Adding 2231 features
2026-08-12 13:17:46| 245.6|  0.0|INFORM|MULTI_WRITER writer: Splitting bulk features into individual features
2026-08-12 13:17:46| 245.6|  0.0|INFORM|Transaction #300 was successfully committed
2026-08-12 13:17:46| 246.0|  0.4|INFORM|Transaction #301 was successfully committed
2026-08-12 13:17:47| 246.4|  0.4|INFORM|Transaction #302 was successfully committed
2026-08-12 13:17:47| 246.7|  0.3|INFORM|FFS writer: Writing 97769 feature(s) to file 'C:\Users\ASHTON~1.EAV\AppData\Local\Temp\wb-cache-LUS_PostProcessing_V01_ACE_25062-pwVrLI\Main_AttributeManager -1 38 fo 0 OUTPUT  0  71ef952938b38eff2ab0aa29d9504d1788ebbaa7_6.fts'
2026-08-12 13:17:47| 246.8|  0.1|INFORM|Spatial Index: Adding 97769 features
2026-08-12 13:17:47| 246.9|  0.1|INFORM|MULTI_WRITER writer: Splitting bulk features into individual features
2026-08-12 13:17:48| 247.2|  0.3|INFORM|Transaction #303 was successfully committed
2026-08-12 13:17:48| 247.5|  0.3|INFORM|Transaction #304 was successfully committed
2026-08-12 13:17:48| 247.7|  0.2|INFORM|Transaction #305 was successfully committed
2026-08-12 13:17:49| 248.1|  0.4|INFORM|Transaction #306 was successfully committed
2026-08-12 13:17:49| 248.5|  0.4|INFORM|Transaction #307 was successfully committed
2026-08-12 13:17:49| 248.8|  0.3|INFORM|Transaction #308 was successfully committed
2026-08-12 13:17:50| 249.1|  0.3|INFORM|Transaction #309 was successfully committed
2026-08-12 13:17:50| 249.4|  0.3|INFORM|Transaction #310 was successfully committed
2026-08-12 13:17:50| 249.8|  0.4|INFORM|Transaction #311 was successfully committed
2026-08-12 13:17:51| 250.1|  0.3|INFORM|Transaction #312 was successfully committed
2026-08-12 13:17:51| 250.5|  0.4|INFORM|Transaction #313 was successfully committed
2026-08-12 13:17:51| 250.8|  0.3|INFORM|Transaction #314 was successfully committed
2026-08-12 13:17:52| 251.1|  0.3|INFORM|Transaction #315 was successfully committed
2026-08-12 13:17:52| 251.5|  0.4|INFORM|Transaction #316 was successfully committed
2026-08-12 13:17:52| 251.8|  0.3|INFORM|Transaction #317 was successfully committed
2026-08-12 13:17:52| 251.9|  0.1|INFORM|MULTI_WRITER writer: 15,009 of 97,769 features written
2026-08-12 13:17:53| 252.1|  0.2|INFORM|Transaction #318 was successfully committed
2026-08-12 13:17:53| 252.4|  0.3|INFORM|Transaction #319 was successfully committed
2026-08-12 13:17:53| 252.8|  0.4|INFORM|Transaction #320 was successfully committed
2026-08-12 13:17:54| 253.1|  0.3|INFORM|Transaction #321 was successfully committed
2026-08-12 13:17:54| 253.4|  0.3|INFORM|Transaction #322 was successfully committed
2026-08-12 13:17:54| 253.7|  0.3|INFORM|Transaction #323 was successfully committed
2026-08-12 13:17:55| 254.1|  0.4|INFORM|Transaction #324 was successfully committed
2026-08-12 13:17:55| 254.4|  0.3|INFORM|Transaction #325 was successfully committed
2026-08-12 13:17:55| 254.7|  0.3|INFORM|Transaction #326 was successfully committed
2026-08-12 13:17:56| 255.0|  0.3|INFORM|Transaction #327 was successfully committed
2026-08-12 13:17:56| 255.4|  0.4|INFORM|Transaction #328 was successfully committed
2026-08-12 13:17:56| 255.7|  0.3|INFORM|Transaction #329 was successfully committed
2026-08-12 13:17:57| 256.1|  0.4|INFORM|Transaction #330 was successfully committed
2026-08-12 13:17:57| 256.4|  0.3|INFORM|Transaction #331 was successfully committed
2026-08-12 13:17:57| 256.7|  0.3|INFORM|Transaction #332 was successfully committed
2026-08-12 13:17:57| 256.8|  0.1|INFORM|MULTI_WRITER writer: 30,030 of 97,769 features written
2026-08-12 13:17:58| 257.1|  0.3|INFORM|Transaction #333 was successfully committed
2026-08-12 13:17:58| 257.4|  0.3|INFORM|Transaction #334 was successfully committed
2026-08-12 13:17:58| 257.7|  0.3|INFORM|Transaction #335 was successfully committed
2026-08-12 13:17:59| 258.1|  0.4|INFORM|Transaction #336 was successfully committed
2026-08-12 13:17:59| 258.4|  0.3|INFORM|Transaction #337 was successfully committed
2026-08-12 13:17:59| 258.7|  0.3|INFORM|Transaction #338 was successfully committed
2026-08-12 13:18:00| 259.1|  0.4|INFORM|Transaction #339 was successfully committed
2026-08-12 13:18:00| 259.4|  0.3|INFORM|Transaction #340 was successfully committed
2026-08-12 13:18:00| 259.7|  0.3|INFORM|Transaction #341 was successfully committed
2026-08-12 13:18:01| 260.0|  0.3|INFORM|Transaction #342 was successfully committed
2026-08-12 13:18:01| 260.4|  0.4|INFORM|Transaction #343 was successfully committed
2026-08-12 13:18:01| 260.8|  0.4|INFORM|Transaction #344 was successfully committed
2026-08-12 13:18:02| 261.1|  0.3|INFORM|Transaction #345 was successfully committed
2026-08-12 13:18:02| 261.4|  0.3|INFORM|Transaction #346 was successfully committed
2026-08-12 13:18:02| 261.7|  0.3|INFORM|Transaction #347 was successfully committed
2026-08-12 13:18:02| 261.8|  0.1|INFORM|MULTI_WRITER writer: 45,086 of 97,769 features written
2026-08-12 13:18:03| 262.0|  0.2|INFORM|Transaction #348 was successfully committed
2026-08-12 13:18:03| 262.4|  0.4|INFORM|Transaction #349 was successfully committed
2026-08-12 13:18:03| 262.7|  0.3|INFORM|Transaction #350 was successfully committed
2026-08-12 13:18:04| 263.0|  0.3|INFORM|Transaction #351 was successfully committed
2026-08-12 13:18:04| 263.3|  0.3|INFORM|Transaction #352 was successfully committed
2026-08-12 13:18:04| 263.7|  0.4|INFORM|Transaction #353 was successfully committed
2026-08-12 13:18:05| 264.1|  0.4|INFORM|Transaction #354 was successfully committed
2026-08-12 13:18:05| 264.3|  0.2|INFORM|Transaction #355 was successfully committed
2026-08-12 13:18:05| 264.6|  0.3|INFORM|Transaction #356 was successfully committed
2026-08-12 13:18:06| 265.0|  0.4|INFORM|Transaction #357 was successfully committed
2026-08-12 13:18:06| 265.3|  0.3|INFORM|Transaction #358 was successfully committed
2026-08-12 13:18:06| 265.6|  0.3|INFORM|Transaction #359 was successfully committed
2026-08-12 13:18:07| 266.0|  0.4|INFORM|Transaction #360 was successfully committed
2026-08-12 13:18:07| 266.3|  0.3|INFORM|Transaction #361 was successfully committed
2026-08-12 13:18:07| 266.6|  0.3|INFORM|Transaction #362 was successfully committed
2026-08-12 13:18:07| 266.7|  0.1|INFORM|MULTI_WRITER writer: 60,156 of 97,769 features written
2026-08-12 13:18:08| 267.0|  0.3|INFORM|Transaction #363 was successfully committed
2026-08-12 13:18:08| 267.3|  0.3|INFORM|Transaction #364 was successfully committed
2026-08-12 13:18:08| 267.7|  0.4|INFORM|Transaction #365 was successfully committed
2026-08-12 13:18:09| 268.0|  0.3|INFORM|Transaction #366 was successfully committed
2026-08-12 13:18:09| 268.3|  0.3|INFORM|Transaction #367 was successfully committed
2026-08-12 13:18:09| 268.7|  0.4|INFORM|Transaction #368 was successfully committed
2026-08-12 13:18:10| 269.0|  0.3|INFORM|Transaction #369 was successfully committed
2026-08-12 13:18:10| 269.3|  0.3|INFORM|Transaction #370 was successfully committed
2026-08-12 13:18:10| 269.6|  0.3|INFORM|Transaction #371 was successfully committed
2026-08-12 13:18:11| 269.9|  0.3|INFORM|Transaction #372 was successfully committed
2026-08-12 13:18:11| 270.3|  0.4|INFORM|Transaction #373 was successfully committed
2026-08-12 13:18:11| 270.6|  0.3|INFORM|Transaction #374 was successfully committed
2026-08-12 13:18:12| 271.0|  0.4|INFORM|Transaction #375 was successfully committed
2026-08-12 13:18:12| 271.3|  0.3|INFORM|Transaction #376 was successfully committed
2026-08-12 13:18:12| 271.7|  0.4|INFORM|Transaction #377 was successfully committed
2026-08-12 13:18:12| 271.8|  0.1|INFORM|MULTI_WRITER writer: 75,217 of 97,769 features written
2026-08-12 13:18:13| 272.0|  0.2|INFORM|Transaction #378 was successfully committed
2026-08-12 13:18:13| 272.3|  0.3|INFORM|Transaction #379 was successfully committed
2026-08-12 13:18:13| 272.7|  0.4|INFORM|Transaction #380 was successfully committed
2026-08-12 13:18:14| 273.0|  0.3|INFORM|Transaction #381 was successfully committed
2026-08-12 13:18:14| 273.3|  0.3|INFORM|Transaction #382 was successfully committed
2026-08-12 13:18:14| 273.6|  0.3|INFORM|Transaction #383 was successfully committed
2026-08-12 13:18:15| 273.9|  0.3|INFORM|Transaction #384 was successfully committed
2026-08-12 13:18:15| 274.3|  0.4|INFORM|Transaction #385 was successfully committed
2026-08-12 13:18:15| 274.6|  0.3|INFORM|Transaction #386 was successfully committed
2026-08-12 13:18:15| 274.9|  0.3|INFORM|Transaction #387 was successfully committed
2026-08-12 13:18:16| 275.2|  0.3|INFORM|Transaction #388 was successfully committed
2026-08-12 13:18:16| 275.6|  0.4|INFORM|Transaction #389 was successfully committed
2026-08-12 13:18:16| 275.9|  0.3|INFORM|Transaction #390 was successfully committed
2026-08-12 13:18:17| 276.2|  0.3|INFORM|Transaction #391 was successfully committed
2026-08-12 13:18:17| 276.6|  0.4|INFORM|Transaction #392 was successfully committed
2026-08-12 13:18:17| 276.8|  0.2|INFORM|MULTI_WRITER writer: 90,296 of 97,769 features written
2026-08-12 13:18:17| 277.0|  0.2|INFORM|Transaction #393 was successfully committed
2026-08-12 13:18:18| 277.3|  0.3|INFORM|Transaction #394 was successfully committed
2026-08-12 13:18:18| 277.6|  0.3|INFORM|Transaction #395 was successfully committed
2026-08-12 13:18:18| 278.0|  0.4|INFORM|Transaction #396 was successfully committed
2026-08-12 13:18:19| 278.3|  0.3|INFORM|Transaction #397 was successfully committed
2026-08-12 13:18:19| 278.6|  0.3|INFORM|Transaction #398 was successfully committed
2026-08-12 13:18:19| 279.0|  0.4|INFORM|Transaction #399 was successfully committed
2026-08-12 13:18:20| 279.3|  0.3|INFORM|MULTI_WRITER writer: 97,769 of 97,769 features written
2026-08-12 13:18:20| 279.6|  0.3|INFORM|FeatureMerger (ReferenceFactory): Processing requestors: Completed 6.18% of intermediate processing
2026-08-12 13:18:21| 280.2|  0.6|INFORM|FFS writer: Writing 100000 feature(s) to file 'C:\Users\ASHTON~1.EAV\AppData\Local\Temp\wb-cache-LUS_PostProcessing_V01_ACE_25062-pwVrLI\Main_FeatureMerger -1 9 fo 0 MERGED  0  3bb0bff46fb22b1870d2b0394c88e7443c1c5b53_4.fts'
2026-08-12 13:18:21| 280.4|  0.2|INFORM|Spatial Index: Adding 100000 features
2026-08-12 13:18:21| 280.4|  0.0|INFORM|AttributeManager_OUTPUT Feature Recorder -1 2147614758 (RecorderFactory): Splitting bulk features into individual features
2026-08-12 13:18:21| 280.4|  0.0|INFORM|Transaction #400 was successfully committed
2026-08-12 13:18:22| 281.0|  0.6|INFORM|FFS writer: Writing 99177 feature(s) to file 'C:\Users\ASHTON~1.EAV\AppData\Local\Temp\wb-cache-LUS_PostProcessing_V01_ACE_25062-pwVrLI\Main_AttributeManager -1 38 fo 0 OUTPUT  0  71ef952938b38eff2ab0aa29d9504d1788ebbaa7_7.fts'
2026-08-12 13:18:22| 281.2|  0.2|INFORM|Spatial Index: Adding 99177 features
2026-08-12 13:18:22| 281.2|  0.0|INFORM|MULTI_WRITER writer: Splitting bulk features into individual features
2026-08-12 13:18:22| 281.3|  0.1|INFORM|Transaction #401 was successfully committed
2026-08-12 13:18:22| 281.6|  0.3|INFORM|Transaction #402 was successfully committed
2026-08-12 13:18:22| 281.9|  0.3|INFORM|Transaction #403 was successfully committed
2026-08-12 13:18:23| 282.2|  0.3|INFORM|Transaction #404 was successfully committed
2026-08-12 13:18:23| 282.5|  0.3|INFORM|Transaction #405 was successfully committed
2026-08-12 13:18:23| 282.9|  0.4|INFORM|Transaction #406 was successfully committed
2026-08-12 13:18:24| 283.3|  0.4|INFORM|Transaction #407 was successfully committed
2026-08-12 13:18:24| 283.6|  0.3|INFORM|Transaction #408 was successfully committed
2026-08-12 13:18:24| 283.9|  0.3|INFORM|Transaction #409 was successfully committed
2026-08-12 13:18:25| 284.3|  0.4|INFORM|Transaction #410 was successfully committed
2026-08-12 13:18:25| 284.6|  0.3|INFORM|Transaction #411 was successfully committed
2026-08-12 13:18:25| 284.9|  0.3|INFORM|Transaction #412 was successfully committed
2026-08-12 13:18:26| 285.2|  0.3|INFORM|Transaction #413 was successfully committed
2026-08-12 13:18:26| 285.6|  0.4|INFORM|Transaction #414 was successfully committed
2026-08-12 13:18:26| 286.0|  0.4|INFORM|Transaction #415 was successfully committed
2026-08-12 13:18:27| 286.2|  0.2|INFORM|MULTI_WRITER writer: 14,940 of 99,177 features written
2026-08-12 13:18:27| 286.3|  0.1|INFORM|Transaction #416 was successfully committed
2026-08-12 13:18:27| 286.6|  0.3|INFORM|Transaction #417 was successfully committed
2026-08-12 13:18:27| 287.0|  0.4|INFORM|Transaction #418 was successfully committed
2026-08-12 13:18:28| 287.3|  0.3|INFORM|Transaction #419 was successfully committed
2026-08-12 13:18:28| 287.6|  0.3|INFORM|Transaction #420 was successfully committed
2026-08-12 13:18:28| 287.9|  0.3|INFORM|Transaction #421 was successfully committed
2026-08-12 13:18:29| 288.3|  0.4|INFORM|Transaction #422 was successfully committed
2026-08-12 13:18:29| 288.6|  0.3|INFORM|Transaction #423 was successfully committed
2026-08-12 13:18:29| 288.9|  0.3|INFORM|Transaction #424 was successfully committed
2026-08-12 13:18:30| 289.2|  0.3|INFORM|Transaction #425 was successfully committed
2026-08-12 13:18:30| 289.6|  0.4|INFORM|Transaction #426 was successfully committed
2026-08-12 13:18:30| 289.9|  0.3|INFORM|Transaction #427 was successfully committed
2026-08-12 13:18:31| 290.3|  0.4|INFORM|Transaction #428 was successfully committed
2026-08-12 13:18:31| 290.6|  0.3|INFORM|Transaction #429 was successfully committed
2026-08-12 13:18:31| 290.9|  0.3|INFORM|Transaction #430 was successfully committed
2026-08-12 13:18:32| 291.2|  0.3|INFORM|MULTI_WRITER writer: 29,969 of 99,177 features written
2026-08-12 13:18:32| 291.3|  0.1|INFORM|Transaction #431 was successfully committed
2026-08-12 13:18:32| 291.6|  0.3|INFORM|Transaction #432 was successfully committed
2026-08-12 13:18:32| 291.9|  0.3|INFORM|Transaction #433 was successfully committed
2026-08-12 13:18:33| 292.2|  0.3|INFORM|Transaction #434 was successfully committed
2026-08-12 13:18:33| 292.6|  0.4|INFORM|Transaction #435 was successfully committed
2026-08-12 13:18:33| 292.9|  0.3|INFORM|Transaction #436 was successfully committed
2026-08-12 13:18:34| 293.2|  0.3|INFORM|Transaction #437 was successfully committed
2026-08-12 13:18:34| 293.5|  0.3|INFORM|Transaction #438 was successfully committed
2026-08-12 13:18:34| 293.9|  0.4|INFORM|Transaction #439 was successfully committed
2026-08-12 13:18:35| 294.2|  0.3|INFORM|Transaction #440 was successfully committed
2026-08-12 13:18:35| 294.6|  0.4|INFORM|Transaction #441 was successfully committed
2026-08-12 13:18:35| 295.0|  0.4|INFORM|Transaction #442 was successfully committed
2026-08-12 13:18:36| 295.3|  0.3|INFORM|Transaction #443 was successfully committed
2026-08-12 13:18:36| 295.6|  0.3|INFORM|Transaction #444 was successfully committed
2026-08-12 13:18:36| 295.9|  0.3|INFORM|Transaction #445 was successfully committed
2026-08-12 13:18:37| 296.2|  0.3|INFORM|MULTI_WRITER writer: 44,935 of 99,177 features written
2026-08-12 13:18:37| 296.2|  0.0|INFORM|Transaction #446 was successfully committed
2026-08-12 13:18:37| 296.6|  0.4|INFORM|Transaction #447 was successfully committed
2026-08-12 13:18:37| 296.9|  0.3|INFORM|Transaction #448 was successfully committed
2026-08-12 13:18:38| 297.2|  0.3|INFORM|Transaction #449 was successfully committed
2026-08-12 13:18:38| 297.6|  0.4|INFORM|Transaction #450 was successfully committed
2026-08-12 13:18:38| 297.9|  0.3|INFORM|Transaction #451 was successfully committed
2026-08-12 13:18:39| 298.2|  0.3|INFORM|Transaction #452 was successfully committed
2026-08-12 13:18:39| 298.5|  0.3|INFORM|Transaction #453 was successfully committed
2026-08-12 13:18:39| 298.9|  0.4|INFORM|Transaction #454 was successfully committed
2026-08-12 13:18:40| 299.2|  0.3|INFORM|Transaction #455 was successfully committed
2026-08-12 13:18:40| 299.5|  0.3|INFORM|Transaction #456 was successfully committed
2026-08-12 13:18:40| 299.9|  0.4|INFORM|Transaction #457 was successfully committed
2026-08-12 13:18:41| 300.2|  0.3|INFORM|Transaction #458 was successfully committed
2026-08-12 13:18:41| 300.5|  0.3|INFORM|Transaction #459 was successfully committed
2026-08-12 13:18:41| 300.8|  0.3|INFORM|Transaction #460 was successfully committed
2026-08-12 13:18:42| 301.1|  0.3|INFORM|MULTI_WRITER writer: 60,006 of 99,177 features written
2026-08-12 13:18:42| 301.2|  0.1|INFORM|Transaction #461 was successfully committed
2026-08-12 13:18:42| 301.5|  0.3|INFORM|Transaction #462 was successfully committed
2026-08-12 13:18:42| 301.8|  0.3|INFORM|Transaction #463 was successfully committed
2026-08-12 13:18:43| 302.2|  0.4|INFORM|Transaction #464 was successfully committed
2026-08-12 13:18:43| 302.5|  0.3|INFORM|Transaction #465 was successfully committed
2026-08-12 13:18:43| 302.8|  0.3|INFORM|Transaction #466 was successfully committed
2026-08-12 13:18:44| 303.1|  0.3|INFORM|Transaction #467 was successfully committed
2026-08-12 13:18:44| 303.4|  0.3|INFORM|Transaction #468 was successfully committed
2026-08-12 13:18:44| 303.9|  0.5|INFORM|Transaction #469 was successfully committed
2026-08-12 13:18:45| 304.2|  0.3|INFORM|Transaction #470 was successfully committed
2026-08-12 13:18:45| 304.5|  0.3|INFORM|Transaction #471 was successfully committed
2026-08-12 13:18:45| 304.8|  0.3|INFORM|Transaction #472 was successfully committed
2026-08-12 13:18:46| 305.2|  0.4|INFORM|Transaction #473 was successfully committed
2026-08-12 13:18:46| 305.5|  0.3|INFORM|Transaction #474 was successfully committed
2026-08-12 13:18:46| 305.8|  0.3|INFORM|Transaction #475 was successfully committed
2026-08-12 13:18:47| 306.1|  0.3|INFORM|MULTI_WRITER writer: 75,048 of 99,177 features written
2026-08-12 13:18:47| 306.2|  0.1|INFORM|Transaction #476 was successfully committed
2026-08-12 13:18:47| 306.5|  0.3|INFORM|Transaction #477 was successfully committed
2026-08-12 13:18:47| 306.8|  0.3|INFORM|Transaction #478 was successfully committed
2026-08-12 13:18:48| 307.1|  0.3|INFORM|Transaction #479 was successfully committed
2026-08-12 13:18:48| 307.4|  0.3|INFORM|Transaction #480 was successfully committed
2026-08-12 13:18:48| 307.8|  0.4|INFORM|Transaction #481 was successfully committed
2026-08-12 13:18:49| 308.2|  0.4|INFORM|Transaction #482 was successfully committed
2026-08-12 13:18:49| 308.5|  0.3|INFORM|Transaction #483 was successfully committed
2026-08-12 13:18:49| 308.9|  0.4|INFORM|Transaction #484 was successfully committed
2026-08-12 13:18:50| 309.1|  0.2|INFORM|Transaction #485 was successfully committed
2026-08-12 13:18:50| 309.5|  0.4|INFORM|Transaction #486 was successfully committed
2026-08-12 13:18:50| 309.8|  0.3|INFORM|Transaction #487 was successfully committed
2026-08-12 13:18:51| 310.1|  0.3|INFORM|Transaction #488 was successfully committed
2026-08-12 13:18:51| 310.5|  0.4|INFORM|Transaction #489 was successfully committed
2026-08-12 13:18:51| 310.8|  0.3|INFORM|Transaction #490 was successfully committed
2026-08-12 13:18:52| 311.1|  0.3|INFORM|MULTI_WRITER writer: 90,007 of 99,177 features written
2026-08-12 13:18:52| 311.1|  0.0|INFORM|Transaction #491 was successfully committed
2026-08-12 13:18:52| 311.5|  0.4|INFORM|Transaction #492 was successfully committed
2026-08-12 13:18:52| 311.9|  0.4|INFORM|Transaction #493 was successfully committed
2026-08-12 13:18:53| 312.2|  0.3|INFORM|Transaction #494 was successfully committed
2026-08-12 13:18:53| 312.5|  0.3|INFORM|Transaction #495 was successfully committed
2026-08-12 13:18:53| 312.9|  0.4|INFORM|Transaction #496 was successfully committed
2026-08-12 13:18:54| 313.2|  0.3|INFORM|Transaction #497 was successfully committed
2026-08-12 13:18:54| 313.5|  0.3|INFORM|Transaction #498 was successfully committed
2026-08-12 13:18:54| 313.8|  0.3|INFORM|Transaction #499 was successfully committed
2026-08-12 13:18:55| 314.1|  0.3|INFORM|MULTI_WRITER writer: 99,177 of 99,177 features written
2026-08-12 13:18:55| 314.4|  0.3|INFORM|FeatureMerger (ReferenceFactory): Processing requestors: Completed 7.72% of intermediate processing
2026-08-12 13:18:56| 315.2|  0.8|INFORM|FFS writer: Writing 99198 feature(s) to file 'C:\Users\ASHTON~1.EAV\AppData\Local\Temp\wb-cache-LUS_PostProcessing_V01_ACE_25062-pwVrLI\Main_FeatureMerger -1 9 fo 0 MERGED  0  3bb0bff46fb22b1870d2b0394c88e7443c1c5b53_5.fts'
2026-08-12 13:18:56| 315.2|  0.0|INFORM|Spatial Index: Adding 99198 features
2026-08-12 13:18:56| 315.3|  0.1|INFORM|AttributeManager_OUTPUT Feature Recorder -1 2147614758 (RecorderFactory): Splitting bulk features into individual features
2026-08-12 13:18:56| 315.3|  0.0|INFORM|Transaction #500 was successfully committed
2026-08-12 13:18:57| 315.9|  0.6|INFORM|FFS writer: Writing 98290 feature(s) to file 'C:\Users\ASHTON~1.EAV\AppData\Local\Temp\wb-cache-LUS_PostProcessing_V01_ACE_25062-pwVrLI\Main_AttributeManager -1 38 fo 0 OUTPUT  0  71ef952938b38eff2ab0aa29d9504d1788ebbaa7_8.fts'
2026-08-12 13:18:57| 316.1|  0.2|INFORM|Spatial Index: Adding 98290 features
2026-08-12 13:18:57| 316.1|  0.0|INFORM|MULTI_WRITER writer: Splitting bulk features into individual features
2026-08-12 13:18:57| 316.2|  0.1|INFORM|Transaction #501 was successfully committed
2026-08-12 13:18:57| 316.5|  0.3|INFORM|Transaction #502 was successfully committed
2026-08-12 13:18:58| 316.8|  0.3|INFORM|Transaction #503 was successfully committed
2026-08-12 13:18:58| 317.2|  0.4|INFORM|Transaction #504 was successfully committed
2026-08-12 13:18:58| 317.5|  0.3|INFORM|Transaction #505 was successfully committed
2026-08-12 13:18:59| 317.9|  0.4|INFORM|Transaction #506 was successfully committed
2026-08-12 13:18:59| 318.2|  0.3|INFORM|Transaction #507 was successfully committed
2026-08-12 13:18:59| 318.6|  0.4|INFORM|Transaction #508 was successfully committed
2026-08-12 13:19:00| 318.9|  0.3|INFORM|Transaction #509 was successfully committed
2026-08-12 13:19:00| 319.2|  0.3|INFORM|Transaction #510 was successfully committed
2026-08-12 13:19:00| 319.5|  0.3|INFORM|Transaction #511 was successfully committed
2026-08-12 13:19:01| 319.8|  0.3|INFORM|Transaction #512 was successfully committed
2026-08-12 13:19:01| 320.2|  0.4|INFORM|Transaction #513 was successfully committed
2026-08-12 13:19:01| 320.5|  0.3|INFORM|Transaction #514 was successfully committed
2026-08-12 13:19:02| 320.9|  0.4|INFORM|Transaction #515 was successfully committed
2026-08-12 13:19:02| 321.2|  0.3|INFORM|MULTI_WRITER writer: 14,986 of 98,290 features written
2026-08-12 13:19:02| 321.2|  0.0|INFORM|Transaction #516 was successfully committed
2026-08-12 13:19:02| 321.6|  0.4|INFORM|Transaction #517 was successfully committed
2026-08-12 13:19:02| 321.9|  0.3|INFORM|Transaction #518 was successfully committed
2026-08-12 13:19:03| 322.2|  0.3|INFORM|Transaction #519 was successfully committed
2026-08-12 13:19:03| 322.5|  0.3|INFORM|Transaction #520 was successfully committed
2026-08-12 13:19:03| 322.8|  0.3|INFORM|Transaction #521 was successfully committed
2026-08-12 13:19:04| 323.2|  0.4|INFORM|Transaction #522 was successfully committed
2026-08-12 13:19:04| 323.5|  0.3|INFORM|Transaction #523 was successfully committed
2026-08-12 13:19:04| 323.8|  0.3|INFORM|Transaction #524 was successfully committed
2026-08-12 13:19:05| 324.1|  0.3|INFORM|Transaction #525 was successfully committed
2026-08-12 13:19:05| 324.5|  0.4|INFORM|Transaction #526 was successfully committed
2026-08-12 13:19:05| 324.8|  0.3|INFORM|Transaction #527 was successfully committed
2026-08-12 13:19:06| 325.2|  0.4|INFORM|Transaction #528 was successfully committed
2026-08-12 13:19:06| 325.6|  0.4|INFORM|Transaction #529 was successfully committed
2026-08-12 13:19:06| 325.8|  0.2|INFORM|Transaction #530 was successfully committed
2026-08-12 13:19:07| 326.1|  0.3|INFORM|MULTI_WRITER writer: 30,001 of 98,290 features written
2026-08-12 13:19:07| 326.2|  0.1|INFORM|Transaction #531 was successfully committed
2026-08-12 13:19:07| 326.5|  0.3|INFORM|Transaction #532 was successfully committed
2026-08-12 13:19:07| 326.8|  0.3|INFORM|Transaction #533 was successfully committed
2026-08-12 13:19:08| 327.2|  0.4|INFORM|Transaction #534 was successfully committed
2026-08-12 13:19:08| 327.5|  0.3|INFORM|Transaction #535 was successfully committed
2026-08-12 13:19:08| 327.8|  0.3|INFORM|Transaction #536 was successfully committed
2026-08-12 13:19:09| 328.2|  0.4|INFORM|Transaction #537 was successfully committed
2026-08-12 13:19:09| 328.5|  0.3|INFORM|Transaction #538 was successfully committed
2026-08-12 13:19:09| 328.8|  0.3|INFORM|Transaction #539 was successfully committed
2026-08-12 13:19:10| 329.2|  0.4|INFORM|Transaction #540 was successfully committed
2026-08-12 13:19:10| 329.5|  0.3|INFORM|Transaction #541 was successfully committed
2026-08-12 13:19:11| 329.8|  0.3|INFORM|Transaction #542 was successfully committed
2026-08-12 13:19:11| 330.2|  0.4|INFORM|Transaction #543 was successfully committed
2026-08-12 13:19:11| 330.5|  0.3|INFORM|Transaction #544 was successfully committed
2026-08-12 13:19:11| 330.9|  0.4|INFORM|Transaction #545 was successfully committed
2026-08-12 13:19:12| 331.1|  0.2|INFORM|MULTI_WRITER writer: 45,014 of 98,290 features written
2026-08-12 13:19:12| 331.2|  0.1|INFORM|Transaction #546 was successfully committed
2026-08-12 13:19:12| 331.5|  0.3|INFORM|Transaction #547 was successfully committed
2026-08-12 13:19:12| 331.8|  0.3|INFORM|Transaction #548 was successfully committed
2026-08-12 13:19:13| 332.1|  0.3|INFORM|Transaction #549 was successfully committed
2026-08-12 13:19:13| 332.4|  0.3|INFORM|Transaction #550 was successfully committed
2026-08-12 13:19:13| 332.8|  0.4|INFORM|Transaction #551 was successfully committed
2026-08-12 13:19:14| 333.1|  0.3|INFORM|Transaction #552 was successfully committed
2026-08-12 13:19:14| 333.5|  0.4|INFORM|Transaction #553 was successfully committed
2026-08-12 13:19:14| 333.8|  0.3|INFORM|Transaction #554 was successfully committed
2026-08-12 13:19:15| 334.1|  0.3|INFORM|Transaction #555 was successfully committed
2026-08-12 13:19:15| 334.4|  0.3|INFORM|Transaction #556 was successfully committed
2026-08-12 13:19:15| 334.7|  0.3|INFORM|Transaction #557 was successfully committed
2026-08-12 13:19:16| 335.1|  0.4|INFORM|Transaction #558 was successfully committed
2026-08-12 13:19:16| 335.4|  0.3|INFORM|Transaction #559 was successfully committed
2026-08-12 13:19:16| 335.8|  0.4|INFORM|Transaction #560 was successfully committed
2026-08-12 13:19:17| 336.1|  0.3|INFORM|MULTI_WRITER writer: 60,001 of 98,290 features written
2026-08-12 13:19:17| 336.1|  0.0|INFORM|Transaction #561 was successfully committed
2026-08-12 13:19:17| 336.4|  0.3|INFORM|Transaction #562 was successfully committed
2026-08-12 13:19:18| 336.8|  0.4|INFORM|Transaction #563 was successfully committed
2026-08-12 13:19:18| 337.1|  0.3|INFORM|Transaction #564 was successfully committed
2026-08-12 13:19:18| 337.4|  0.3|INFORM|Transaction #565 was successfully committed
2026-08-12 13:19:19| 337.7|  0.3|INFORM|Transaction #566 was successfully committed
2026-08-12 13:19:19| 338.1|  0.4|INFORM|Transaction #567 was successfully committed
2026-08-12 13:19:19| 338.4|  0.3|INFORM|Transaction #568 was successfully committed
2026-08-12 13:19:20| 338.7|  0.3|INFORM|Transaction #569 was successfully committed
2026-08-12 13:19:20| 339.1|  0.4|INFORM|Transaction #570 was successfully committed
2026-08-12 13:19:20| 339.4|  0.3|INFORM|Transaction #571 was successfully committed
2026-08-12 13:19:21| 339.7|  0.3|INFORM|Transaction #572 was successfully committed
2026-08-12 13:19:21| 340.1|  0.4|INFORM|Transaction #573 was successfully committed
2026-08-12 13:19:21| 340.4|  0.3|INFORM|Transaction #574 was successfully committed
2026-08-12 13:19:22| 340.7|  0.3|INFORM|Transaction #575 was successfully committed
2026-08-12 13:19:22| 341.1|  0.4|INFORM|MULTI_WRITER writer: 74,968 of 98,290 features written
2026-08-12 13:19:22| 341.2|  0.1|INFORM|Transaction #576 was successfully committed
2026-08-12 13:19:22| 341.5|  0.3|INFORM|Transaction #577 was successfully committed
2026-08-12 13:19:23| 341.8|  0.3|INFORM|Transaction #578 was successfully committed
2026-08-12 13:19:23| 342.1|  0.3|INFORM|Transaction #579 was successfully committed
2026-08-12 13:19:23| 342.4|  0.3|INFORM|Transaction #580 was successfully committed
2026-08-12 13:19:24| 342.7|  0.3|INFORM|Transaction #581 was successfully committed
2026-08-12 13:19:24| 343.1|  0.4|INFORM|Transaction #582 was successfully committed
2026-08-12 13:19:24| 343.4|  0.3|INFORM|Transaction #583 was successfully committed
2026-08-12 13:19:25| 343.7|  0.3|INFORM|Transaction #584 was successfully committed
2026-08-12 13:19:25| 344.0|  0.3|INFORM|Transaction #585 was successfully committed
2026-08-12 13:19:25| 344.4|  0.4|INFORM|Transaction #586 was successfully committed
2026-08-12 13:19:26| 344.8|  0.4|INFORM|Transaction #587 was successfully committed
2026-08-12 13:19:26| 345.1|  0.3|INFORM|Transaction #588 was successfully committed
2026-08-12 13:19:26| 345.5|  0.4|INFORM|Transaction #589 was successfully committed
2026-08-12 13:19:27| 345.8|  0.3|INFORM|Transaction #590 was successfully committed
2026-08-12 13:19:27| 346.1|  0.3|INFORM|MULTI_WRITER writer: 89,987 of 98,290 features written
2026-08-12 13:19:27| 346.1|  0.0|INFORM|Transaction #591 was successfully committed
2026-08-12 13:19:27| 346.5|  0.4|INFORM|Transaction #592 was successfully committed
2026-08-12 13:19:27| 346.8|  0.3|INFORM|Transaction #593 was successfully committed
2026-08-12 13:19:28| 347.1|  0.3|INFORM|Transaction #594 was successfully committed
2026-08-12 13:19:28| 347.4|  0.3|INFORM|Transaction #595 was successfully committed
2026-08-12 13:19:28| 347.7|  0.3|INFORM|Transaction #596 was successfully committed
2026-08-12 13:19:29| 348.0|  0.3|INFORM|Transaction #597 was successfully committed
2026-08-12 13:19:29| 348.4|  0.4|INFORM|Transaction #598 was successfully committed
2026-08-12 13:19:29| 348.7|  0.3|INFORM|Transaction #599 was successfully committed
2026-08-12 13:19:30| 348.7|  0.0|INFORM|MULTI_WRITER writer: 98,290 of 98,290 features written
2026-08-12 13:19:30| 349.7|  1.0|INFORM|FFS writer: Writing 96553 feature(s) to file 'C:\Users\ASHTON~1.EAV\AppData\Local\Temp\wb-cache-LUS_PostProcessing_V01_ACE_25062-pwVrLI\Main_FeatureMerger -1 9 fo 0 MERGED  0  3bb0bff46fb22b1870d2b0394c88e7443c1c5b53_6.fts'
2026-08-12 13:19:31| 349.8|  0.1|INFORM|Spatial Index: Adding 96553 features
2026-08-12 13:19:31| 350.1|  0.3|INFORM|FFS writer: Writing 89262 feature(s) to file 'C:\Users\ASHTON~1.EAV\AppData\Local\Temp\wb-cache-LUS_PostProcessing_V01_ACE_25062-pwVrLI\Main_AttributeManager -1 38 fo 0 OUTPUT  0  71ef952938b38eff2ab0aa29d9504d1788ebbaa7_9.fts'
2026-08-12 13:19:31| 350.2|  0.1|INFORM|Spatial Index: Adding 89262 features
2026-08-12 13:19:31| 350.3|  0.1|INFORM|MULTI_WRITER writer: Splitting bulk features into individual features
2026-08-12 13:19:31| 350.5|  0.2|INFORM|Transaction #600 was successfully committed
2026-08-12 13:19:32| 350.9|  0.4|INFORM|Transaction #601 was successfully committed
2026-08-12 13:19:32| 351.2|  0.3|INFORM|Transaction #602 was successfully committed
2026-08-12 13:19:32| 351.5|  0.3|INFORM|Transaction #603 was successfully committed
2026-08-12 13:19:33| 351.9|  0.4|INFORM|Transaction #604 was successfully committed
2026-08-12 13:19:33| 352.2|  0.3|INFORM|Transaction #605 was successfully committed
2026-08-12 13:19:33| 352.6|  0.4|INFORM|Transaction #606 was successfully committed
2026-08-12 13:19:34| 352.9|  0.3|INFORM|Transaction #607 was successfully committed
2026-08-12 13:19:34| 353.3|  0.4|INFORM|Transaction #608 was successfully committed
2026-08-12 13:19:34| 353.6|  0.3|INFORM|Transaction #609 was successfully committed
2026-08-12 13:19:35| 353.9|  0.3|INFORM|Transaction #610 was successfully committed
2026-08-12 13:19:35| 354.2|  0.3|INFORM|Transaction #611 was successfully committed
2026-08-12 13:19:35| 354.6|  0.4|INFORM|Transaction #612 was successfully committed
2026-08-12 13:19:36| 354.9|  0.3|INFORM|Transaction #613 was successfully committed
2026-08-12 13:19:36| 355.2|  0.3|INFORM|Transaction #614 was successfully committed
2026-08-12 13:19:36| 355.3|  0.1|INFORM|MULTI_WRITER writer: 15,018 of 89,262 features written
2026-08-12 13:19:36| 355.5|  0.2|INFORM|Transaction #615 was successfully committed
2026-08-12 13:19:37| 355.9|  0.4|INFORM|Transaction #616 was successfully committed
2026-08-12 13:19:37| 356.2|  0.3|INFORM|Transaction #617 was successfully committed
2026-08-12 13:19:37| 356.5|  0.3|INFORM|Transaction #618 was successfully committed
2026-08-12 13:19:38| 356.9|  0.4|INFORM|Transaction #619 was successfully committed
2026-08-12 13:19:38| 357.2|  0.3|INFORM|Transaction #620 was successfully committed
2026-08-12 13:19:38| 357.5|  0.3|INFORM|Transaction #621 was successfully committed
2026-08-12 13:19:39| 357.8|  0.3|INFORM|Transaction #622 was successfully committed
2026-08-12 13:19:39| 358.2|  0.4|INFORM|Transaction #623 was successfully committed
2026-08-12 13:19:39| 358.5|  0.3|INFORM|Transaction #624 was successfully committed
2026-08-12 13:19:40| 358.9|  0.4|INFORM|Transaction #625 was successfully committed
2026-08-12 13:19:40| 359.2|  0.3|INFORM|Transaction #626 was successfully committed
2026-08-12 13:19:40| 359.5|  0.3|INFORM|Transaction #627 was successfully committed
2026-08-12 13:19:41| 359.8|  0.3|INFORM|Transaction #628 was successfully committed
2026-08-12 13:19:41| 360.2|  0.4|INFORM|Transaction #629 was successfully committed
2026-08-12 13:19:41| 360.3|  0.1|INFORM|MULTI_WRITER writer: 30,085 of 89,262 features written
2026-08-12 13:19:41| 360.6|  0.3|INFORM|Transaction #630 was successfully committed
2026-08-12 13:19:42| 360.9|  0.3|INFORM|Transaction #631 was successfully committed
2026-08-12 13:19:42| 361.2|  0.3|INFORM|Transaction #632 was successfully committed
2026-08-12 13:19:42| 361.5|  0.3|INFORM|Transaction #633 was successfully committed
2026-08-12 13:19:43| 361.9|  0.4|INFORM|Transaction #634 was successfully committed
2026-08-12 13:19:43| 362.2|  0.3|INFORM|Transaction #635 was successfully committed
2026-08-12 13:19:43| 362.5|  0.3|INFORM|Transaction #636 was successfully committed
2026-08-12 13:19:44| 362.9|  0.4|INFORM|Transaction #637 was successfully committed
2026-08-12 13:19:44| 363.2|  0.3|INFORM|Transaction #638 was successfully committed
2026-08-12 13:19:44| 363.5|  0.3|INFORM|Transaction #639 was successfully committed
2026-08-12 13:19:45| 363.9|  0.4|INFORM|Transaction #640 was successfully committed
2026-08-12 13:19:45| 364.2|  0.3|INFORM|Transaction #641 was successfully committed
2026-08-12 13:19:45| 364.5|  0.3|INFORM|Transaction #642 was successfully committed
2026-08-12 13:19:46| 364.8|  0.3|INFORM|Transaction #643 was successfully committed
2026-08-12 13:19:46| 365.1|  0.3|INFORM|Transaction #644 was successfully committed
2026-08-12 13:19:46| 365.3|  0.2|INFORM|MULTI_WRITER writer: 45,094 of 89,262 features written
2026-08-12 13:19:46| 365.6|  0.3|INFORM|Transaction #645 was successfully committed
2026-08-12 13:19:47| 365.9|  0.3|INFORM|Transaction #646 was successfully committed
2026-08-12 13:19:47| 366.2|  0.3|INFORM|Transaction #647 was successfully committed
2026-08-12 13:19:47| 366.6|  0.4|INFORM|Transaction #648 was successfully committed
2026-08-12 13:19:48| 366.9|  0.3|INFORM|Transaction #649 was successfully committed
2026-08-12 13:19:48| 367.2|  0.3|INFORM|Transaction #650 was successfully committed
2026-08-12 13:19:48| 367.6|  0.4|INFORM|Transaction #651 was successfully committed
2026-08-12 13:19:49| 367.9|  0.3|INFORM|Transaction #652 was successfully committed
2026-08-12 13:19:49| 368.2|  0.3|INFORM|Transaction #653 was successfully committed
2026-08-12 13:19:49| 368.5|  0.3|INFORM|Transaction #654 was successfully committed
2026-08-12 13:19:50| 368.8|  0.3|INFORM|Transaction #655 was successfully committed
2026-08-12 13:19:50| 369.2|  0.4|INFORM|Transaction #656 was successfully committed
2026-08-12 13:19:50| 369.5|  0.3|INFORM|Transaction #657 was successfully committed
2026-08-12 13:19:51| 369.8|  0.3|INFORM|Transaction #658 was successfully committed
2026-08-12 13:19:51| 370.1|  0.3|INFORM|Transaction #659 was successfully committed
2026-08-12 13:19:51| 370.2|  0.1|INFORM|MULTI_WRITER writer: 60,130 of 89,262 features written
2026-08-12 13:19:51| 370.5|  0.3|INFORM|Transaction #660 was successfully committed
2026-08-12 13:19:52| 370.9|  0.4|INFORM|Transaction #661 was successfully committed
2026-08-12 13:19:52| 371.2|  0.3|INFORM|Transaction #662 was successfully committed
2026-08-12 13:19:52| 371.5|  0.3|INFORM|Transaction #663 was successfully committed
2026-08-12 13:19:53| 371.9|  0.4|INFORM|Transaction #664 was successfully committed
2026-08-12 13:19:53| 372.2|  0.3|INFORM|Transaction #665 was successfully committed
2026-08-12 13:19:53| 372.5|  0.3|INFORM|Transaction #666 was successfully committed
2026-08-12 13:19:54| 372.8|  0.3|INFORM|Transaction #667 was successfully committed
2026-08-12 13:19:54| 373.1|  0.3|INFORM|Transaction #668 was successfully committed
2026-08-12 13:19:54| 373.5|  0.4|INFORM|Transaction #669 was successfully committed
2026-08-12 13:19:55| 373.8|  0.3|INFORM|Transaction #670 was successfully committed
2026-08-12 13:19:55| 374.1|  0.3|INFORM|Transaction #671 was successfully committed
2026-08-12 13:19:55| 374.4|  0.3|INFORM|Transaction #672 was successfully committed
2026-08-12 13:19:56| 374.9|  0.5|INFORM|Transaction #673 was successfully committed
2026-08-12 13:19:56| 375.2|  0.3|INFORM|Transaction #674 was successfully committed
2026-08-12 13:19:56| 375.3|  0.1|INFORM|MULTI_WRITER writer: 75,205 of 89,262 features written
2026-08-12 13:19:56| 375.5|  0.2|INFORM|Transaction #675 was successfully committed
2026-08-12 13:19:57| 375.9|  0.4|INFORM|Transaction #676 was successfully committed
2026-08-12 13:19:57| 376.2|  0.3|INFORM|Transaction #677 was successfully committed
2026-08-12 13:19:57| 376.5|  0.3|INFORM|Transaction #678 was successfully committed
2026-08-12 13:19:58| 376.8|  0.3|INFORM|Transaction #679 was successfully committed
2026-08-12 13:19:58| 377.1|  0.3|INFORM|Transaction #680 was successfully committed
2026-08-12 13:19:58| 377.5|  0.4|INFORM|Transaction #681 was successfully committed
2026-08-12 13:19:59| 377.8|  0.3|INFORM|Transaction #682 was successfully committed
2026-08-12 13:19:59| 378.1|  0.3|INFORM|Transaction #683 was successfully committed
2026-08-12 13:19:59| 378.4|  0.3|INFORM|Transaction #684 was successfully committed
2026-08-12 13:20:00| 378.8|  0.4|INFORM|Transaction #685 was successfully committed
2026-08-12 13:20:00| 379.1|  0.3|INFORM|Transaction #686 was successfully committed
2026-08-12 13:20:00| 379.4|  0.3|INFORM|Transaction #687 was successfully committed
2026-08-12 13:20:01| 379.7|  0.3|INFORM|Transaction #688 was successfully committed
2026-08-12 13:20:01| 379.9|  0.2|INFORM|MULTI_WRITER writer: 89,262 of 89,262 features written
2026-08-12 13:20:01| 380.2|  0.3|INFORM|AttributeManager (AttrSetFactory): Processed 89,263 of 96,553 features
2026-08-12 13:20:01| 380.2|  0.0|INFORM|AttributeManager (AttrSetFactory): Processed 96,553 of 96,553 features
2026-08-12 13:20:01| 380.2|  0.0|INFORM|FFS writer: Writing 7291 feature(s) to file 'C:\Users\ASHTON~1.EAV\AppData\Local\Temp\wb-cache-LUS_PostProcessing_V01_ACE_25062-pwVrLI\Main_AttributeManager -1 38 fo 0 OUTPUT  0  71ef952938b38eff2ab0aa29d9504d1788ebbaa7_10.fts'
2026-08-12 13:20:01| 380.2|  0.0|INFORM|Spatial Index: Adding 7291 features
2026-08-12 13:20:01| 380.2|  0.0|INFORM|MULTI_WRITER writer: Splitting bulk features into individual features
2026-08-12 13:20:01| 380.4|  0.2|INFORM|Transaction #689 was successfully committed
2026-08-12 13:20:02| 380.7|  0.3|INFORM|Transaction #690 was successfully committed
2026-08-12 13:20:02| 381.0|  0.3|INFORM|Transaction #691 was successfully committed
2026-08-12 13:20:02| 381.4|  0.4|INFORM|Transaction #692 was successfully committed
2026-08-12 13:20:03| 381.7|  0.3|INFORM|Transaction #693 was successfully committed
2026-08-12 13:20:03| 382.0|  0.3|INFORM|Transaction #694 was successfully committed
2026-08-12 13:20:03| 382.3|  0.3|INFORM|Transaction #695 was successfully committed
2026-08-12 13:20:04| 383.4|  1.1|INFORM|FFS writer: Writing 100000 feature(s) to file 'C:\Users\ASHTON~1.EAV\AppData\Local\Temp\wb-cache-LUS_PostProcessing_V01_ACE_25062-pwVrLI\Main_FeatureMerger -1 9 fo 0 MERGED  0  3bb0bff46fb22b1870d2b0394c88e7443c1c5b53_7.fts'
2026-08-12 13:20:04| 383.4|  0.0|INFORM|Spatial Index: Adding 100000 features
2026-08-12 13:20:04| 383.5|  0.1|INFORM|AttributeManager_OUTPUT Feature Recorder -1 2147614758 (RecorderFactory): Splitting bulk features into individual features
2026-08-12 13:20:05| 383.6|  0.1|INFORM|Transaction #696 was successfully committed
2026-08-12 13:20:05| 384.1|  0.5|INFORM|FFS writer: Writing 99206 feature(s) to file 'C:\Users\ASHTON~1.EAV\AppData\Local\Temp\wb-cache-LUS_PostProcessing_V01_ACE_25062-pwVrLI\Main_AttributeManager -1 38 fo 0 OUTPUT  0  71ef952938b38eff2ab0aa29d9504d1788ebbaa7_11.fts'
2026-08-12 13:20:05| 384.2|  0.1|INFORM|Spatial Index: Adding 99206 features
2026-08-12 13:20:05| 384.3|  0.1|INFORM|MULTI_WRITER writer: Splitting bulk features into individual features
2026-08-12 13:20:05| 384.4|  0.1|INFORM|Transaction #697 was successfully committed
2026-08-12 13:20:06| 384.8|  0.4|INFORM|Transaction #698 was successfully committed
2026-08-12 13:20:06| 385.2|  0.4|INFORM|Transaction #699 was successfully committed
2026-08-12 13:20:06| 385.5|  0.3|INFORM|Transaction #700 was successfully committed
2026-08-12 13:20:07| 385.8|  0.3|INFORM|Transaction #701 was successfully committed
2026-08-12 13:20:07| 386.1|  0.3|INFORM|Transaction #702 was successfully committed
2026-08-12 13:20:07| 386.5|  0.4|INFORM|Transaction #703 was successfully committed
2026-08-12 13:20:08| 386.8|  0.3|INFORM|Transaction #704 was successfully committed
2026-08-12 13:20:08| 387.2|  0.4|INFORM|Transaction #705 was successfully committed
2026-08-12 13:20:08| 387.5|  0.3|INFORM|Transaction #706 was successfully committed
2026-08-12 13:20:09| 387.8|  0.3|INFORM|Transaction #707 was successfully committed
2026-08-12 13:20:09| 388.1|  0.3|INFORM|Transaction #708 was successfully committed
2026-08-12 13:20:09| 388.4|  0.3|INFORM|Transaction #709 was successfully committed
2026-08-12 13:20:10| 388.8|  0.4|INFORM|Transaction #710 was successfully committed
2026-08-12 13:20:10| 389.1|  0.3|INFORM|Transaction #711 was successfully committed
2026-08-12 13:20:10| 389.2|  0.1|INFORM|MULTI_WRITER writer: 14,915 of 99,206 features written
2026-08-12 13:20:10| 389.4|  0.2|INFORM|Transaction #712 was successfully committed
2026-08-12 13:20:11| 389.7|  0.3|INFORM|Transaction #713 was successfully committed
2026-08-12 13:20:11| 390.1|  0.4|INFORM|Transaction #714 was successfully committed
2026-08-12 13:20:11| 390.4|  0.3|INFORM|Transaction #715 was successfully committed
2026-08-12 13:20:12| 390.7|  0.3|INFORM|Transaction #716 was successfully committed
2026-08-12 13:20:12| 391.2|  0.5|INFORM|Transaction #717 was successfully committed
2026-08-12 13:20:12| 391.5|  0.3|INFORM|Transaction #718 was successfully committed
2026-08-12 13:20:13| 391.8|  0.3|INFORM|Transaction #719 was successfully committed
2026-08-12 13:20:13| 392.1|  0.3|INFORM|Transaction #720 was successfully committed
2026-08-12 13:20:13| 392.4|  0.3|INFORM|Transaction #721 was successfully committed
2026-08-12 13:20:14| 392.8|  0.4|INFORM|Transaction #722 was successfully committed
2026-08-12 13:20:14| 393.1|  0.3|INFORM|Transaction #723 was successfully committed
2026-08-12 13:20:14| 393.5|  0.4|INFORM|Transaction #724 was successfully committed
2026-08-12 13:20:15| 393.8|  0.3|INFORM|Transaction #725 was successfully committed
2026-08-12 13:20:15| 394.1|  0.3|INFORM|Transaction #726 was successfully committed
2026-08-12 13:20:15| 394.3|  0.2|INFORM|MULTI_WRITER writer: 29,925 of 99,206 features written
2026-08-12 13:20:15| 394.5|  0.2|INFORM|Transaction #727 was successfully committed
2026-08-12 13:20:16| 394.8|  0.3|INFORM|Transaction #728 was successfully committed
2026-08-12 13:20:16| 395.1|  0.3|INFORM|Transaction #729 was successfully committed
2026-08-12 13:20:16| 395.4|  0.3|INFORM|Transaction #730 was successfully committed
2026-08-12 13:20:17| 395.8|  0.4|INFORM|Transaction #731 was successfully committed
2026-08-12 13:20:17| 396.2|  0.4|INFORM|Transaction #732 was successfully committed
2026-08-12 13:20:17| 396.5|  0.3|INFORM|Transaction #733 was successfully committed
2026-08-12 13:20:18| 396.8|  0.3|INFORM|Transaction #734 was successfully committed
2026-08-12 13:20:18| 397.2|  0.4|INFORM|Transaction #735 was successfully committed
2026-08-12 13:20:18| 397.5|  0.3|INFORM|Transaction #736 was successfully committed
2026-08-12 13:20:19| 397.8|  0.3|INFORM|Transaction #737 was successfully committed
2026-08-12 13:20:19| 398.1|  0.3|INFORM|Transaction #738 was successfully committed
2026-08-12 13:20:19| 398.5|  0.4|INFORM|Transaction #739 was successfully committed
2026-08-12 13:20:20| 398.8|  0.3|INFORM|Transaction #740 was successfully committed
2026-08-12 13:20:20| 399.1|  0.3|INFORM|Transaction #741 was successfully committed
2026-08-12 13:20:20| 399.3|  0.2|INFORM|MULTI_WRITER writer: 44,871 of 99,206 features written
2026-08-12 13:20:20| 399.5|  0.2|INFORM|Transaction #742 was successfully committed
2026-08-12 13:20:21| 399.8|  0.3|INFORM|Transaction #743 was successfully committed
2026-08-12 13:20:21| 400.2|  0.4|INFORM|Transaction #744 was successfully committed
2026-08-12 13:20:21| 400.5|  0.3|INFORM|Transaction #745 was successfully committed
2026-08-12 13:20:22| 400.9|  0.4|INFORM|Transaction #746 was successfully committed
2026-08-12 13:20:22| 401.2|  0.3|INFORM|Transaction #747 was successfully committed
2026-08-12 13:20:22| 401.5|  0.3|INFORM|Transaction #748 was successfully committed
2026-08-12 13:20:23| 401.8|  0.3|INFORM|Transaction #749 was successfully committed
2026-08-12 13:20:23| 402.2|  0.4|INFORM|Transaction #750 was successfully committed
2026-08-12 13:20:23| 402.5|  0.3|INFORM|Transaction #751 was successfully committed
2026-08-12 13:20:24| 402.8|  0.3|INFORM|Transaction #752 was successfully committed
2026-08-12 13:20:24| 403.2|  0.4|INFORM|Transaction #753 was successfully committed
2026-08-12 13:20:24| 403.5|  0.3|INFORM|Transaction #754 was successfully committed
2026-08-12 13:20:25| 403.8|  0.3|INFORM|Transaction #755 was successfully committed
2026-08-12 13:20:25| 404.1|  0.3|INFORM|Transaction #756 was successfully committed
2026-08-12 13:20:25| 404.2|  0.1|INFORM|MULTI_WRITER writer: 59,818 of 99,206 features written
2026-08-12 13:20:25| 404.5|  0.3|INFORM|Transaction #757 was successfully committed
2026-08-12 13:20:26| 404.8|  0.3|INFORM|Transaction #758 was successfully committed
2026-08-12 13:20:26| 405.2|  0.4|INFORM|Transaction #759 was successfully committed
2026-08-12 13:20:26| 405.5|  0.3|INFORM|Transaction #760 was successfully committed
2026-08-12 13:20:27| 405.8|  0.3|INFORM|Transaction #761 was successfully committed
2026-08-12 13:20:27| 406.1|  0.3|INFORM|Transaction #762 was successfully committed
2026-08-12 13:20:27| 406.5|  0.4|INFORM|Transaction #763 was successfully committed
2026-08-12 13:20:28| 406.8|  0.3|INFORM|Transaction #764 was successfully committed
2026-08-12 13:20:28| 407.1|  0.3|INFORM|Transaction #765 was successfully committed
2026-08-12 13:20:28| 407.5|  0.4|INFORM|Transaction #766 was successfully committed
2026-08-12 13:20:29| 407.8|  0.3|INFORM|Transaction #767 was successfully committed
2026-08-12 13:20:29| 408.1|  0.3|INFORM|Transaction #768 was successfully committed
2026-08-12 13:20:29| 408.5|  0.4|INFORM|Transaction #769 was successfully committed
2026-08-12 13:20:30| 408.8|  0.3|INFORM|Transaction #770 was successfully committed
2026-08-12 13:20:30| 409.1|  0.3|INFORM|Transaction #771 was successfully committed
2026-08-12 13:20:30| 409.2|  0.1|INFORM|MULTI_WRITER writer: 74,799 of 99,206 features written
2026-08-12 13:20:30| 409.4|  0.2|INFORM|Transaction #772 was successfully committed
2026-08-12 13:20:31| 409.8|  0.4|INFORM|Transaction #773 was successfully committed
2026-08-12 13:20:31| 410.2|  0.4|INFORM|Transaction #774 was successfully committed
2026-08-12 13:20:31| 410.5|  0.3|INFORM|Transaction #775 was successfully committed
2026-08-12 13:20:32| 410.8|  0.3|INFORM|Transaction #776 was successfully committed
2026-08-12 13:20:32| 411.1|  0.3|INFORM|Transaction #777 was successfully committed
2026-08-12 13:20:32| 411.4|  0.3|INFORM|Transaction #778 was successfully committed
2026-08-12 13:20:33| 411.8|  0.4|INFORM|Transaction #779 was successfully committed
2026-08-12 13:20:33| 412.1|  0.3|INFORM|Transaction #780 was successfully committed
2026-08-12 13:20:33| 412.4|  0.3|INFORM|Transaction #781 was successfully committed
2026-08-12 13:20:34| 412.8|  0.4|INFORM|Transaction #782 was successfully committed
2026-08-12 13:20:34| 413.2|  0.4|INFORM|Transaction #783 was successfully committed
2026-08-12 13:20:34| 413.5|  0.3|INFORM|Transaction #784 was successfully committed
2026-08-12 13:20:35| 413.8|  0.3|INFORM|Transaction #785 was successfully committed
2026-08-12 13:20:35| 414.1|  0.3|INFORM|Transaction #786 was successfully committed
2026-08-12 13:20:35| 414.3|  0.2|INFORM|MULTI_WRITER writer: 89,782 of 99,206 features written
2026-08-12 13:20:35| 414.5|  0.2|INFORM|Transaction #787 was successfully committed
2026-08-12 13:20:36| 414.8|  0.3|INFORM|Transaction #788 was successfully committed
2026-08-12 13:20:36| 415.1|  0.3|INFORM|Transaction #789 was successfully committed
2026-08-12 13:20:36| 415.5|  0.4|INFORM|Transaction #790 was successfully committed
2026-08-12 13:20:37| 415.8|  0.3|INFORM|Transaction #791 was successfully committed
2026-08-12 13:20:37| 416.1|  0.3|INFORM|Transaction #792 was successfully committed
2026-08-12 13:20:37| 416.5|  0.4|INFORM|Transaction #793 was successfully committed
2026-08-12 13:20:38| 416.8|  0.3|INFORM|Transaction #794 was successfully committed
2026-08-12 13:20:38| 417.1|  0.3|INFORM|Transaction #795 was successfully committed
2026-08-12 13:20:38| 417.4|  0.3|INFORM|MULTI_WRITER writer: 99,206 of 99,206 features written
2026-08-12 13:20:39| 418.4|  1.0|INFORM|FFS writer: Writing 98364 feature(s) to file 'C:\Users\ASHTON~1.EAV\AppData\Local\Temp\wb-cache-LUS_PostProcessing_V01_ACE_25062-pwVrLI\Main_FeatureMerger -1 9 fo 0 MERGED  0  3bb0bff46fb22b1870d2b0394c88e7443c1c5b53_8.fts'
2026-08-12 13:20:40| 418.5|  0.1|INFORM|Spatial Index: Adding 98364 features
2026-08-12 13:20:40| 418.5|  0.0|INFORM|FFS writer: Writing 7863 feature(s) to file 'C:\Users\ASHTON~1.EAV\AppData\Local\Temp\wb-cache-LUS_PostProcessing_V01_ACE_25062-pwVrLI\Main_AttributeManager -1 38 fo 0 OUTPUT  0  71ef952938b38eff2ab0aa29d9504d1788ebbaa7_12.fts'
2026-08-12 13:20:40| 418.6|  0.1|INFORM|Spatial Index: Adding 7863 features
2026-08-12 13:20:40| 418.6|  0.0|INFORM|MULTI_WRITER writer: Splitting bulk features into individual features
2026-08-12 13:20:40| 418.7|  0.1|INFORM|Transaction #796 was successfully committed
2026-08-12 13:20:40| 419.0|  0.3|INFORM|Transaction #797 was successfully committed
2026-08-12 13:20:40| 419.4|  0.4|INFORM|Transaction #798 was successfully committed
2026-08-12 13:20:41| 419.7|  0.3|INFORM|Transaction #799 was successfully committed
2026-08-12 13:20:41| 420.1|  0.4|INFORM|Transaction #800 was successfully committed
2026-08-12 13:20:41| 420.4|  0.3|INFORM|Transaction #801 was successfully committed
2026-08-12 13:20:42| 420.7|  0.3|INFORM|Transaction #802 was successfully committed
2026-08-12 13:20:42| 421.0|  0.3|INFORM|Transaction #803 was successfully committed
2026-08-12 13:20:43| 421.5|  0.5|INFORM|FFS writer: Writing 90501 feature(s) to file 'C:\Users\ASHTON~1.EAV\AppData\Local\Temp\wb-cache-LUS_PostProcessing_V01_ACE_25062-pwVrLI\Main_AttributeManager -1 38 fo 0 OUTPUT  0  71ef952938b38eff2ab0aa29d9504d1788ebbaa7_13.fts'
2026-08-12 13:20:43| 421.7|  0.2|INFORM|Spatial Index: Adding 90501 features
2026-08-12 13:20:43| 421.7|  0.0|INFORM|MULTI_WRITER writer: Splitting bulk features into individual features
2026-08-12 13:20:43| 421.9|  0.2|INFORM|Transaction #804 was successfully committed
2026-08-12 13:20:43| 422.2|  0.3|INFORM|Transaction #805 was successfully committed
2026-08-12 13:20:44| 422.5|  0.3|INFORM|Transaction #806 was successfully committed
2026-08-12 13:20:44| 422.8|  0.3|INFORM|Transaction #807 was successfully committed
2026-08-12 13:20:44| 423.2|  0.4|INFORM|Transaction #808 was successfully committed
2026-08-12 13:20:45| 423.5|  0.3|INFORM|Transaction #809 was successfully committed
2026-08-12 13:20:45| 423.9|  0.4|INFORM|Transaction #810 was successfully committed
2026-08-12 13:20:45| 424.2|  0.3|INFORM|Transaction #811 was successfully committed
2026-08-12 13:20:46| 424.5|  0.3|INFORM|Transaction #812 was successfully committed
2026-08-12 13:20:46| 424.9|  0.4|INFORM|Transaction #813 was successfully committed
2026-08-12 13:20:46| 425.2|  0.3|INFORM|Transaction #814 was successfully committed
2026-08-12 13:20:47| 425.5|  0.3|INFORM|Transaction #815 was successfully committed
2026-08-12 13:20:47| 425.9|  0.4|INFORM|Transaction #816 was successfully committed
2026-08-12 13:20:47| 426.2|  0.3|INFORM|Transaction #817 was successfully committed
2026-08-12 13:20:48| 426.5|  0.3|INFORM|Transaction #818 was successfully committed
2026-08-12 13:20:48| 426.7|  0.2|INFORM|MULTI_WRITER writer: 14,901 of 90,501 features written
2026-08-12 13:20:48| 426.9|  0.2|INFORM|Transaction #819 was successfully committed
2026-08-12 13:20:48| 427.3|  0.4|INFORM|Transaction #820 was successfully committed
2026-08-12 13:20:49| 427.6|  0.3|INFORM|Transaction #821 was successfully committed
2026-08-12 13:20:49| 427.9|  0.3|INFORM|Transaction #822 was successfully committed
2026-08-12 13:20:49| 428.2|  0.3|INFORM|Transaction #823 was successfully committed
2026-08-12 13:20:50| 428.6|  0.4|INFORM|Transaction #824 was successfully committed
2026-08-12 13:20:50| 428.9|  0.3|INFORM|Transaction #825 was successfully committed
2026-08-12 13:20:50| 429.2|  0.3|INFORM|Transaction #826 was successfully committed
2026-08-12 13:20:51| 429.6|  0.4|INFORM|Transaction #827 was successfully committed
2026-08-12 13:20:51| 429.9|  0.3|INFORM|Transaction #828 was successfully committed
2026-08-12 13:20:51| 430.2|  0.3|INFORM|Transaction #829 was successfully committed
2026-08-12 13:20:52| 430.6|  0.4|INFORM|Transaction #830 was successfully committed
2026-08-12 13:20:52| 430.9|  0.3|INFORM|Transaction #831 was successfully committed
2026-08-12 13:20:52| 431.2|  0.3|INFORM|Transaction #832 was successfully committed
2026-08-12 13:20:53| 431.6|  0.4|INFORM|Transaction #833 was successfully committed
2026-08-12 13:20:53| 431.7|  0.1|INFORM|MULTI_WRITER writer: 29,815 of 90,501 features written
2026-08-12 13:20:53| 431.9|  0.2|INFORM|Transaction #834 was successfully committed
2026-08-12 13:20:53| 432.2|  0.3|INFORM|Transaction #835 was successfully committed
2026-08-12 13:20:54| 432.6|  0.4|INFORM|Transaction #836 was successfully committed
2026-08-12 13:20:54| 432.9|  0.3|INFORM|Transaction #837 was successfully committed
2026-08-12 13:20:54| 433.3|  0.4|INFORM|Transaction #838 was successfully committed
2026-08-12 13:20:55| 433.7|  0.4|INFORM|Transaction #839 was successfully committed
2026-08-12 13:20:55| 434.0|  0.3|INFORM|Transaction #840 was successfully committed
2026-08-12 13:20:55| 434.3|  0.3|INFORM|Transaction #841 was successfully committed
2026-08-12 13:20:56| 434.7|  0.4|INFORM|Transaction #842 was successfully committed
2026-08-12 13:20:56| 435.0|  0.3|INFORM|Transaction #843 was successfully committed
2026-08-12 13:20:56| 435.3|  0.3|INFORM|Transaction #844 was successfully committed
2026-08-12 13:20:57| 435.7|  0.4|INFORM|Transaction #845 was successfully committed
2026-08-12 13:20:57| 436.0|  0.3|INFORM|Transaction #846 was successfully committed
2026-08-12 13:20:57| 436.3|  0.3|INFORM|Transaction #847 was successfully committed
2026-08-12 13:20:58| 436.7|  0.4|INFORM|Transaction #848 was successfully committed
2026-08-12 13:20:58| 436.8|  0.1|INFORM|MULTI_WRITER writer: 44,738 of 90,501 features written
2026-08-12 13:20:58| 437.0|  0.2|INFORM|Transaction #849 was successfully committed
2026-08-12 13:20:58| 437.3|  0.3|INFORM|Transaction #850 was successfully committed
2026-08-12 13:20:59| 437.7|  0.4|INFORM|Transaction #851 was successfully committed
2026-08-12 13:20:59| 438.0|  0.3|INFORM|Transaction #852 was successfully committed
2026-08-12 13:20:59| 438.3|  0.3|INFORM|Transaction #853 was successfully committed
2026-08-12 13:21:00| 438.7|  0.4|INFORM|Transaction #854 was successfully committed
2026-08-12 13:21:00| 439.0|  0.3|INFORM|Transaction #855 was successfully committed
2026-08-12 13:21:00| 439.3|  0.3|INFORM|Transaction #856 was successfully committed
2026-08-12 13:21:01| 439.6|  0.3|INFORM|Transaction #857 was successfully committed
2026-08-12 13:21:01| 440.0|  0.4|INFORM|Transaction #858 was successfully committed
2026-08-12 13:21:01| 440.3|  0.3|INFORM|Transaction #859 was successfully committed
2026-08-12 13:21:02| 440.7|  0.4|INFORM|Transaction #860 was successfully committed
2026-08-12 13:21:02| 441.0|  0.3|INFORM|Transaction #861 was successfully committed
2026-08-12 13:21:02| 441.3|  0.3|INFORM|Transaction #862 was successfully committed
2026-08-12 13:21:03| 441.7|  0.4|INFORM|Transaction #863 was successfully committed
2026-08-12 13:21:03| 441.7|  0.0|INFORM|MULTI_WRITER writer: 59,700 of 90,501 features written
2026-08-12 13:21:03| 442.0|  0.3|INFORM|Transaction #864 was successfully committed
2026-08-12 13:21:03| 442.3|  0.3|INFORM|Transaction #865 was successfully committed
2026-08-12 13:21:04| 442.6|  0.3|INFORM|Transaction #866 was successfully committed
2026-08-12 13:21:04| 443.0|  0.4|INFORM|Transaction #867 was successfully committed
2026-08-12 13:21:04| 443.3|  0.3|INFORM|Transaction #868 was successfully committed
2026-08-12 13:21:05| 443.6|  0.3|INFORM|Transaction #869 was successfully committed
2026-08-12 13:21:05| 444.0|  0.4|INFORM|Transaction #870 was successfully committed
2026-08-12 13:21:05| 444.4|  0.4|INFORM|Transaction #871 was successfully committed
2026-08-12 13:21:06| 444.7|  0.3|INFORM|Transaction #872 was successfully committed
2026-08-12 13:21:06| 445.0|  0.3|INFORM|Transaction #873 was successfully committed
2026-08-12 13:21:06| 445.3|  0.3|INFORM|Transaction #874 was successfully committed
2026-08-12 13:21:07| 445.7|  0.4|INFORM|Transaction #875 was successfully committed
2026-08-12 13:21:07| 446.0|  0.3|INFORM|Transaction #876 was successfully committed
2026-08-12 13:21:07| 446.3|  0.3|INFORM|Transaction #877 was successfully committed
2026-08-12 13:21:08| 446.6|  0.3|INFORM|Transaction #878 was successfully committed
2026-08-12 13:21:08| 446.7|  0.1|INFORM|MULTI_WRITER writer: 74,695 of 90,501 features written
2026-08-12 13:21:08| 447.0|  0.3|INFORM|Transaction #879 was successfully committed
2026-08-12 13:21:08| 447.3|  0.3|INFORM|Transaction #880 was successfully committed
2026-08-12 13:21:09| 447.6|  0.3|INFORM|Transaction #881 was successfully committed
2026-08-12 13:21:09| 447.9|  0.3|INFORM|Transaction #882 was successfully committed
2026-08-12 13:21:09| 448.3|  0.4|INFORM|Transaction #883 was successfully committed
2026-08-12 13:21:10| 448.6|  0.3|INFORM|Transaction #884 was successfully committed
2026-08-12 13:21:10| 448.9|  0.3|INFORM|Transaction #885 was successfully committed
2026-08-12 13:21:10| 449.3|  0.4|INFORM|Transaction #886 was successfully committed
2026-08-12 13:21:11| 449.6|  0.3|INFORM|Transaction #887 was successfully committed
2026-08-12 13:21:11| 449.9|  0.3|INFORM|Transaction #888 was successfully committed
2026-08-12 13:21:11| 450.3|  0.4|INFORM|Transaction #889 was successfully committed
2026-08-12 13:21:12| 450.6|  0.3|INFORM|Transaction #890 was successfully committed
2026-08-12 13:21:12| 450.9|  0.3|INFORM|Transaction #891 was successfully committed
2026-08-12 13:21:12| 451.3|  0.4|INFORM|Transaction #892 was successfully committed
2026-08-12 13:21:13| 451.7|  0.4|INFORM|Transaction #893 was successfully committed
2026-08-12 13:21:13| 451.8|  0.1|INFORM|MULTI_WRITER writer: 89,690 of 90,501 features written
2026-08-12 13:21:13| 452.0|  0.2|INFORM|Transaction #894 was successfully committed
2026-08-12 13:21:13| 452.1|  0.1|INFORM|MULTI_WRITER writer: 90,501 of 90,501 features written
2026-08-12 13:21:14| 453.0|  0.9|INFORM|FFS writer: Writing 96352 feature(s) to file 'C:\Users\ASHTON~1.EAV\AppData\Local\Temp\wb-cache-LUS_PostProcessing_V01_ACE_25062-pwVrLI\Main_FeatureMerger -1 9 fo 0 MERGED  0  3bb0bff46fb22b1870d2b0394c88e7443c1c5b53_9.fts'
2026-08-12 13:21:14| 453.1|  0.1|INFORM|Spatial Index: Adding 96352 features
2026-08-12 13:21:14| 453.2|  0.1|INFORM|FFS writer: Writing 2466 feature(s) to file 'C:\Users\ASHTON~1.EAV\AppData\Local\Temp\wb-cache-LUS_PostProcessing_V01_ACE_25062-pwVrLI\Main_AttributeManager -1 38 fo 0 OUTPUT  0  71ef952938b38eff2ab0aa29d9504d1788ebbaa7_14.fts'
2026-08-12 13:21:14| 453.2|  0.0|INFORM|Spatial Index: Adding 2466 features
2026-08-12 13:21:14| 453.2|  0.0|INFORM|MULTI_WRITER writer: Splitting bulk features into individual features
2026-08-12 13:21:14| 453.5|  0.3|INFORM|Transaction #895 was successfully committed
2026-08-12 13:21:15| 453.8|  0.3|INFORM|Transaction #896 was successfully committed
2026-08-12 13:21:15| 454.3|  0.5|INFORM|FFS writer: Writing 93886 feature(s) to file 'C:\Users\ASHTON~1.EAV\AppData\Local\Temp\wb-cache-LUS_PostProcessing_V01_ACE_25062-pwVrLI\Main_AttributeManager -1 38 fo 0 OUTPUT  0  71ef952938b38eff2ab0aa29d9504d1788ebbaa7_15.fts'
2026-08-12 13:21:15| 454.4|  0.1|INFORM|Spatial Index: Adding 93886 features
2026-08-12 13:21:15| 454.4|  0.0|INFORM|MULTI_WRITER writer: Splitting bulk features into individual features
2026-08-12 13:21:16| 454.6|  0.2|INFORM|Transaction #897 was successfully committed
2026-08-12 13:21:16| 454.9|  0.3|INFORM|Transaction #898 was successfully committed
2026-08-12 13:21:16| 455.3|  0.4|INFORM|Transaction #899 was successfully committed
2026-08-12 13:21:17| 455.6|  0.3|INFORM|Transaction #900 was successfully committed
2026-08-12 13:21:17| 455.9|  0.3|INFORM|Transaction #901 was successfully committed
2026-08-12 13:21:17| 456.2|  0.3|INFORM|Transaction #902 was successfully committed
2026-08-12 13:21:18| 456.7|  0.5|INFORM|Transaction #903 was successfully committed
2026-08-12 13:21:18| 457.0|  0.3|INFORM|Transaction #904 was successfully committed
2026-08-12 13:21:18| 457.3|  0.3|INFORM|Transaction #905 was successfully committed
2026-08-12 13:21:19| 457.6|  0.3|INFORM|Transaction #906 was successfully committed
2026-08-12 13:21:19| 458.0|  0.4|INFORM|Transaction #907 was successfully committed
2026-08-12 13:21:19| 458.3|  0.3|INFORM|Transaction #908 was successfully committed
2026-08-12 13:21:20| 458.6|  0.3|INFORM|Transaction #909 was successfully committed
2026-08-12 13:21:20| 459.0|  0.4|INFORM|Transaction #910 was successfully committed
2026-08-12 13:21:20| 459.3|  0.3|INFORM|Transaction #911 was successfully committed
2026-08-12 13:21:20| 459.4|  0.1|INFORM|MULTI_WRITER writer: 14,911 of 93,886 features written
2026-08-12 13:21:21| 459.6|  0.2|INFORM|Transaction #912 was successfully committed
2026-08-12 13:21:21| 459.9|  0.3|INFORM|Transaction #913 was successfully committed
2026-08-12 13:21:21| 460.3|  0.4|INFORM|Transaction #914 was successfully committed
2026-08-12 13:21:22| 460.7|  0.4|INFORM|Transaction #915 was successfully committed
2026-08-12 13:21:22| 461.0|  0.3|INFORM|Transaction #916 was successfully committed
2026-08-12 13:21:22| 461.3|  0.3|INFORM|Transaction #917 was successfully committed
2026-08-12 13:21:23| 461.6|  0.3|INFORM|Transaction #918 was successfully committed
2026-08-12 13:21:23| 461.9|  0.3|INFORM|Transaction #919 was successfully committed
2026-08-12 13:21:23| 462.3|  0.4|INFORM|Transaction #920 was successfully committed
2026-08-12 13:21:24| 462.6|  0.3|INFORM|Transaction #921 was successfully committed
2026-08-12 13:21:24| 462.9|  0.3|INFORM|Transaction #922 was successfully committed
2026-08-12 13:21:24| 463.3|  0.4|INFORM|Transaction #923 was successfully committed
2026-08-12 13:21:25| 463.7|  0.4|INFORM|Transaction #924 was successfully committed
2026-08-12 13:21:25| 464.0|  0.3|INFORM|Transaction #925 was successfully committed
2026-08-12 13:21:25| 464.3|  0.3|INFORM|Transaction #926 was successfully committed
2026-08-12 13:21:25| 464.5|  0.2|INFORM|MULTI_WRITER writer: 29,840 of 93,886 features written
2026-08-12 13:21:26| 464.7|  0.2|INFORM|Transaction #927 was successfully committed
2026-08-12 13:21:26| 465.0|  0.3|INFORM|Transaction #928 was successfully committed
2026-08-12 13:21:26| 465.3|  0.3|INFORM|Transaction #929 was successfully committed
2026-08-12 13:21:27| 465.7|  0.4|INFORM|Transaction #930 was successfully committed
2026-08-12 13:21:27| 466.0|  0.3|INFORM|Transaction #931 was successfully committed
2026-08-12 13:21:27| 466.4|  0.4|INFORM|Transaction #932 was successfully committed
2026-08-12 13:21:28| 466.7|  0.3|INFORM|Transaction #933 was successfully committed
2026-08-12 13:21:28| 467.0|  0.3|INFORM|Transaction #934 was successfully committed
2026-08-12 13:21:28| 467.3|  0.3|INFORM|Transaction #935 was successfully committed
2026-08-12 13:21:29| 467.7|  0.4|INFORM|Transaction #936 was successfully committed
2026-08-12 13:21:29| 468.0|  0.3|INFORM|Transaction #937 was successfully committed
2026-08-12 13:21:29| 468.3|  0.3|INFORM|Transaction #938 was successfully committed
2026-08-12 13:21:30| 468.6|  0.3|INFORM|Transaction #939 was successfully committed
2026-08-12 13:21:30| 469.0|  0.4|INFORM|Transaction #940 was successfully committed
2026-08-12 13:21:30| 469.3|  0.3|INFORM|Transaction #941 was successfully committed
2026-08-12 13:21:30| 469.4|  0.1|INFORM|MULTI_WRITER writer: 44,741 of 93,886 features written
2026-08-12 13:21:31| 469.6|  0.2|INFORM|Transaction #942 was successfully committed
2026-08-12 13:21:31| 469.9|  0.3|INFORM|Transaction #943 was successfully committed
2026-08-12 13:21:31| 470.3|  0.4|INFORM|Transaction #944 was successfully committed
2026-08-12 13:21:32| 470.6|  0.3|INFORM|Transaction #945 was successfully committed
2026-08-12 13:21:32| 471.0|  0.4|INFORM|Transaction #946 was successfully committed
2026-08-12 13:21:32| 471.3|  0.3|INFORM|Transaction #947 was successfully committed
2026-08-12 13:21:33| 471.7|  0.4|INFORM|Transaction #948 was successfully committed
2026-08-12 13:21:33| 472.0|  0.3|INFORM|Transaction #949 was successfully committed
2026-08-12 13:21:33| 472.3|  0.3|INFORM|Transaction #950 was successfully committed
2026-08-12 13:21:34| 472.6|  0.3|INFORM|Transaction #951 was successfully committed
2026-08-12 13:21:34| 472.9|  0.3|INFORM|Transaction #952 was successfully committed
2026-08-12 13:21:34| 473.2|  0.3|INFORM|Transaction #953 was successfully committed
2026-08-12 13:21:35| 473.7|  0.5|INFORM|Transaction #954 was successfully committed
2026-08-12 13:21:35| 474.0|  0.3|INFORM|Transaction #955 was successfully committed
2026-08-12 13:21:35| 474.3|  0.3|INFORM|Transaction #956 was successfully committed
2026-08-12 13:21:35| 474.4|  0.1|INFORM|MULTI_WRITER writer: 59,708 of 93,886 features written
2026-08-12 13:21:36| 474.7|  0.3|INFORM|Transaction #957 was successfully committed
2026-08-12 13:21:36| 475.0|  0.3|INFORM|Transaction #958 was successfully committed
2026-08-12 13:21:36| 475.3|  0.3|INFORM|Transaction #959 was successfully committed
2026-08-12 13:21:37| 475.6|  0.3|INFORM|Transaction #960 was successfully committed
2026-08-12 13:21:37| 476.0|  0.4|INFORM|Transaction #961 was successfully committed
2026-08-12 13:21:37| 476.3|  0.3|INFORM|Transaction #962 was successfully committed
2026-08-12 13:21:38| 476.6|  0.3|INFORM|Transaction #963 was successfully committed
2026-08-12 13:21:38| 477.0|  0.4|INFORM|Transaction #964 was successfully committed
2026-08-12 13:21:38| 477.3|  0.3|INFORM|Transaction #965 was successfully committed
2026-08-12 13:21:39| 477.6|  0.3|INFORM|Transaction #966 was successfully committed
2026-08-12 13:21:39| 477.9|  0.3|INFORM|Transaction #967 was successfully committed
2026-08-12 13:21:39| 478.4|  0.5|INFORM|Transaction #968 was successfully committed
2026-08-12 13:21:40| 478.7|  0.3|INFORM|Transaction #969 was successfully committed
2026-08-12 13:21:40| 479.0|  0.3|INFORM|Transaction #970 was successfully committed
2026-08-12 13:21:40| 479.3|  0.3|INFORM|Transaction #971 was successfully committed
2026-08-12 13:21:40| 479.4|  0.1|INFORM|MULTI_WRITER writer: 74,620 of 93,886 features written
2026-08-12 13:21:41| 479.6|  0.2|INFORM|Transaction #972 was successfully committed
2026-08-12 13:21:41| 480.0|  0.4|INFORM|Transaction #973 was successfully committed
2026-08-12 13:21:41| 480.3|  0.3|INFORM|Transaction #974 was successfully committed
2026-08-12 13:21:42| 480.6|  0.3|INFORM|Transaction #975 was successfully committed
2026-08-12 13:21:42| 481.0|  0.4|INFORM|Transaction #976 was successfully committed
2026-08-12 13:21:42| 481.4|  0.4|INFORM|Transaction #977 was successfully committed
2026-08-12 13:21:43| 481.7|  0.3|INFORM|Transaction #978 was successfully committed
2026-08-12 13:21:43| 482.0|  0.3|INFORM|Transaction #979 was successfully committed
2026-08-12 13:21:43| 482.4|  0.4|INFORM|Transaction #980 was successfully committed
2026-08-12 13:21:44| 482.7|  0.3|INFORM|Transaction #981 was successfully committed
2026-08-12 13:21:44| 483.0|  0.3|INFORM|Transaction #982 was successfully committed
2026-08-12 13:21:44| 483.3|  0.3|INFORM|Transaction #983 was successfully committed
2026-08-12 13:21:45| 483.7|  0.4|INFORM|Transaction #984 was successfully committed
2026-08-12 13:21:45| 484.0|  0.3|INFORM|Transaction #985 was successfully committed
2026-08-12 13:21:45| 484.3|  0.3|INFORM|Transaction #986 was successfully committed
2026-08-12 13:21:45| 484.3|  0.0|INFORM|MULTI_WRITER writer: 89,547 of 93,886 features written
2026-08-12 13:21:46| 484.6|  0.3|INFORM|Transaction #987 was successfully committed
2026-08-12 13:21:46| 485.0|  0.4|INFORM|Transaction #988 was successfully committed
2026-08-12 13:21:46| 485.4|  0.4|INFORM|Transaction #989 was successfully committed
2026-08-12 13:21:47| 485.7|  0.3|INFORM|Transaction #990 was successfully committed
2026-08-12 13:21:47| 485.9|  0.2|INFORM|MULTI_WRITER writer: 93,886 of 93,886 features written
2026-08-12 13:21:48| 486.8|  0.9|INFORM|FFS writer: Writing 99329 feature(s) to file 'C:\Users\ASHTON~1.EAV\AppData\Local\Temp\wb-cache-LUS_PostProcessing_V01_ACE_25062-pwVrLI\Main_FeatureMerger -1 9 fo 0 MERGED  0  3bb0bff46fb22b1870d2b0394c88e7443c1c5b53_10.fts'
2026-08-12 13:21:48| 486.9|  0.1|INFORM|Spatial Index: Adding 99329 features
2026-08-12 13:21:48| 487.0|  0.1|INFORM|FFS writer: Writing 3515 feature(s) to file 'C:\Users\ASHTON~1.EAV\AppData\Local\Temp\wb-cache-LUS_PostProcessing_V01_ACE_25062-pwVrLI\Main_AttributeManager -1 38 fo 0 OUTPUT  0  71ef952938b38eff2ab0aa29d9504d1788ebbaa7_16.fts'
2026-08-12 13:21:48| 487.0|  0.0|INFORM|Spatial Index: Adding 3515 features
2026-08-12 13:21:48| 487.0|  0.0|INFORM|MULTI_WRITER writer: Splitting bulk features into individual features
2026-08-12 13:21:48| 487.2|  0.2|INFORM|Transaction #991 was successfully committed
2026-08-12 13:21:49| 487.5|  0.3|INFORM|Transaction #992 was successfully committed
2026-08-12 13:21:49| 487.8|  0.3|INFORM|Transaction #993 was successfully committed
2026-08-12 13:21:50| 488.4|  0.6|INFORM|FFS writer: Writing 95814 feature(s) to file 'C:\Users\ASHTON~1.EAV\AppData\Local\Temp\wb-cache-LUS_PostProcessing_V01_ACE_25062-pwVrLI\Main_AttributeManager -1 38 fo 0 OUTPUT  0  71ef952938b38eff2ab0aa29d9504d1788ebbaa7_17.fts'
2026-08-12 13:21:50| 488.6|  0.2|INFORM|Spatial Index: Adding 95814 features
2026-08-12 13:21:50| 488.7|  0.1|INFORM|MULTI_WRITER writer: Splitting bulk features into individual features
2026-08-12 13:21:50| 488.7|  0.0|INFORM|Transaction #994 was successfully committed
2026-08-12 13:21:50| 489.1|  0.4|INFORM|Transaction #995 was successfully committed
2026-08-12 13:21:50| 489.4|  0.3|INFORM|Transaction #996 was successfully committed
2026-08-12 13:21:51| 489.7|  0.3|INFORM|Transaction #997 was successfully committed
2026-08-12 13:21:51| 490.1|  0.4|INFORM|Transaction #998 was successfully committed
2026-08-12 13:21:51| 490.4|  0.3|INFORM|Transaction #999 was successfully committed
2026-08-12 13:21:52| 490.7|  0.3|INFORM|Transaction #1000 was successfully committed
2026-08-12 13:21:52| 491.0|  0.3|INFORM|Transaction #1001 was successfully committed
2026-08-12 13:21:52| 491.3|  0.3|INFORM|Transaction #1002 was successfully committed
2026-08-12 13:21:53| 491.7|  0.4|INFORM|Transaction #1003 was successfully committed
2026-08-12 13:21:53| 492.1|  0.4|INFORM|Transaction #1004 was successfully committed
2026-08-12 13:21:53| 492.4|  0.3|INFORM|Transaction #1005 was successfully committed
2026-08-12 13:21:54| 492.7|  0.3|INFORM|Transaction #1006 was successfully committed
2026-08-12 13:21:54| 493.0|  0.3|INFORM|Transaction #1007 was successfully committed
2026-08-12 13:21:54| 493.4|  0.4|INFORM|Transaction #1008 was successfully committed
2026-08-12 13:21:55| 493.6|  0.2|INFORM|MULTI_WRITER writer: 14,839 of 95,814 features written
2026-08-12 13:21:55| 493.7|  0.1|INFORM|Transaction #1009 was successfully committed
2026-08-12 13:21:55| 494.0|  0.3|INFORM|Transaction #1010 was successfully committed
2026-08-12 13:21:55| 494.4|  0.4|INFORM|Transaction #1011 was successfully committed
2026-08-12 13:21:56| 494.7|  0.3|INFORM|Transaction #1012 was successfully committed
2026-08-12 13:21:56| 495.0|  0.3|INFORM|Transaction #1013 was successfully committed
2026-08-12 13:21:57| 495.4|  0.4|INFORM|Transaction #1014 was successfully committed
2026-08-12 13:21:57| 495.7|  0.3|INFORM|Transaction #1015 was successfully committed
2026-08-12 13:21:57| 496.0|  0.3|INFORM|Transaction #1016 was successfully committed
2026-08-12 13:21:57| 496.3|  0.3|INFORM|Transaction #1017 was successfully committed
2026-08-12 13:21:58| 496.8|  0.5|INFORM|Transaction #1018 was successfully committed
2026-08-12 13:21:58| 497.1|  0.3|INFORM|Transaction #1019 was successfully committed
2026-08-12 13:21:58| 497.4|  0.3|INFORM|Transaction #1020 was successfully committed
2026-08-12 13:21:59| 497.7|  0.3|INFORM|Transaction #1021 was successfully committed
2026-08-12 13:21:59| 498.0|  0.3|INFORM|Transaction #1022 was successfully committed
2026-08-12 13:21:59| 498.4|  0.4|INFORM|Transaction #1023 was successfully committed
2026-08-12 13:22:00| 498.6|  0.2|INFORM|MULTI_WRITER writer: 29,839 of 95,814 features written
2026-08-12 13:22:00| 498.7|  0.1|INFORM|Transaction #1024 was successfully committed
2026-08-12 13:22:00| 499.0|  0.3|INFORM|Transaction #1025 was successfully committed
2026-08-12 13:22:01| 499.3|  0.3|INFORM|Transaction #1026 was successfully committed
2026-08-12 13:22:01| 499.7|  0.4|INFORM|Transaction #1027 was successfully committed
2026-08-12 13:22:01| 500.0|  0.3|INFORM|Transaction #1028 was successfully committed
2026-08-12 13:22:02| 500.3|  0.3|INFORM|Transaction #1029 was successfully committed
2026-08-12 13:22:02| 500.7|  0.4|INFORM|Transaction #1030 was successfully committed
2026-08-12 13:22:02| 501.0|  0.3|INFORM|Transaction #1031 was successfully committed
2026-08-12 13:22:03| 501.3|  0.3|INFORM|Transaction #1032 was successfully committed
2026-08-12 13:22:03| 501.7|  0.4|INFORM|Transaction #1033 was successfully committed
2026-08-12 13:22:03| 502.0|  0.3|INFORM|Transaction #1034 was successfully committed
2026-08-12 13:22:04| 502.3|  0.3|INFORM|Transaction #1035 was successfully committed
2026-08-12 13:22:04| 502.7|  0.4|INFORM|Transaction #1036 was successfully committed
2026-08-12 13:22:04| 503.0|  0.3|INFORM|Transaction #1037 was successfully committed
2026-08-12 13:22:05| 503.3|  0.3|INFORM|Transaction #1038 was successfully committed
2026-08-12 13:22:05| 503.6|  0.3|INFORM|MULTI_WRITER writer: 44,763 of 95,814 features written
2026-08-12 13:22:05| 503.7|  0.1|INFORM|Transaction #1039 was successfully committed
2026-08-12 13:22:05| 504.0|  0.3|INFORM|Transaction #1040 was successfully committed
2026-08-12 13:22:06| 504.4|  0.4|INFORM|Transaction #1041 was successfully committed
2026-08-12 13:22:06| 504.7|  0.3|INFORM|Transaction #1042 was successfully committed
2026-08-12 13:22:06| 505.0|  0.3|INFORM|Transaction #1043 was successfully committed
2026-08-12 13:22:07| 505.3|  0.3|INFORM|Transaction #1044 was successfully committed
2026-08-12 13:22:07| 505.7|  0.4|INFORM|Transaction #1045 was successfully committed
2026-08-12 13:22:07| 506.0|  0.3|INFORM|Transaction #1046 was successfully committed
2026-08-12 13:22:08| 506.3|  0.3|INFORM|Transaction #1047 was successfully committed
2026-08-12 13:22:08| 506.6|  0.3|INFORM|Transaction #1048 was successfully committed
2026-08-12 13:22:08| 507.0|  0.4|INFORM|Transaction #1049 was successfully committed
2026-08-12 13:22:09| 507.4|  0.4|INFORM|Transaction #1050 was successfully committed
2026-08-12 13:22:09| 507.7|  0.3|INFORM|Transaction #1051 was successfully committed
2026-08-12 13:22:09| 508.0|  0.3|INFORM|Transaction #1052 was successfully committed
2026-08-12 13:22:10| 508.3|  0.3|INFORM|Transaction #1053 was successfully committed
2026-08-12 13:22:10| 508.6|  0.3|INFORM|MULTI_WRITER writer: 59,765 of 95,814 features written
2026-08-12 13:22:10| 508.7|  0.1|INFORM|Transaction #1054 was successfully committed
2026-08-12 13:22:10| 509.0|  0.3|INFORM|Transaction #1055 was successfully committed
2026-08-12 13:22:11| 509.3|  0.3|INFORM|Transaction #1056 was successfully committed
2026-08-12 13:22:11| 509.7|  0.4|INFORM|Transaction #1057 was successfully committed
2026-08-12 13:22:11| 510.0|  0.3|INFORM|Transaction #1058 was successfully committed
2026-08-12 13:22:12| 510.3|  0.3|INFORM|Transaction #1059 was successfully committed
2026-08-12 13:22:12| 510.7|  0.4|INFORM|Transaction #1060 was successfully committed
2026-08-12 13:22:12| 511.0|  0.3|INFORM|Transaction #1061 was successfully committed
2026-08-12 13:22:13| 511.4|  0.4|INFORM|Transaction #1062 was successfully committed
2026-08-12 13:22:13| 511.7|  0.3|INFORM|Transaction #1063 was successfully committed
2026-08-12 13:22:13| 512.0|  0.3|INFORM|Transaction #1064 was successfully committed
2026-08-12 13:22:14| 512.3|  0.3|INFORM|Transaction #1065 was successfully committed
2026-08-12 13:22:14| 512.6|  0.3|INFORM|Transaction #1066 was successfully committed
2026-08-12 13:22:14| 512.9|  0.3|INFORM|Transaction #1067 was successfully committed
2026-08-12 13:22:15| 513.3|  0.4|INFORM|Transaction #1068 was successfully committed
2026-08-12 13:22:15| 513.5|  0.2|INFORM|MULTI_WRITER writer: 74,743 of 95,814 features written
2026-08-12 13:22:15| 513.6|  0.1|INFORM|Transaction #1069 was successfully committed
2026-08-12 13:22:15| 513.9|  0.3|INFORM|Transaction #1070 was successfully committed
2026-08-12 13:22:16| 514.4|  0.5|INFORM|Transaction #1071 was successfully committed
2026-08-12 13:22:16| 514.7|  0.3|INFORM|Transaction #1072 was successfully committed
2026-08-12 13:22:16| 515.0|  0.3|INFORM|Transaction #1073 was successfully committed
2026-08-12 13:22:17| 515.3|  0.3|INFORM|Transaction #1074 was successfully committed
2026-08-12 13:22:17| 515.6|  0.3|INFORM|Transaction #1075 was successfully committed
2026-08-12 13:22:17| 516.0|  0.4|INFORM|Transaction #1076 was successfully committed
2026-08-12 13:22:18| 516.3|  0.3|INFORM|Transaction #1077 was successfully committed
2026-08-12 13:22:18| 516.6|  0.3|INFORM|Transaction #1078 was successfully committed
2026-08-12 13:22:18| 517.0|  0.4|INFORM|Transaction #1079 was successfully committed
2026-08-12 13:22:19| 517.3|  0.3|INFORM|Transaction #1080 was successfully committed
2026-08-12 13:22:19| 517.6|  0.3|INFORM|Transaction #1081 was successfully committed
2026-08-12 13:22:19| 518.0|  0.4|INFORM|Transaction #1082 was successfully committed
2026-08-12 13:22:20| 518.3|  0.3|INFORM|Transaction #1083 was successfully committed
2026-08-12 13:22:20| 518.5|  0.2|INFORM|MULTI_WRITER writer: 89,778 of 95,814 features written
2026-08-12 13:22:20| 518.6|  0.1|INFORM|Transaction #1084 was successfully committed
2026-08-12 13:22:20| 518.9|  0.3|INFORM|Transaction #1085 was successfully committed
2026-08-12 13:22:21| 519.3|  0.4|INFORM|Transaction #1086 was successfully committed
2026-08-12 13:22:21| 519.7|  0.4|INFORM|Transaction #1087 was successfully committed
2026-08-12 13:22:21| 519.9|  0.2|INFORM|Transaction #1088 was successfully committed
2026-08-12 13:22:22| 520.2|  0.3|INFORM|Transaction #1089 was successfully committed
2026-08-12 13:22:22| 520.5|  0.3|INFORM|MULTI_WRITER writer: 95,814 of 95,814 features written
2026-08-12 13:22:23| 521.5|  1.0|INFORM|FFS writer: Writing 100000 feature(s) to file 'C:\Users\ASHTON~1.EAV\AppData\Local\Temp\wb-cache-LUS_PostProcessing_V01_ACE_25062-pwVrLI\Main_FeatureMerger -1 9 fo 0 MERGED  0  3bb0bff46fb22b1870d2b0394c88e7443c1c5b53_11.fts'
2026-08-12 13:22:23| 521.7|  0.2|INFORM|Spatial Index: Adding 100000 features
2026-08-12 13:22:23| 521.7|  0.0|INFORM|AttributeManager_OUTPUT Feature Recorder -1 2147614758 (RecorderFactory): Splitting bulk features into individual features
2026-08-12 13:22:23| 521.8|  0.1|INFORM|Transaction #1090 was successfully committed
2026-08-12 13:22:24| 522.3|  0.5|INFORM|FFS writer: Writing 99078 feature(s) to file 'C:\Users\ASHTON~1.EAV\AppData\Local\Temp\wb-cache-LUS_PostProcessing_V01_ACE_25062-pwVrLI\Main_AttributeManager -1 38 fo 0 OUTPUT  0  71ef952938b38eff2ab0aa29d9504d1788ebbaa7_18.fts'
2026-08-12 13:22:24| 522.5|  0.2|INFORM|Spatial Index: Adding 99078 features
2026-08-12 13:22:24| 522.6|  0.1|INFORM|MULTI_WRITER writer: Splitting bulk features into individual features
2026-08-12 13:22:24| 522.7|  0.1|INFORM|Transaction #1091 was successfully committed
2026-08-12 13:22:24| 523.0|  0.3|INFORM|Transaction #1092 was successfully committed
2026-08-12 13:22:25| 523.3|  0.3|INFORM|Transaction #1093 was successfully committed
2026-08-12 13:22:25| 523.7|  0.4|INFORM|Transaction #1094 was successfully committed
2026-08-12 13:22:25| 524.0|  0.3|INFORM|Transaction #1095 was successfully committed
2026-08-12 13:22:26| 524.4|  0.4|INFORM|Transaction #1096 was successfully committed
2026-08-12 13:22:26| 524.7|  0.3|INFORM|Transaction #1097 was successfully committed
2026-08-12 13:22:26| 525.1|  0.4|INFORM|Transaction #1098 was successfully committed
2026-08-12 13:22:27| 525.4|  0.3|INFORM|Transaction #1099 was successfully committed
2026-08-12 13:22:27| 525.7|  0.3|INFORM|Transaction #1100 was successfully committed
2026-08-12 13:22:27| 526.0|  0.3|INFORM|Transaction #1101 was successfully committed
2026-08-12 13:22:28| 526.4|  0.4|INFORM|Transaction #1102 was successfully committed
2026-08-12 13:22:28| 526.7|  0.3|INFORM|Transaction #1103 was successfully committed
2026-08-12 13:22:28| 527.0|  0.3|INFORM|Transaction #1104 was successfully committed
2026-08-12 13:22:29| 527.4|  0.4|INFORM|Transaction #1105 was successfully committed
2026-08-12 13:22:29| 527.6|  0.2|INFORM|MULTI_WRITER writer: 14,948 of 99,078 features written
2026-08-12 13:22:29| 527.7|  0.1|INFORM|Transaction #1106 was successfully committed
2026-08-12 13:22:29| 528.0|  0.3|INFORM|Transaction #1107 was successfully committed
2026-08-12 13:22:30| 528.4|  0.4|INFORM|Transaction #1108 was successfully committed
2026-08-12 13:22:30| 528.7|  0.3|INFORM|Transaction #1109 was successfully committed
2026-08-12 13:22:30| 529.0|  0.3|INFORM|Transaction #1110 was successfully committed
2026-08-12 13:22:31| 529.4|  0.4|INFORM|Transaction #1111 was successfully committed
2026-08-12 13:22:31| 529.7|  0.3|INFORM|Transaction #1112 was successfully committed
2026-08-12 13:22:31| 530.0|  0.3|INFORM|Transaction #1113 was successfully committed
2026-08-12 13:22:32| 530.4|  0.4|INFORM|Transaction #1114 was successfully committed
2026-08-12 13:22:32| 530.7|  0.3|INFORM|Transaction #1115 was successfully committed
2026-08-12 13:22:32| 531.1|  0.4|INFORM|Transaction #1116 was successfully committed
2026-08-12 13:22:33| 531.4|  0.3|INFORM|Transaction #1117 was successfully committed
2026-08-12 13:22:33| 531.7|  0.3|INFORM|Transaction #1118 was successfully committed
2026-08-12 13:22:33| 532.0|  0.3|INFORM|Transaction #1119 was successfully committed
2026-08-12 13:22:34| 532.3|  0.3|INFORM|Transaction #1120 was successfully committed
2026-08-12 13:22:34| 532.5|  0.2|INFORM|MULTI_WRITER writer: 29,903 of 99,078 features written
2026-08-12 13:22:34| 532.8|  0.3|INFORM|Transaction #1121 was successfully committed
2026-08-12 13:22:34| 533.1|  0.3|INFORM|Transaction #1122 was successfully committed
2026-08-12 13:22:35| 533.4|  0.3|INFORM|Transaction #1123 was successfully committed
2026-08-12 13:22:35| 533.7|  0.3|INFORM|Transaction #1124 was successfully committed
2026-08-12 13:22:35| 534.0|  0.3|INFORM|Transaction #1125 was successfully committed
2026-08-12 13:22:36| 534.4|  0.4|INFORM|Transaction #1126 was successfully committed
2026-08-12 13:22:36| 534.8|  0.4|INFORM|Transaction #1127 was successfully committed
2026-08-12 13:22:36| 535.1|  0.3|INFORM|Transaction #1128 was successfully committed
2026-08-12 13:22:37| 535.4|  0.3|INFORM|Transaction #1129 was successfully committed
2026-08-12 13:22:37| 535.7|  0.3|INFORM|Transaction #1130 was successfully committed
2026-08-12 13:22:37| 536.1|  0.4|INFORM|Transaction #1131 was successfully committed
2026-08-12 13:22:38| 536.4|  0.3|INFORM|Transaction #1132 was successfully committed
2026-08-12 13:22:38| 536.7|  0.3|INFORM|Transaction #1133 was successfully committed
2026-08-12 13:22:38| 537.0|  0.3|INFORM|Transaction #1134 was successfully committed
2026-08-12 13:22:39| 537.3|  0.3|INFORM|Transaction #1135 was successfully committed
2026-08-12 13:22:39| 537.5|  0.2|INFORM|MULTI_WRITER writer: 44,969 of 99,078 features written
2026-08-12 13:22:39| 537.6|  0.1|INFORM|Transaction #1136 was successfully committed
2026-08-12 13:22:39| 537.9|  0.3|INFORM|Transaction #1137 was successfully committed
2026-08-12 13:22:40| 538.3|  0.4|INFORM|Transaction #1138 was successfully committed
2026-08-12 13:22:40| 538.7|  0.4|INFORM|Transaction #1139 was successfully committed
2026-08-12 13:22:40| 539.0|  0.3|INFORM|Transaction #1140 was successfully committed
2026-08-12 13:22:41| 539.3|  0.3|INFORM|Transaction #1141 was successfully committed
2026-08-12 13:22:41| 539.6|  0.3|INFORM|Transaction #1142 was successfully committed
2026-08-12 13:22:41| 539.9|  0.3|INFORM|Transaction #1143 was successfully committed
2026-08-12 13:22:42| 540.3|  0.4|INFORM|Transaction #1144 was successfully committed
2026-08-12 13:22:42| 540.6|  0.3|INFORM|Transaction #1145 was successfully committed
2026-08-12 13:22:42| 540.9|  0.3|INFORM|Transaction #1146 was successfully committed
2026-08-12 13:22:43| 541.3|  0.4|INFORM|Transaction #1147 was successfully committed
2026-08-12 13:22:43| 541.6|  0.3|INFORM|Transaction #1148 was successfully committed
2026-08-12 13:22:43| 542.0|  0.4|INFORM|Transaction #1149 was successfully committed
2026-08-12 13:22:44| 542.3|  0.3|INFORM|Transaction #1150 was successfully committed
2026-08-12 13:22:44| 542.5|  0.2|INFORM|MULTI_WRITER writer: 59,937 of 99,078 features written
2026-08-12 13:22:44| 542.6|  0.1|INFORM|Transaction #1151 was successfully committed
2026-08-12 13:22:44| 543.0|  0.4|INFORM|Transaction #1152 was successfully committed
2026-08-12 13:22:45| 543.3|  0.3|INFORM|Transaction #1153 was successfully committed
2026-08-12 13:22:45| 543.6|  0.3|INFORM|Transaction #1154 was successfully committed
2026-08-12 13:22:45| 543.9|  0.3|INFORM|Transaction #1155 was successfully committed
2026-08-12 13:22:46| 544.2|  0.3|INFORM|Transaction #1156 was successfully committed
2026-08-12 13:22:46| 544.7|  0.5|INFORM|Transaction #1157 was successfully committed
2026-08-12 13:22:46| 545.0|  0.3|INFORM|Transaction #1158 was successfully committed
2026-08-12 13:22:47| 545.3|  0.3|INFORM|Transaction #1159 was successfully committed
2026-08-12 13:22:47| 545.6|  0.3|INFORM|Transaction #1160 was successfully committed
2026-08-12 13:22:47| 545.9|  0.3|INFORM|Transaction #1161 was successfully committed
2026-08-12 13:22:48| 546.3|  0.4|INFORM|Transaction #1162 was successfully committed
2026-08-12 13:22:48| 546.6|  0.3|INFORM|Transaction #1163 was successfully committed
2026-08-12 13:22:48| 546.9|  0.3|INFORM|Transaction #1164 was successfully committed
2026-08-12 13:22:49| 547.3|  0.4|INFORM|Transaction #1165 was successfully committed
2026-08-12 13:22:49| 547.5|  0.2|INFORM|MULTI_WRITER writer: 74,916 of 99,078 features written
2026-08-12 13:22:49| 547.6|  0.1|INFORM|Transaction #1166 was successfully committed
2026-08-12 13:22:49| 548.0|  0.4|INFORM|Transaction #1167 was successfully committed
2026-08-12 13:22:50| 548.3|  0.3|INFORM|Transaction #1168 was successfully committed
2026-08-12 13:22:50| 548.6|  0.3|INFORM|Transaction #1169 was successfully committed
2026-08-12 13:22:50| 549.0|  0.4|INFORM|Transaction #1170 was successfully committed
2026-08-12 13:22:51| 549.3|  0.3|INFORM|Transaction #1171 was successfully committed
2026-08-12 13:22:51| 549.6|  0.3|INFORM|Transaction #1172 was successfully committed
2026-08-12 13:22:51| 550.0|  0.4|INFORM|Transaction #1173 was successfully committed
2026-08-12 13:22:52| 550.3|  0.3|INFORM|Transaction #1174 was successfully committed
2026-08-12 13:22:52| 550.7|  0.4|INFORM|Transaction #1175 was successfully committed
2026-08-12 13:22:52| 551.0|  0.3|INFORM|Transaction #1176 was successfully committed
2026-08-12 13:22:53| 551.4|  0.4|INFORM|Transaction #1177 was successfully committed
2026-08-12 13:22:53| 551.7|  0.3|INFORM|Transaction #1178 was successfully committed
2026-08-12 13:22:53| 552.0|  0.3|INFORM|Transaction #1179 was successfully committed
2026-08-12 13:22:54| 552.3|  0.3|INFORM|Transaction #1180 was successfully committed
2026-08-12 13:22:54| 552.5|  0.2|INFORM|MULTI_WRITER writer: 89,856 of 99,078 features written
2026-08-12 13:22:54| 552.7|  0.2|INFORM|Transaction #1181 was successfully committed
2026-08-12 13:22:54| 553.0|  0.3|INFORM|Transaction #1182 was successfully committed
2026-08-12 13:22:55| 553.3|  0.3|INFORM|Transaction #1183 was successfully committed
2026-08-12 13:22:55| 553.6|  0.3|INFORM|Transaction #1184 was successfully committed
2026-08-12 13:22:55| 553.9|  0.3|INFORM|Transaction #1185 was successfully committed
2026-08-12 13:22:56| 554.3|  0.4|INFORM|Transaction #1186 was successfully committed
2026-08-12 13:22:56| 554.6|  0.3|INFORM|Transaction #1187 was successfully committed
2026-08-12 13:22:56| 554.9|  0.3|INFORM|Transaction #1188 was successfully committed
2026-08-12 13:22:57| 555.3|  0.4|INFORM|Transaction #1189 was successfully committed
2026-08-12 13:22:57| 555.5|  0.2|INFORM|MULTI_WRITER writer: 99,078 of 99,078 features written
2026-08-12 13:22:58| 556.5|  1.0|INFORM|FFS writer: Writing 100000 feature(s) to file 'C:\Users\ASHTON~1.EAV\AppData\Local\Temp\wb-cache-LUS_PostProcessing_V01_ACE_25062-pwVrLI\Main_FeatureMerger -1 9 fo 0 MERGED  0  3bb0bff46fb22b1870d2b0394c88e7443c1c5b53_12.fts'
2026-08-12 13:22:58| 556.6|  0.1|INFORM|Spatial Index: Adding 100000 features
2026-08-12 13:22:58| 556.7|  0.1|INFORM|FFS writer: Writing 2248 feature(s) to file 'C:\Users\ASHTON~1.EAV\AppData\Local\Temp\wb-cache-LUS_PostProcessing_V01_ACE_25062-pwVrLI\Main_AttributeManager -1 38 fo 0 OUTPUT  0  71ef952938b38eff2ab0aa29d9504d1788ebbaa7_19.fts'
2026-08-12 13:22:58| 556.7|  0.0|INFORM|Spatial Index: Adding 2248 features
2026-08-12 13:22:58| 556.7|  0.0|INFORM|MULTI_WRITER writer: Splitting bulk features into individual features
2026-08-12 13:22:58| 556.8|  0.1|INFORM|Transaction #1190 was successfully committed
2026-08-12 13:22:59| 557.2|  0.4|INFORM|Transaction #1191 was successfully committed
2026-08-12 13:22:59| 557.5|  0.3|INFORM|Transaction #1192 was successfully committed
2026-08-12 13:22:59| 557.8|  0.3|INFORM|FFS writer: Writing 97752 feature(s) to file 'C:\Users\ASHTON~1.EAV\AppData\Local\Temp\wb-cache-LUS_PostProcessing_V01_ACE_25062-pwVrLI\Main_AttributeManager -1 38 fo 0 OUTPUT  0  71ef952938b38eff2ab0aa29d9504d1788ebbaa7_20.fts'
2026-08-12 13:22:59| 557.9|  0.1|INFORM|Spatial Index: Adding 97752 features
2026-08-12 13:22:59| 558.0|  0.1|INFORM|MULTI_WRITER writer: Splitting bulk features into individual features
2026-08-12 13:23:00| 558.3|  0.3|INFORM|Transaction #1193 was successfully committed
2026-08-12 13:23:00| 558.7|  0.4|INFORM|Transaction #1194 was successfully committed
2026-08-12 13:23:00| 559.0|  0.3|INFORM|Transaction #1195 was successfully committed
2026-08-12 13:23:01| 559.3|  0.3|INFORM|Transaction #1196 was successfully committed
2026-08-12 13:23:01| 559.6|  0.3|INFORM|Transaction #1197 was successfully committed
2026-08-12 13:23:01| 560.0|  0.4|INFORM|Transaction #1198 was successfully committed
2026-08-12 13:23:02| 560.2|  0.2|INFORM|Transaction #1199 was successfully committed
2026-08-12 13:23:02| 560.7|  0.5|INFORM|Transaction #1200 was successfully committed
2026-08-12 13:23:02| 561.0|  0.3|INFORM|Transaction #1201 was successfully committed
2026-08-12 13:23:03| 561.3|  0.3|INFORM|Transaction #1202 was successfully committed
2026-08-12 13:23:03| 561.7|  0.4|INFORM|Transaction #1203 was successfully committed
2026-08-12 13:23:03| 562.0|  0.3|INFORM|Transaction #1204 was successfully committed
2026-08-12 13:23:04| 562.3|  0.3|INFORM|Transaction #1205 was successfully committed
2026-08-12 13:23:04| 562.6|  0.3|INFORM|Transaction #1206 was successfully committed
2026-08-12 13:23:04| 563.0|  0.4|INFORM|Transaction #1207 was successfully committed
2026-08-12 13:23:04| 563.0|  0.0|INFORM|MULTI_WRITER writer: 14,989 of 97,752 features written
2026-08-12 13:23:05| 563.3|  0.3|INFORM|Transaction #1208 was successfully committed
2026-08-12 13:23:05| 563.6|  0.3|INFORM|Transaction #1209 was successfully committed
2026-08-12 13:23:05| 563.9|  0.3|INFORM|Transaction #1210 was successfully committed
2026-08-12 13:23:06| 564.2|  0.3|INFORM|Transaction #1211 was successfully committed
2026-08-12 13:23:06| 564.6|  0.4|INFORM|Transaction #1212 was successfully committed
2026-08-12 13:23:06| 564.9|  0.3|INFORM|Transaction #1213 was successfully committed
2026-08-12 13:23:07| 565.3|  0.4|INFORM|Transaction #1214 was successfully committed
2026-08-12 13:23:07| 565.6|  0.3|INFORM|Transaction #1215 was successfully committed
2026-08-12 13:23:07| 565.9|  0.3|INFORM|Transaction #1216 was successfully committed
2026-08-12 13:23:08| 566.3|  0.4|INFORM|Transaction #1217 was successfully committed
2026-08-12 13:23:08| 566.6|  0.3|INFORM|Transaction #1218 was successfully committed
2026-08-12 13:23:08| 566.9|  0.3|INFORM|Transaction #1219 was successfully committed
2026-08-12 13:23:09| 567.2|  0.3|INFORM|Transaction #1220 was successfully committed
2026-08-12 13:23:09| 567.6|  0.4|INFORM|Transaction #1221 was successfully committed
2026-08-12 13:23:09| 568.0|  0.4|INFORM|Transaction #1222 was successfully committed
2026-08-12 13:23:09| 568.0|  0.0|INFORM|MULTI_WRITER writer: 30,046 of 97,752 features written
2026-08-12 13:23:10| 568.3|  0.3|INFORM|Transaction #1223 was successfully committed
2026-08-12 13:23:10| 568.6|  0.3|INFORM|Transaction #1224 was successfully committed
2026-08-12 13:23:10| 569.0|  0.4|INFORM|Transaction #1225 was successfully committed
2026-08-12 13:23:11| 569.3|  0.3|INFORM|Transaction #1226 was successfully committed
2026-08-12 13:23:11| 569.6|  0.3|INFORM|Transaction #1227 was successfully committed
2026-08-12 13:23:11| 570.0|  0.4|INFORM|Transaction #1228 was successfully committed
2026-08-12 13:23:12| 570.3|  0.3|INFORM|Transaction #1229 was successfully committed
2026-08-12 13:23:12| 570.6|  0.3|INFORM|Transaction #1230 was successfully committed
2026-08-12 13:23:12| 570.9|  0.3|INFORM|Transaction #1231 was successfully committed
2026-08-12 13:23:13| 571.3|  0.4|INFORM|Transaction #1232 was successfully committed
2026-08-12 13:23:13| 571.6|  0.3|INFORM|Transaction #1233 was successfully committed
2026-08-12 13:23:13| 571.9|  0.3|INFORM|Transaction #1234 was successfully committed
2026-08-12 13:23:14| 572.2|  0.3|INFORM|Transaction #1235 was successfully committed
2026-08-12 13:23:14| 572.6|  0.4|INFORM|Transaction #1236 was successfully committed
2026-08-12 13:23:14| 572.9|  0.3|INFORM|Transaction #1237 was successfully committed
2026-08-12 13:23:14| 572.9|  0.0|INFORM|MULTI_WRITER writer: 45,132 of 97,752 features written
2026-08-12 13:23:15| 573.2|  0.3|INFORM|Transaction #1238 was successfully committed
2026-08-12 13:23:15| 573.5|  0.3|INFORM|Transaction #1239 was successfully committed
2026-08-12 13:23:15| 573.8|  0.3|INFORM|Transaction #1240 was successfully committed
2026-08-12 13:23:16| 574.2|  0.4|INFORM|Transaction #1241 was successfully committed
2026-08-12 13:23:16| 574.5|  0.3|INFORM|Transaction #1242 was successfully committed
2026-08-12 13:23:16| 574.8|  0.3|INFORM|Transaction #1243 was successfully committed
2026-08-12 13:23:17| 575.2|  0.4|INFORM|Transaction #1244 was successfully committed
2026-08-12 13:23:17| 575.6|  0.4|INFORM|Transaction #1245 was successfully committed
2026-08-12 13:23:17| 575.9|  0.3|INFORM|Transaction #1246 was successfully committed
2026-08-12 13:23:18| 576.2|  0.3|INFORM|Transaction #1247 was successfully committed
2026-08-12 13:23:18| 576.6|  0.4|INFORM|Transaction #1248 was successfully committed
2026-08-12 13:23:18| 576.9|  0.3|INFORM|Transaction #1249 was successfully committed
2026-08-12 13:23:19| 577.2|  0.3|INFORM|Transaction #1250 was successfully committed
2026-08-12 13:23:19| 577.5|  0.3|INFORM|Transaction #1251 was successfully committed
2026-08-12 13:23:19| 577.8|  0.3|INFORM|Transaction #1252 was successfully committed
2026-08-12 13:23:19| 577.9|  0.1|INFORM|MULTI_WRITER writer: 60,176 of 97,752 features written
2026-08-12 13:23:20| 578.2|  0.3|INFORM|Transaction #1253 was successfully committed
2026-08-12 13:23:20| 578.5|  0.3|INFORM|Transaction #1254 was successfully committed
2026-08-12 13:23:20| 578.8|  0.3|INFORM|Transaction #1255 was successfully committed
2026-08-12 13:23:21| 579.2|  0.4|INFORM|Transaction #1256 was successfully committed
2026-08-12 13:23:21| 579.6|  0.4|INFORM|Transaction #1257 was successfully committed
2026-08-12 13:23:21| 579.9|  0.3|INFORM|Transaction #1258 was successfully committed
2026-08-12 13:23:22| 580.2|  0.3|INFORM|Transaction #1259 was successfully committed
2026-08-12 13:23:22| 580.5|  0.3|INFORM|Transaction #1260 was successfully committed
2026-08-12 13:23:22| 580.8|  0.3|INFORM|Transaction #1261 was successfully committed
2026-08-12 13:23:23| 581.2|  0.4|INFORM|Transaction #1262 was successfully committed
2026-08-12 13:23:23| 581.5|  0.3|INFORM|Transaction #1263 was successfully committed
2026-08-12 13:23:23| 581.9|  0.4|INFORM|Transaction #1264 was successfully committed
2026-08-12 13:23:24| 582.2|  0.3|INFORM|Transaction #1265 was successfully committed
2026-08-12 13:23:24| 582.5|  0.3|INFORM|Transaction #1266 was successfully committed
2026-08-12 13:23:24| 582.8|  0.3|INFORM|Transaction #1267 was successfully committed
2026-08-12 13:23:24| 582.9|  0.1|INFORM|MULTI_WRITER writer: 75,195 of 97,752 features written
2026-08-12 13:23:25| 583.1|  0.2|INFORM|Transaction #1268 was successfully committed
2026-08-12 13:23:25| 583.5|  0.4|INFORM|Transaction #1269 was successfully committed
2026-08-12 13:23:25| 583.8|  0.3|INFORM|Transaction #1270 was successfully committed
2026-08-12 13:23:26| 584.1|  0.3|INFORM|Transaction #1271 was successfully committed
2026-08-12 13:23:26| 584.5|  0.4|INFORM|Transaction #1272 was successfully committed
2026-08-12 13:23:26| 584.8|  0.3|INFORM|Transaction #1273 was successfully committed
2026-08-12 13:23:27| 585.1|  0.3|INFORM|Transaction #1274 was successfully committed
2026-08-12 13:23:27| 585.5|  0.4|INFORM|Transaction #1275 was successfully committed
2026-08-12 13:23:27| 585.8|  0.3|INFORM|Transaction #1276 was successfully committed
2026-08-12 13:23:28| 586.1|  0.3|INFORM|Transaction #1277 was successfully committed
2026-08-12 13:23:28| 586.4|  0.3|INFORM|Transaction #1278 was successfully committed
2026-08-12 13:23:28| 586.7|  0.3|INFORM|Transaction #1279 was successfully committed
2026-08-12 13:23:29| 587.1|  0.4|INFORM|Transaction #1280 was successfully committed
2026-08-12 13:23:29| 587.4|  0.3|INFORM|Transaction #1281 was successfully committed
2026-08-12 13:23:29| 587.8|  0.4|INFORM|Transaction #1282 was successfully committed
2026-08-12 13:23:29| 587.9|  0.1|INFORM|MULTI_WRITER writer: 90,286 of 97,752 features written
2026-08-12 13:23:30| 588.1|  0.2|INFORM|Transaction #1283 was successfully committed
2026-08-12 13:23:30| 588.5|  0.4|INFORM|Transaction #1284 was successfully committed
2026-08-12 13:23:30| 588.8|  0.3|INFORM|Transaction #1285 was successfully committed
2026-08-12 13:23:31| 589.1|  0.3|INFORM|Transaction #1286 was successfully committed
2026-08-12 13:23:31| 589.4|  0.3|INFORM|Transaction #1287 was successfully committed
2026-08-12 13:23:31| 589.8|  0.4|INFORM|Transaction #1288 was successfully committed
2026-08-12 13:23:32| 590.1|  0.3|INFORM|Transaction #1289 was successfully committed
2026-08-12 13:23:32| 590.4|  0.3|INFORM|MULTI_WRITER writer: 97,752 of 97,752 features written
2026-08-12 13:23:33| 591.3|  0.9|INFORM|FFS writer: Writing 100000 feature(s) to file 'C:\Users\ASHTON~1.EAV\AppData\Local\Temp\wb-cache-LUS_PostProcessing_V01_ACE_25062-pwVrLI\Main_FeatureMerger -1 9 fo 0 MERGED  0  3bb0bff46fb22b1870d2b0394c88e7443c1c5b53_13.fts'
2026-08-12 13:23:33| 591.5|  0.2|INFORM|Spatial Index: Adding 100000 features
2026-08-12 13:23:33| 591.5|  0.0|INFORM|AttributeManager_OUTPUT Feature Recorder -1 2147614758 (RecorderFactory): Splitting bulk features into individual features
2026-08-12 13:23:33| 591.9|  0.4|INFORM|FFS writer: Writing 99843 feature(s) to file 'C:\Users\ASHTON~1.EAV\AppData\Local\Temp\wb-cache-LUS_PostProcessing_V01_ACE_25062-pwVrLI\Main_AttributeManager -1 38 fo 0 OUTPUT  0  71ef952938b38eff2ab0aa29d9504d1788ebbaa7_21.fts'
2026-08-12 13:23:34| 592.0|  0.1|INFORM|Spatial Index: Adding 99843 features
2026-08-12 13:23:34| 592.1|  0.1|INFORM|MULTI_WRITER writer: Splitting bulk features into individual features
2026-08-12 13:23:34| 592.1|  0.0|INFORM|Transaction #1290 was successfully committed
2026-08-12 13:23:34| 592.5|  0.4|INFORM|Transaction #1291 was successfully committed
2026-08-12 13:23:34| 592.8|  0.3|INFORM|Transaction #1292 was successfully committed
2026-08-12 13:23:35| 593.1|  0.3|INFORM|Transaction #1293 was successfully committed
2026-08-12 13:23:35| 593.4|  0.3|INFORM|Transaction #1294 was successfully committed
2026-08-12 13:23:35| 593.8|  0.4|INFORM|Transaction #1295 was successfully committed
2026-08-12 13:23:36| 594.1|  0.3|INFORM|Transaction #1296 was successfully committed
2026-08-12 13:23:36| 594.4|  0.3|INFORM|Transaction #1297 was successfully committed
2026-08-12 13:23:36| 594.7|  0.3|INFORM|Transaction #1298 was successfully committed
2026-08-12 13:23:37| 595.1|  0.4|INFORM|Transaction #1299 was successfully committed
2026-08-12 13:23:37| 595.4|  0.3|INFORM|Transaction #1300 was successfully committed
2026-08-12 13:23:37| 595.7|  0.3|INFORM|Transaction #1301 was successfully committed
2026-08-12 13:23:38| 596.1|  0.4|INFORM|Transaction #1302 was successfully committed
2026-08-12 13:23:38| 596.4|  0.3|INFORM|Transaction #1303 was successfully committed
2026-08-12 13:23:38| 596.7|  0.3|INFORM|Transaction #1304 was successfully committed
2026-08-12 13:23:39| 597.0|  0.3|INFORM|MULTI_WRITER writer: 15,005 of 99,843 features written
2026-08-12 13:23:39| 597.0|  0.0|INFORM|Transaction #1305 was successfully committed
2026-08-12 13:23:39| 597.4|  0.4|INFORM|Transaction #1306 was successfully committed
2026-08-12 13:23:39| 597.7|  0.3|INFORM|Transaction #1307 was successfully committed
2026-08-12 13:23:40| 598.1|  0.4|INFORM|Transaction #1308 was successfully committed
2026-08-12 13:23:40| 598.4|  0.3|INFORM|Transaction #1309 was successfully committed
2026-08-12 13:23:40| 598.7|  0.3|INFORM|Transaction #1310 was successfully committed
2026-08-12 13:23:41| 599.1|  0.4|INFORM|Transaction #1311 was successfully committed
2026-08-12 13:23:41| 599.4|  0.3|INFORM|Transaction #1312 was successfully committed
2026-08-12 13:23:41| 599.7|  0.3|INFORM|Transaction #1313 was successfully committed
2026-08-12 13:23:42| 600.0|  0.3|INFORM|Transaction #1314 was successfully committed
2026-08-12 13:23:42| 600.4|  0.4|INFORM|Transaction #1315 was successfully committed
2026-08-12 13:23:42| 600.7|  0.3|INFORM|Transaction #1316 was successfully committed
2026-08-12 13:23:43| 601.0|  0.3|INFORM|Transaction #1317 was successfully committed
2026-08-12 13:23:43| 601.4|  0.4|INFORM|Transaction #1318 was successfully committed
2026-08-12 13:23:43| 601.7|  0.3|INFORM|Transaction #1319 was successfully committed
2026-08-12 13:23:44| 602.1|  0.4|INFORM|MULTI_WRITER writer: 30,013 of 99,843 features written
2026-08-12 13:23:44| 602.1|  0.0|INFORM|Transaction #1320 was successfully committed
2026-08-12 13:23:44| 602.4|  0.3|INFORM|Transaction #1321 was successfully committed
2026-08-12 13:23:44| 602.8|  0.4|INFORM|Transaction #1322 was successfully committed
2026-08-12 13:23:45| 603.1|  0.3|INFORM|Transaction #1323 was successfully committed
2026-08-12 13:23:45| 603.4|  0.3|INFORM|Transaction #1324 was successfully committed
2026-08-12 13:23:45| 603.8|  0.4|INFORM|Transaction #1325 was successfully committed
2026-08-12 13:23:46| 604.1|  0.3|INFORM|Transaction #1326 was successfully committed
2026-08-12 13:23:46| 604.4|  0.3|INFORM|Transaction #1327 was successfully committed
2026-08-12 13:23:46| 604.7|  0.3|INFORM|Transaction #1328 was successfully committed
2026-08-12 13:23:47| 605.0|  0.3|INFORM|Transaction #1329 was successfully committed
2026-08-12 13:23:47| 605.4|  0.4|INFORM|Transaction #1330 was successfully committed
2026-08-12 13:23:47| 605.7|  0.3|INFORM|Transaction #1331 was successfully committed
2026-08-12 13:23:48| 606.0|  0.3|INFORM|Transaction #1332 was successfully committed
2026-08-12 13:23:48| 606.4|  0.4|INFORM|Transaction #1333 was successfully committed
2026-08-12 13:23:48| 606.7|  0.3|INFORM|Transaction #1334 was successfully committed
2026-08-12 13:23:49| 607.0|  0.3|INFORM|MULTI_WRITER writer: 45,047 of 99,843 features written
2026-08-12 13:23:49| 607.0|  0.0|INFORM|Transaction #1335 was successfully committed
2026-08-12 13:23:49| 607.4|  0.4|INFORM|Transaction #1336 was successfully committed
2026-08-12 13:23:49| 607.7|  0.3|INFORM|Transaction #1337 was successfully committed
2026-08-12 13:23:50| 608.0|  0.3|INFORM|Transaction #1338 was successfully committed
2026-08-12 13:23:50| 608.3|  0.3|INFORM|Transaction #1339 was successfully committed
2026-08-12 13:23:50| 608.7|  0.4|INFORM|Transaction #1340 was successfully committed
2026-08-12 13:23:51| 609.0|  0.3|INFORM|Transaction #1341 was successfully committed
2026-08-12 13:23:51| 609.4|  0.4|INFORM|Transaction #1342 was successfully committed
2026-08-12 13:23:51| 609.7|  0.3|INFORM|Transaction #1343 was successfully committed
2026-08-12 13:23:52| 610.0|  0.3|INFORM|Transaction #1344 was successfully committed
2026-08-12 13:23:52| 610.4|  0.4|INFORM|Transaction #1345 was successfully committed
2026-08-12 13:23:52| 610.7|  0.3|INFORM|Transaction #1346 was successfully committed
2026-08-12 13:23:53| 611.1|  0.4|INFORM|Transaction #1347 was successfully committed
2026-08-12 13:23:53| 611.4|  0.3|INFORM|Transaction #1348 was successfully committed
2026-08-12 13:23:53| 611.7|  0.3|INFORM|Transaction #1349 was successfully committed
2026-08-12 13:23:54| 612.0|  0.3|INFORM|MULTI_WRITER writer: 59,905 of 99,843 features written
2026-08-12 13:23:54| 612.1|  0.1|INFORM|Transaction #1350 was successfully committed
2026-08-12 13:23:54| 612.4|  0.3|INFORM|Transaction #1351 was successfully committed
2026-08-12 13:23:54| 612.7|  0.3|INFORM|Transaction #1352 was successfully committed
2026-08-12 13:23:55| 613.1|  0.4|INFORM|Transaction #1353 was successfully committed
2026-08-12 13:23:55| 613.4|  0.3|INFORM|Transaction #1354 was successfully committed
2026-08-12 13:23:55| 613.7|  0.3|INFORM|Transaction #1355 was successfully committed
2026-08-12 13:23:56| 614.1|  0.4|INFORM|Transaction #1356 was successfully committed
2026-08-12 13:23:56| 614.4|  0.3|INFORM|Transaction #1357 was successfully committed
2026-08-12 13:23:56| 614.7|  0.3|INFORM|Transaction #1358 was successfully committed
2026-08-12 13:23:57| 615.1|  0.4|INFORM|Transaction #1359 was successfully committed
2026-08-12 13:23:57| 615.4|  0.3|INFORM|Transaction #1360 was successfully committed
2026-08-12 13:23:57| 615.8|  0.4|INFORM|Transaction #1361 was successfully committed
2026-08-12 13:23:58| 616.1|  0.3|INFORM|Transaction #1362 was successfully committed
2026-08-12 13:23:58| 616.4|  0.3|INFORM|Transaction #1363 was successfully committed
2026-08-12 13:23:58| 616.8|  0.4|INFORM|Transaction #1364 was successfully committed
2026-08-12 13:23:59| 617.0|  0.2|INFORM|MULTI_WRITER writer: 74,661 of 99,843 features written
2026-08-12 13:23:59| 617.1|  0.1|INFORM|Transaction #1365 was successfully committed
2026-08-12 13:23:59| 617.5|  0.4|INFORM|Transaction #1366 was successfully committed
2026-08-12 13:23:59| 617.8|  0.3|INFORM|Transaction #1367 was successfully committed
2026-08-12 13:24:00| 618.2|  0.4|INFORM|Transaction #1368 was successfully committed
2026-08-12 13:24:00| 618.5|  0.3|INFORM|Transaction #1369 was successfully committed
2026-08-12 13:24:00| 618.8|  0.3|INFORM|Transaction #1370 was successfully committed
2026-08-12 13:24:01| 619.1|  0.3|INFORM|Transaction #1371 was successfully committed
2026-08-12 13:24:01| 619.5|  0.4|INFORM|Transaction #1372 was successfully committed
2026-08-12 13:24:01| 619.8|  0.3|INFORM|Transaction #1373 was successfully committed
2026-08-12 13:24:02| 620.1|  0.3|INFORM|Transaction #1374 was successfully committed
2026-08-12 13:24:02| 620.5|  0.4|INFORM|Transaction #1375 was successfully committed
2026-08-12 13:24:02| 620.8|  0.3|INFORM|Transaction #1376 was successfully committed
2026-08-12 13:24:03| 621.1|  0.3|INFORM|Transaction #1377 was successfully committed
2026-08-12 13:24:03| 621.4|  0.3|INFORM|Transaction #1378 was successfully committed
2026-08-12 13:24:03| 621.8|  0.4|INFORM|Transaction #1379 was successfully committed
2026-08-12 13:24:04| 622.0|  0.2|INFORM|MULTI_WRITER writer: 89,764 of 99,843 features written
2026-08-12 13:24:04| 622.1|  0.1|INFORM|Transaction #1380 was successfully committed
2026-08-12 13:24:04| 622.4|  0.3|INFORM|Transaction #1381 was successfully committed
2026-08-12 13:24:04| 622.8|  0.4|INFORM|Transaction #1382 was successfully committed
2026-08-12 13:24:05| 623.1|  0.3|INFORM|Transaction #1383 was successfully committed
2026-08-12 13:24:05| 623.4|  0.3|INFORM|Transaction #1384 was successfully committed
2026-08-12 13:24:05| 623.8|  0.4|INFORM|Transaction #1385 was successfully committed
2026-08-12 13:24:06| 624.1|  0.3|INFORM|Transaction #1386 was successfully committed
2026-08-12 13:24:06| 624.4|  0.3|INFORM|Transaction #1387 was successfully committed
2026-08-12 13:24:06| 624.7|  0.3|INFORM|Transaction #1388 was successfully committed
2026-08-12 13:24:07| 625.1|  0.4|INFORM|Transaction #1389 was successfully committed
2026-08-12 13:24:07| 625.3|  0.2|INFORM|MULTI_WRITER writer: 99,843 of 99,843 features written
2026-08-12 13:24:08| 626.4|  1.1|INFORM|FFS writer: Writing 100000 feature(s) to file 'C:\Users\ASHTON~1.EAV\AppData\Local\Temp\wb-cache-LUS_PostProcessing_V01_ACE_25062-pwVrLI\Main_FeatureMerger -1 9 fo 0 MERGED  0  3bb0bff46fb22b1870d2b0394c88e7443c1c5b53_14.fts'
2026-08-12 13:24:08| 626.5|  0.1|INFORM|Spatial Index: Adding 100000 features
2026-08-12 13:24:08| 626.5|  0.0|INFORM|AttributeManager_OUTPUT Feature Recorder -1 2147614758 (RecorderFactory): Splitting bulk features into individual features
2026-08-12 13:24:08| 626.6|  0.1|INFORM|Transaction #1390 was successfully committed
2026-08-12 13:24:09| 627.0|  0.4|INFORM|FFS writer: Writing 99345 feature(s) to file 'C:\Users\ASHTON~1.EAV\AppData\Local\Temp\wb-cache-LUS_PostProcessing_V01_ACE_25062-pwVrLI\Main_AttributeManager -1 38 fo 0 OUTPUT  0  71ef952938b38eff2ab0aa29d9504d1788ebbaa7_22.fts'
2026-08-12 13:24:09| 627.2|  0.2|INFORM|Spatial Index: Adding 99345 features
2026-08-12 13:24:09| 627.3|  0.1|INFORM|MULTI_WRITER writer: Splitting bulk features into individual features
2026-08-12 13:24:09| 627.5|  0.2|INFORM|Transaction #1391 was successfully committed
2026-08-12 13:24:09| 627.8|  0.3|INFORM|Transaction #1392 was successfully committed
2026-08-12 13:24:10| 628.1|  0.3|INFORM|Transaction #1393 was successfully committed
2026-08-12 13:24:10| 628.4|  0.3|INFORM|Transaction #1394 was successfully committed
2026-08-12 13:24:10| 628.8|  0.4|INFORM|Transaction #1395 was successfully committed
2026-08-12 13:24:11| 629.1|  0.3|INFORM|Transaction #1396 was successfully committed
2026-08-12 13:24:11| 629.4|  0.3|INFORM|Transaction #1397 was successfully committed
2026-08-12 13:24:11| 629.7|  0.3|INFORM|Transaction #1398 was successfully committed
2026-08-12 13:24:12| 630.1|  0.4|INFORM|Transaction #1399 was successfully committed
2026-08-12 13:24:12| 630.4|  0.3|INFORM|Transaction #1400 was successfully committed
2026-08-12 13:24:12| 630.8|  0.4|INFORM|Transaction #1401 was successfully committed
2026-08-12 13:24:13| 631.1|  0.3|INFORM|Transaction #1402 was successfully committed
2026-08-12 13:24:13| 631.4|  0.3|INFORM|Transaction #1403 was successfully committed
2026-08-12 13:24:13| 631.8|  0.4|INFORM|Transaction #1404 was successfully committed
2026-08-12 13:24:14| 632.1|  0.3|INFORM|Transaction #1405 was successfully committed
2026-08-12 13:24:14| 632.2|  0.1|INFORM|MULTI_WRITER writer: 15,028 of 99,345 features written
2026-08-12 13:24:14| 632.4|  0.2|INFORM|Transaction #1406 was successfully committed
2026-08-12 13:24:14| 632.7|  0.3|INFORM|Transaction #1407 was successfully committed
2026-08-12 13:24:15| 633.0|  0.3|INFORM|Transaction #1408 was successfully committed
2026-08-12 13:24:15| 633.3|  0.3|INFORM|Transaction #1409 was successfully committed
2026-08-12 13:24:15| 633.8|  0.5|INFORM|Transaction #1410 was successfully committed
2026-08-12 13:24:16| 634.0|  0.2|INFORM|Transaction #1411 was successfully committed
2026-08-12 13:24:16| 634.4|  0.4|INFORM|Transaction #1412 was successfully committed
2026-08-12 13:24:16| 634.7|  0.3|INFORM|Transaction #1413 was successfully committed
2026-08-12 13:24:17| 635.0|  0.3|INFORM|Transaction #1414 was successfully committed
2026-08-12 13:24:17| 635.4|  0.4|INFORM|Transaction #1415 was successfully committed
2026-08-12 13:24:17| 635.7|  0.3|INFORM|Transaction #1416 was successfully committed
2026-08-12 13:24:18| 636.0|  0.3|INFORM|Transaction #1417 was successfully committed
2026-08-12 13:24:18| 636.3|  0.3|INFORM|Transaction #1418 was successfully committed
2026-08-12 13:24:18| 636.7|  0.4|INFORM|Transaction #1419 was successfully committed
2026-08-12 13:24:19| 637.0|  0.3|INFORM|Transaction #1420 was successfully committed
2026-08-12 13:24:19| 637.2|  0.2|INFORM|MULTI_WRITER writer: 30,061 of 99,345 features written
2026-08-12 13:24:19| 637.3|  0.1|INFORM|Transaction #1421 was successfully committed
2026-08-12 13:24:19| 637.7|  0.4|INFORM|Transaction #1422 was successfully committed
2026-08-12 13:24:20| 638.0|  0.3|INFORM|Transaction #1423 was successfully committed
2026-08-12 13:24:20| 638.3|  0.3|INFORM|Transaction #1424 was successfully committed
2026-08-12 13:24:20| 638.7|  0.4|INFORM|Transaction #1425 was successfully committed
2026-08-12 13:24:21| 639.1|  0.4|INFORM|Transaction #1426 was successfully committed
2026-08-12 13:24:21| 639.4|  0.3|INFORM|Transaction #1427 was successfully committed
2026-08-12 13:24:21| 639.7|  0.3|INFORM|Transaction #1428 was successfully committed
2026-08-12 13:24:22| 640.1|  0.4|INFORM|Transaction #1429 was successfully committed
2026-08-12 13:24:22| 640.4|  0.3|INFORM|Transaction #1430 was successfully committed
2026-08-12 13:24:22| 640.7|  0.3|INFORM|Transaction #1431 was successfully committed
2026-08-12 13:24:23| 641.0|  0.3|INFORM|Transaction #1432 was successfully committed
2026-08-12 13:24:23| 641.4|  0.4|INFORM|Transaction #1433 was successfully committed
2026-08-12 13:24:23| 641.7|  0.3|INFORM|Transaction #1434 was successfully committed
2026-08-12 13:24:24| 642.0|  0.3|INFORM|Transaction #1435 was successfully committed
2026-08-12 13:24:24| 642.2|  0.2|INFORM|MULTI_WRITER writer: 45,140 of 99,345 features written
2026-08-12 13:24:24| 642.4|  0.2|INFORM|Transaction #1436 was successfully committed
2026-08-12 13:24:24| 642.7|  0.3|INFORM|Transaction #1437 was successfully committed
2026-08-12 13:24:25| 643.0|  0.3|INFORM|Transaction #1438 was successfully committed
2026-08-12 13:24:25| 643.4|  0.4|INFORM|Transaction #1439 was successfully committed
2026-08-12 13:24:25| 643.7|  0.3|INFORM|Transaction #1440 was successfully committed
2026-08-12 13:24:26| 644.1|  0.4|INFORM|Transaction #1441 was successfully committed
2026-08-12 13:24:26| 644.4|  0.3|INFORM|Transaction #1442 was successfully committed
2026-08-12 13:24:26| 644.7|  0.3|INFORM|Transaction #1443 was successfully committed
2026-08-12 13:24:27| 645.0|  0.3|INFORM|Transaction #1444 was successfully committed
2026-08-12 13:24:27| 645.3|  0.3|INFORM|Transaction #1445 was successfully committed
2026-08-12 13:24:27| 645.6|  0.3|INFORM|Transaction #1446 was successfully committed
2026-08-12 13:24:28| 645.9|  0.3|INFORM|Transaction #1447 was successfully committed
2026-08-12 13:24:28| 646.3|  0.4|INFORM|Transaction #1448 was successfully committed
2026-08-12 13:24:28| 646.6|  0.3|INFORM|Transaction #1449 was successfully committed
2026-08-12 13:24:29| 646.9|  0.3|INFORM|Transaction #1450 was successfully committed
2026-08-12 13:24:29| 647.2|  0.3|INFORM|MULTI_WRITER writer: 60,315 of 99,345 features written
2026-08-12 13:24:29| 647.3|  0.1|INFORM|Transaction #1451 was successfully committed
2026-08-12 13:24:29| 647.6|  0.3|INFORM|Transaction #1452 was successfully committed
2026-08-12 13:24:30| 647.9|  0.3|INFORM|Transaction #1453 was successfully committed
2026-08-12 13:24:30| 648.3|  0.4|INFORM|Transaction #1454 was successfully committed
2026-08-12 13:24:30| 648.7|  0.4|INFORM|Transaction #1455 was successfully committed
2026-08-12 13:24:31| 648.9|  0.2|INFORM|Transaction #1456 was successfully committed
2026-08-12 13:24:31| 649.3|  0.4|INFORM|Transaction #1457 was successfully committed
2026-08-12 13:24:31| 649.6|  0.3|INFORM|Transaction #1458 was successfully committed
2026-08-12 13:24:32| 649.9|  0.3|INFORM|Transaction #1459 was successfully committed
2026-08-12 13:24:32| 650.3|  0.4|INFORM|Transaction #1460 was successfully committed
2026-08-12 13:24:32| 650.6|  0.3|INFORM|Transaction #1461 was successfully committed
2026-08-12 13:24:33| 650.9|  0.3|INFORM|Transaction #1462 was successfully committed
2026-08-12 13:24:33| 651.3|  0.4|INFORM|Transaction #1463 was successfully committed
2026-08-12 13:24:33| 651.6|  0.3|INFORM|Transaction #1464 was successfully committed
2026-08-12 13:24:34| 651.9|  0.3|INFORM|Transaction #1465 was successfully committed
2026-08-12 13:24:34| 652.2|  0.3|INFORM|MULTI_WRITER writer: 75,328 of 99,345 features written
2026-08-12 13:24:34| 652.3|  0.1|INFORM|Transaction #1466 was successfully committed
2026-08-12 13:24:34| 652.6|  0.3|INFORM|Transaction #1467 was successfully committed
2026-08-12 13:24:35| 652.9|  0.3|INFORM|Transaction #1468 was successfully committed
2026-08-12 13:24:35| 653.3|  0.4|INFORM|Transaction #1469 was successfully committed
2026-08-12 13:24:35| 653.6|  0.3|INFORM|Transaction #1470 was successfully committed
2026-08-12 13:24:36| 654.0|  0.4|INFORM|Transaction #1471 was successfully committed
2026-08-12 13:24:36| 654.3|  0.3|INFORM|Transaction #1472 was successfully committed
2026-08-12 13:24:36| 654.6|  0.3|INFORM|Transaction #1473 was successfully committed
2026-08-12 13:24:37| 654.9|  0.3|INFORM|Transaction #1474 was successfully committed
2026-08-12 13:24:37| 655.3|  0.4|INFORM|Transaction #1475 was successfully committed
2026-08-12 13:24:37| 655.6|  0.3|INFORM|Transaction #1476 was successfully committed
2026-08-12 13:24:38| 655.9|  0.3|INFORM|Transaction #1477 was successfully committed
2026-08-12 13:24:38| 656.2|  0.3|INFORM|Transaction #1478 was successfully committed
2026-08-12 13:24:38| 656.6|  0.4|INFORM|Transaction #1479 was successfully committed
2026-08-12 13:24:39| 657.0|  0.4|INFORM|Transaction #1480 was successfully committed
2026-08-12 13:24:39| 657.3|  0.3|INFORM|MULTI_WRITER writer: 90,397 of 99,345 features written
2026-08-12 13:24:39| 657.3|  0.0|INFORM|Transaction #1481 was successfully committed
2026-08-12 13:24:39| 657.7|  0.4|INFORM|Transaction #1482 was successfully committed
2026-08-12 13:24:40| 658.0|  0.3|INFORM|Transaction #1483 was successfully committed
2026-08-12 13:24:40| 658.3|  0.3|INFORM|Transaction #1484 was successfully committed
2026-08-12 13:24:40| 658.6|  0.3|INFORM|Transaction #1485 was successfully committed
2026-08-12 13:24:41| 659.0|  0.4|INFORM|Transaction #1486 was successfully committed
2026-08-12 13:24:41| 659.3|  0.3|INFORM|Transaction #1487 was successfully committed
2026-08-12 13:24:41| 659.6|  0.3|INFORM|Transaction #1488 was successfully committed
2026-08-12 13:24:42| 659.9|  0.3|INFORM|Transaction #1489 was successfully committed
2026-08-12 13:24:42| 660.2|  0.3|INFORM|MULTI_WRITER writer: 99,345 of 99,345 features written
2026-08-12 13:24:43| 661.2|  1.0|INFORM|FFS writer: Writing 98147 feature(s) to file 'C:\Users\ASHTON~1.EAV\AppData\Local\Temp\wb-cache-LUS_PostProcessing_V01_ACE_25062-pwVrLI\Main_FeatureMerger -1 9 fo 0 MERGED  0  3bb0bff46fb22b1870d2b0394c88e7443c1c5b53_15.fts'
2026-08-12 13:24:43| 661.3|  0.1|INFORM|Spatial Index: Adding 98147 features
2026-08-12 13:24:43| 661.4|  0.1|INFORM|AttributeManager_OUTPUT Feature Recorder -1 2147614758 (RecorderFactory): Splitting bulk features into individual features
2026-08-12 13:24:43| 661.7|  0.3|INFORM|FFS writer: Writing 98007 feature(s) to file 'C:\Users\ASHTON~1.EAV\AppData\Local\Temp\wb-cache-LUS_PostProcessing_V01_ACE_25062-pwVrLI\Main_AttributeManager -1 38 fo 0 OUTPUT  0  71ef952938b38eff2ab0aa29d9504d1788ebbaa7_23.fts'
2026-08-12 13:24:44| 661.8|  0.1|INFORM|Spatial Index: Adding 98007 features
2026-08-12 13:24:44| 661.8|  0.0|INFORM|MULTI_WRITER writer: Splitting bulk features into individual features
2026-08-12 13:24:44| 661.9|  0.1|INFORM|Transaction #1490 was successfully committed
2026-08-12 13:24:44| 662.2|  0.3|INFORM|Transaction #1491 was successfully committed
2026-08-12 13:24:44| 662.6|  0.4|INFORM|Transaction #1492 was successfully committed
2026-08-12 13:24:45| 662.9|  0.3|INFORM|Transaction #1493 was successfully committed
2026-08-12 13:24:45| 663.2|  0.3|INFORM|Transaction #1494 was successfully committed
2026-08-12 13:24:45| 663.6|  0.4|INFORM|Transaction #1495 was successfully committed
2026-08-12 13:24:46| 663.9|  0.3|INFORM|Transaction #1496 was successfully committed
2026-08-12 13:24:46| 664.3|  0.4|INFORM|Transaction #1497 was successfully committed
2026-08-12 13:24:46| 664.6|  0.3|INFORM|Transaction #1498 was successfully committed
2026-08-12 13:24:47| 664.9|  0.3|INFORM|Transaction #1499 was successfully committed
2026-08-12 13:24:47| 665.3|  0.4|INFORM|Transaction #1500 was successfully committed
2026-08-12 13:24:47| 665.6|  0.3|INFORM|Transaction #1501 was successfully committed
2026-08-12 13:24:48| 665.9|  0.3|INFORM|Transaction #1502 was successfully committed
2026-08-12 13:24:48| 666.3|  0.4|INFORM|Transaction #1503 was successfully committed
2026-08-12 13:24:48| 666.7|  0.4|INFORM|Transaction #1504 was successfully committed
2026-08-12 13:24:49| 666.9|  0.2|INFORM|MULTI_WRITER writer: 14,857 of 98,007 features written
2026-08-12 13:24:49| 667.0|  0.1|INFORM|Transaction #1505 was successfully committed
2026-08-12 13:24:49| 667.3|  0.3|INFORM|Transaction #1506 was successfully committed
2026-08-12 13:24:49| 667.6|  0.3|INFORM|Transaction #1507 was successfully committed
2026-08-12 13:24:50| 668.0|  0.4|INFORM|Transaction #1508 was successfully committed
2026-08-12 13:24:50| 668.3|  0.3|INFORM|Transaction #1509 was successfully committed
2026-08-12 13:24:50| 668.6|  0.3|INFORM|Transaction #1510 was successfully committed
2026-08-12 13:24:51| 669.0|  0.4|INFORM|Transaction #1511 was successfully committed
2026-08-12 13:24:51| 669.3|  0.3|INFORM|Transaction #1512 was successfully committed
2026-08-12 13:24:51| 669.6|  0.3|INFORM|Transaction #1513 was successfully committed
2026-08-12 13:24:52| 670.0|  0.4|INFORM|Transaction #1514 was successfully committed
2026-08-12 13:24:52| 670.3|  0.3|INFORM|Transaction #1515 was successfully committed
2026-08-12 13:24:52| 670.6|  0.3|INFORM|Transaction #1516 was successfully committed
2026-08-12 13:24:53| 671.0|  0.4|INFORM|Transaction #1517 was successfully committed
2026-08-12 13:24:53| 671.3|  0.3|INFORM|Transaction #1518 was successfully committed
2026-08-12 13:24:53| 671.6|  0.3|INFORM|Transaction #1519 was successfully committed
2026-08-12 13:24:54| 671.8|  0.2|INFORM|MULTI_WRITER writer: 29,815 of 98,007 features written
2026-08-12 13:24:54| 672.0|  0.2|INFORM|Transaction #1520 was successfully committed
2026-08-12 13:24:54| 672.3|  0.3|INFORM|Transaction #1521 was successfully committed
2026-08-12 13:24:54| 672.6|  0.3|INFORM|Transaction #1522 was successfully committed
2026-08-12 13:24:55| 673.0|  0.4|INFORM|Transaction #1523 was successfully committed
2026-08-12 13:24:55| 673.3|  0.3|INFORM|Transaction #1524 was successfully committed
2026-08-12 13:24:55| 673.6|  0.3|INFORM|Transaction #1525 was successfully committed
2026-08-12 13:24:56| 674.0|  0.4|INFORM|Transaction #1526 was successfully committed
2026-08-12 13:24:56| 674.3|  0.3|INFORM|Transaction #1527 was successfully committed
2026-08-12 13:24:56| 674.6|  0.3|INFORM|Transaction #1528 was successfully committed
2026-08-12 13:24:57| 675.0|  0.4|INFORM|Transaction #1529 was successfully committed
2026-08-12 13:24:57| 675.3|  0.3|INFORM|Transaction #1530 was successfully committed
2026-08-12 13:24:57| 675.7|  0.4|INFORM|Transaction #1531 was successfully committed
2026-08-12 13:24:58| 676.0|  0.3|INFORM|Transaction #1532 was successfully committed
2026-08-12 13:24:58| 676.4|  0.4|INFORM|Transaction #1533 was successfully committed
2026-08-12 13:24:58| 676.7|  0.3|INFORM|Transaction #1534 was successfully committed
2026-08-12 13:24:59| 676.9|  0.2|INFORM|MULTI_WRITER writer: 44,810 of 98,007 features written
2026-08-12 13:24:59| 677.0|  0.1|INFORM|Transaction #1535 was successfully committed
2026-08-12 13:24:59| 677.3|  0.3|INFORM|Transaction #1536 was successfully committed
2026-08-12 13:24:59| 677.6|  0.3|INFORM|Transaction #1537 was successfully committed
2026-08-12 13:25:00| 678.0|  0.4|INFORM|Transaction #1538 was successfully committed
2026-08-12 13:25:00| 678.3|  0.3|INFORM|Transaction #1539 was successfully committed
2026-08-12 13:25:00| 678.6|  0.3|INFORM|Transaction #1540 was successfully committed
2026-08-12 13:25:01| 679.0|  0.4|INFORM|Transaction #1541 was successfully committed
2026-08-12 13:25:01| 679.3|  0.3|INFORM|Transaction #1542 was successfully committed
2026-08-12 13:25:01| 679.6|  0.3|INFORM|Transaction #1543 was successfully committed
2026-08-12 13:25:02| 680.0|  0.4|INFORM|Transaction #1544 was successfully committed
2026-08-12 13:25:02| 680.4|  0.4|INFORM|Transaction #1545 was successfully committed
2026-08-12 13:25:02| 680.7|  0.3|INFORM|Transaction #1546 was successfully committed
2026-08-12 13:25:03| 681.1|  0.4|INFORM|Transaction #1547 was successfully committed
2026-08-12 13:25:03| 681.4|  0.3|INFORM|Transaction #1548 was successfully committed
2026-08-12 13:25:03| 681.7|  0.3|INFORM|Transaction #1549 was successfully committed
2026-08-12 13:25:04| 681.9|  0.2|INFORM|MULTI_WRITER writer: 59,589 of 98,007 features written
2026-08-12 13:25:04| 682.1|  0.2|INFORM|Transaction #1550 was successfully committed
2026-08-12 13:25:04| 682.4|  0.3|INFORM|Transaction #1551 was successfully committed
2026-08-12 13:25:04| 682.7|  0.3|INFORM|Transaction #1552 was successfully committed
2026-08-12 13:25:05| 683.1|  0.4|INFORM|Transaction #1553 was successfully committed
2026-08-12 13:25:05| 683.4|  0.3|INFORM|Transaction #1554 was successfully committed
2026-08-12 13:25:05| 683.7|  0.3|INFORM|Transaction #1555 was successfully committed
2026-08-12 13:25:06| 684.1|  0.4|INFORM|Transaction #1556 was successfully committed
2026-08-12 13:25:06| 684.4|  0.3|INFORM|Transaction #1557 was successfully committed
2026-08-12 13:25:06| 684.7|  0.3|INFORM|Transaction #1558 was successfully committed
2026-08-12 13:25:07| 685.0|  0.3|INFORM|Transaction #1559 was successfully committed
2026-08-12 13:25:07| 685.4|  0.4|INFORM|Transaction #1560 was successfully committed
2026-08-12 13:25:07| 685.7|  0.3|INFORM|Transaction #1561 was successfully committed
2026-08-12 13:25:08| 686.0|  0.3|INFORM|Transaction #1562 was successfully committed
2026-08-12 13:25:08| 686.3|  0.3|INFORM|Transaction #1563 was successfully committed
2026-08-12 13:25:08| 686.7|  0.4|INFORM|Transaction #1564 was successfully committed
2026-08-12 13:25:09| 686.8|  0.1|INFORM|MULTI_WRITER writer: 74,552 of 98,007 features written
2026-08-12 13:25:09| 687.0|  0.2|INFORM|Transaction #1565 was successfully committed
2026-08-12 13:25:09| 687.3|  0.3|INFORM|Transaction #1566 was successfully committed
2026-08-12 13:25:09| 687.7|  0.4|INFORM|Transaction #1567 was successfully committed
2026-08-12 13:25:10| 688.1|  0.4|INFORM|Transaction #1568 was successfully committed
2026-08-12 13:25:10| 688.4|  0.3|INFORM|Transaction #1569 was successfully committed
2026-08-12 13:25:10| 688.7|  0.3|INFORM|Transaction #1570 was successfully committed
2026-08-12 13:25:11| 689.0|  0.3|INFORM|Transaction #1571 was successfully committed
2026-08-12 13:25:11| 689.4|  0.4|INFORM|Transaction #1572 was successfully committed
2026-08-12 13:25:11| 689.7|  0.3|INFORM|Transaction #1573 was successfully committed
2026-08-12 13:25:12| 690.0|  0.3|INFORM|Transaction #1574 was successfully committed
2026-08-12 13:25:12| 690.4|  0.4|INFORM|Transaction #1575 was successfully committed
2026-08-12 13:25:12| 690.7|  0.3|INFORM|Transaction #1576 was successfully committed
2026-08-12 13:25:13| 691.0|  0.3|INFORM|Transaction #1577 was successfully committed
2026-08-12 13:25:13| 691.3|  0.3|INFORM|Transaction #1578 was successfully committed
2026-08-12 13:25:13| 691.7|  0.4|INFORM|Transaction #1579 was successfully committed
2026-08-12 13:25:14| 691.8|  0.1|INFORM|MULTI_WRITER writer: 89,549 of 98,007 features written
2026-08-12 13:25:14| 692.0|  0.2|INFORM|Transaction #1580 was successfully committed
2026-08-12 13:25:14| 692.3|  0.3|INFORM|Transaction #1581 was successfully committed
2026-08-12 13:25:14| 692.7|  0.4|INFORM|Transaction #1582 was successfully committed
2026-08-12 13:25:15| 693.1|  0.4|INFORM|Transaction #1583 was successfully committed
2026-08-12 13:25:15| 693.4|  0.3|INFORM|Transaction #1584 was successfully committed
2026-08-12 13:25:15| 693.7|  0.3|INFORM|Transaction #1585 was successfully committed
2026-08-12 13:25:16| 694.0|  0.3|INFORM|Transaction #1586 was successfully committed
2026-08-12 13:25:16| 694.4|  0.4|INFORM|Transaction #1587 was successfully committed
2026-08-12 13:25:16| 694.7|  0.3|INFORM|MULTI_WRITER writer: 98,007 of 98,007 features written
2026-08-12 13:25:17| 695.6|  0.9|INFORM|FFS writer: Writing 96698 feature(s) to file 'C:\Users\ASHTON~1.EAV\AppData\Local\Temp\wb-cache-LUS_PostProcessing_V01_ACE_25062-pwVrLI\Main_FeatureMerger -1 9 fo 0 MERGED  0  3bb0bff46fb22b1870d2b0394c88e7443c1c5b53_16.fts'
2026-08-12 13:25:17| 695.7|  0.1|INFORM|Spatial Index: Adding 96698 features
2026-08-12 13:25:18| 695.7|  0.0|INFORM|AttributeManager_OUTPUT Feature Recorder -1 2147614758 (RecorderFactory): Splitting bulk features into individual features
2026-08-12 13:25:18| 695.8|  0.1|INFORM|Transaction #1588 was successfully committed
2026-08-12 13:25:18| 696.2|  0.4|INFORM|FFS writer: Writing 96416 feature(s) to file 'C:\Users\ASHTON~1.EAV\AppData\Local\Temp\wb-cache-LUS_PostProcessing_V01_ACE_25062-pwVrLI\Main_AttributeManager -1 38 fo 0 OUTPUT  0  71ef952938b38eff2ab0aa29d9504d1788ebbaa7_24.fts'
2026-08-12 13:25:18| 696.3|  0.1|INFORM|Spatial Index: Adding 96416 features
2026-08-12 13:25:18| 696.3|  0.0|INFORM|MULTI_WRITER writer: Splitting bulk features into individual features
2026-08-12 13:25:18| 696.6|  0.3|INFORM|Transaction #1589 was successfully committed
2026-08-12 13:25:19| 697.0|  0.4|INFORM|Transaction #1590 was successfully committed
2026-08-12 13:25:19| 697.4|  0.4|INFORM|Transaction #1591 was successfully committed
2026-08-12 13:25:19| 697.7|  0.3|INFORM|Transaction #1592 was successfully committed
2026-08-12 13:25:20| 698.0|  0.3|INFORM|Transaction #1593 was successfully committed
2026-08-12 13:25:20| 698.3|  0.3|INFORM|Transaction #1594 was successfully committed
2026-08-12 13:25:20| 698.7|  0.4|INFORM|Transaction #1595 was successfully committed
2026-08-12 13:25:21| 699.0|  0.3|INFORM|Transaction #1596 was successfully committed
2026-08-12 13:25:21| 699.3|  0.3|INFORM|Transaction #1597 was successfully committed
2026-08-12 13:25:21| 699.6|  0.3|INFORM|Transaction #1598 was successfully committed
2026-08-12 13:25:22| 699.9|  0.3|INFORM|Transaction #1599 was successfully committed
2026-08-12 13:25:22| 700.4|  0.5|INFORM|Transaction #1600 was successfully committed
2026-08-12 13:25:22| 700.6|  0.2|INFORM|Transaction #1601 was successfully committed
2026-08-12 13:25:23| 701.0|  0.4|INFORM|Transaction #1602 was successfully committed
2026-08-12 13:25:23| 701.3|  0.3|INFORM|Transaction #1603 was successfully committed
2026-08-12 13:25:23| 701.4|  0.1|INFORM|MULTI_WRITER writer: 15,035 of 96,416 features written
2026-08-12 13:25:23| 701.6|  0.2|INFORM|Transaction #1604 was successfully committed
2026-08-12 13:25:24| 701.9|  0.3|INFORM|Transaction #1605 was successfully committed
2026-08-12 13:25:24| 702.3|  0.4|INFORM|Transaction #1606 was successfully committed
2026-08-12 13:25:24| 702.6|  0.3|INFORM|Transaction #1607 was successfully committed
2026-08-12 13:25:25| 702.9|  0.3|INFORM|Transaction #1608 was successfully committed
2026-08-12 13:25:25| 703.3|  0.4|INFORM|Transaction #1609 was successfully committed
2026-08-12 13:25:25| 703.6|  0.3|INFORM|Transaction #1610 was successfully committed
2026-08-12 13:25:26| 704.0|  0.4|INFORM|Transaction #1611 was successfully committed
2026-08-12 13:25:26| 704.3|  0.3|INFORM|Transaction #1612 was successfully committed
2026-08-12 13:25:26| 704.6|  0.3|INFORM|Transaction #1613 was successfully committed
2026-08-12 13:25:27| 705.0|  0.4|INFORM|Transaction #1614 was successfully committed
2026-08-12 13:25:27| 705.3|  0.3|INFORM|Transaction #1615 was successfully committed
2026-08-12 13:25:27| 705.6|  0.3|INFORM|Transaction #1616 was successfully committed
2026-08-12 13:25:28| 705.9|  0.3|INFORM|Transaction #1617 was successfully committed
2026-08-12 13:25:28| 706.3|  0.4|INFORM|Transaction #1618 was successfully committed
2026-08-12 13:25:28| 706.4|  0.1|INFORM|MULTI_WRITER writer: 30,083 of 96,416 features written
2026-08-12 13:25:28| 706.7|  0.3|INFORM|Transaction #1619 was successfully committed
2026-08-12 13:25:29| 707.0|  0.3|INFORM|Transaction #1620 was successfully committed
2026-08-12 13:25:29| 707.3|  0.3|INFORM|Transaction #1621 was successfully committed
2026-08-12 13:25:29| 707.6|  0.3|INFORM|Transaction #1622 was successfully committed
2026-08-12 13:25:30| 708.0|  0.4|INFORM|Transaction #1623 was successfully committed
2026-08-12 13:25:30| 708.3|  0.3|INFORM|Transaction #1624 was successfully committed
2026-08-12 13:25:30| 708.6|  0.3|INFORM|Transaction #1625 was successfully committed
2026-08-12 13:25:31| 708.9|  0.3|INFORM|Transaction #1626 was successfully committed
2026-08-12 13:25:31| 709.2|  0.3|INFORM|Transaction #1627 was successfully committed
2026-08-12 13:25:31| 709.6|  0.4|INFORM|Transaction #1628 was successfully committed
2026-08-12 13:25:32| 709.9|  0.3|INFORM|Transaction #1629 was successfully committed
2026-08-12 13:25:32| 710.2|  0.3|INFORM|Transaction #1630 was successfully committed
2026-08-12 13:25:32| 710.6|  0.4|INFORM|Transaction #1631 was successfully committed
2026-08-12 13:25:33| 710.9|  0.3|INFORM|Transaction #1632 was successfully committed
2026-08-12 13:25:33| 711.2|  0.3|INFORM|Transaction #1633 was successfully committed
2026-08-12 13:25:33| 711.3|  0.1|INFORM|MULTI_WRITER writer: 45,191 of 96,416 features written
2026-08-12 13:25:33| 711.6|  0.3|INFORM|Transaction #1634 was successfully committed
2026-08-12 13:25:34| 712.0|  0.4|INFORM|Transaction #1635 was successfully committed
2026-08-12 13:25:34| 712.3|  0.3|INFORM|Transaction #1636 was successfully committed
2026-08-12 13:25:34| 712.6|  0.3|INFORM|Transaction #1637 was successfully committed
2026-08-12 13:25:35| 712.9|  0.3|INFORM|Transaction #1638 was successfully committed
2026-08-12 13:25:35| 713.2|  0.3|INFORM|Transaction #1639 was successfully committed
2026-08-12 13:25:35| 713.6|  0.4|INFORM|Transaction #1640 was successfully committed
2026-08-12 13:25:36| 713.9|  0.3|INFORM|Transaction #1641 was successfully committed
2026-08-12 13:25:36| 714.2|  0.3|INFORM|Transaction #1642 was successfully committed
2026-08-12 13:25:36| 714.6|  0.4|INFORM|Transaction #1643 was successfully committed
2026-08-12 13:25:37| 714.9|  0.3|INFORM|Transaction #1644 was successfully committed
2026-08-12 13:25:37| 715.2|  0.3|INFORM|Transaction #1645 was successfully committed
2026-08-12 13:25:37| 715.6|  0.4|INFORM|Transaction #1646 was successfully committed
2026-08-12 13:25:38| 715.9|  0.3|INFORM|Transaction #1647 was successfully committed
2026-08-12 13:25:38| 716.2|  0.3|INFORM|Transaction #1648 was successfully committed
2026-08-12 13:25:38| 716.3|  0.1|INFORM|MULTI_WRITER writer: 60,107 of 96,416 features written
2026-08-12 13:25:38| 716.6|  0.3|INFORM|Transaction #1649 was successfully committed
2026-08-12 13:25:39| 716.9|  0.3|INFORM|Transaction #1650 was successfully committed
2026-08-12 13:25:39| 717.2|  0.3|INFORM|Transaction #1651 was successfully committed
2026-08-12 13:25:39| 717.6|  0.4|INFORM|Transaction #1652 was successfully committed
2026-08-12 13:25:40| 717.9|  0.3|INFORM|Transaction #1653 was successfully committed
2026-08-12 13:25:40| 718.2|  0.3|INFORM|Transaction #1654 was successfully committed
2026-08-12 13:25:40| 718.6|  0.4|INFORM|Transaction #1655 was successfully committed
2026-08-12 13:25:41| 718.9|  0.3|INFORM|Transaction #1656 was successfully committed
2026-08-12 13:25:41| 719.2|  0.3|INFORM|Transaction #1657 was successfully committed
2026-08-12 13:25:41| 719.6|  0.4|INFORM|Transaction #1658 was successfully committed
2026-08-12 13:25:42| 719.9|  0.3|INFORM|Transaction #1659 was successfully committed
2026-08-12 13:25:42| 720.3|  0.4|INFORM|Transaction #1660 was successfully committed
2026-08-12 13:25:42| 720.6|  0.3|INFORM|Transaction #1661 was successfully committed
2026-08-12 13:25:43| 720.9|  0.3|INFORM|Transaction #1662 was successfully committed
2026-08-12 13:25:43| 721.3|  0.4|INFORM|Transaction #1663 was successfully committed
2026-08-12 13:25:43| 721.4|  0.1|INFORM|MULTI_WRITER writer: 75,131 of 96,416 features written
2026-08-12 13:25:43| 721.6|  0.2|INFORM|Transaction #1664 was successfully committed
2026-08-12 13:25:44| 721.9|  0.3|INFORM|Transaction #1665 was successfully committed
2026-08-12 13:25:44| 722.3|  0.4|INFORM|Transaction #1666 was successfully committed
2026-08-12 13:25:44| 722.6|  0.3|INFORM|Transaction #1667 was successfully committed
2026-08-12 13:25:45| 722.9|  0.3|INFORM|Transaction #1668 was successfully committed
2026-08-12 13:25:45| 723.3|  0.4|INFORM|Transaction #1669 was successfully committed
2026-08-12 13:25:45| 723.6|  0.3|INFORM|Transaction #1670 was successfully committed
2026-08-12 13:25:46| 723.9|  0.3|INFORM|Transaction #1671 was successfully committed
2026-08-12 13:25:46| 724.2|  0.3|INFORM|Transaction #1672 was successfully committed
2026-08-12 13:25:46| 724.5|  0.3|INFORM|Transaction #1673 was successfully committed
2026-08-12 13:25:47| 724.9|  0.4|INFORM|Transaction #1674 was successfully committed
2026-08-12 13:25:47| 725.3|  0.4|INFORM|Transaction #1675 was successfully committed
2026-08-12 13:25:47| 725.6|  0.3|INFORM|Transaction #1676 was successfully committed
2026-08-12 13:25:48| 725.9|  0.3|INFORM|Transaction #1677 was successfully committed
2026-08-12 13:25:48| 726.2|  0.3|INFORM|Transaction #1678 was successfully committed
2026-08-12 13:25:48| 726.3|  0.1|INFORM|MULTI_WRITER writer: 90,115 of 96,416 features written
2026-08-12 13:25:48| 726.5|  0.2|INFORM|Transaction #1679 was successfully committed
2026-08-12 13:25:49| 726.9|  0.4|INFORM|Transaction #1680 was successfully committed
2026-08-12 13:25:49| 727.2|  0.3|INFORM|Transaction #1681 was successfully committed
2026-08-12 13:25:49| 727.5|  0.3|INFORM|Transaction #1682 was successfully committed
2026-08-12 13:25:50| 727.9|  0.4|INFORM|Transaction #1683 was successfully committed
2026-08-12 13:25:50| 728.2|  0.3|INFORM|Transaction #1684 was successfully committed
2026-08-12 13:25:50| 728.4|  0.2|INFORM|MULTI_WRITER writer: 96,416 of 96,416 features written
2026-08-12 13:25:51| 729.4|  1.0|INFORM|FFS writer: Writing 85058 feature(s) to file 'C:\Users\ASHTON~1.EAV\AppData\Local\Temp\wb-cache-LUS_PostProcessing_V01_ACE_25062-pwVrLI\Main_FeatureMerger -1 9 fo 0 MERGED  0  3bb0bff46fb22b1870d2b0394c88e7443c1c5b53_17.fts'
2026-08-12 13:25:51| 729.5|  0.1|INFORM|Spatial Index: Adding 85058 features
2026-08-12 13:25:51| 729.5|  0.0|INFORM|AttributeManager_OUTPUT Feature Recorder -1 2147614758 (RecorderFactory): Splitting bulk features into individual features
2026-08-12 13:25:52| 729.7|  0.2|INFORM|Transaction #1685 was successfully committed
2026-08-12 13:25:52| 730.3|  0.6|INFORM|FFS writer: Writing 83884 feature(s) to file 'C:\Users\ASHTON~1.EAV\AppData\Local\Temp\wb-cache-LUS_PostProcessing_V01_ACE_25062-pwVrLI\Main_AttributeManager -1 38 fo 0 OUTPUT  0  71ef952938b38eff2ab0aa29d9504d1788ebbaa7_25.fts'
2026-08-12 13:25:52| 730.4|  0.1|INFORM|Spatial Index: Adding 83884 features
2026-08-12 13:25:52| 730.4|  0.0|INFORM|MULTI_WRITER writer: Splitting bulk features into individual features
2026-08-12 13:25:52| 730.5|  0.1|INFORM|Transaction #1686 was successfully committed
2026-08-12 13:25:53| 730.9|  0.4|INFORM|Transaction #1687 was successfully committed
2026-08-12 13:25:53| 731.3|  0.4|INFORM|Transaction #1688 was successfully committed
2026-08-12 13:25:53| 731.7|  0.4|INFORM|Transaction #1689 was successfully committed
2026-08-12 13:25:54| 732.0|  0.3|INFORM|Transaction #1690 was successfully committed
2026-08-12 13:25:54| 732.3|  0.3|INFORM|Transaction #1691 was successfully committed
2026-08-12 13:25:55| 732.7|  0.4|INFORM|Transaction #1692 was successfully committed
2026-08-12 13:25:55| 733.1|  0.4|INFORM|Transaction #1693 was successfully committed
2026-08-12 13:25:55| 733.4|  0.3|INFORM|Transaction #1694 was successfully committed
2026-08-12 13:25:56| 733.7|  0.3|INFORM|Transaction #1695 was successfully committed
2026-08-12 13:25:56| 734.2|  0.5|INFORM|Transaction #1696 was successfully committed
2026-08-12 13:25:56| 734.5|  0.3|INFORM|Transaction #1697 was successfully committed
2026-08-12 13:25:57| 734.8|  0.3|INFORM|Transaction #1698 was successfully committed
2026-08-12 13:25:57| 735.2|  0.4|INFORM|Transaction #1699 was successfully committed
2026-08-12 13:25:57| 735.5|  0.3|INFORM|MULTI_WRITER writer: 13,824 of 83,884 features written
2026-08-12 13:25:57| 735.6|  0.1|INFORM|Transaction #1700 was successfully committed
2026-08-12 13:25:58| 735.9|  0.3|INFORM|Transaction #1701 was successfully committed
2026-08-12 13:25:58| 736.3|  0.4|INFORM|Transaction #1702 was successfully committed
2026-08-12 13:25:59| 736.7|  0.4|INFORM|Transaction #1703 was successfully committed
2026-08-12 13:25:59| 737.0|  0.3|INFORM|Transaction #1704 was successfully committed
2026-08-12 13:25:59| 737.4|  0.4|INFORM|Transaction #1705 was successfully committed
2026-08-12 13:26:00| 737.7|  0.3|INFORM|Transaction #1706 was successfully committed
2026-08-12 13:26:00| 738.1|  0.4|INFORM|Transaction #1707 was successfully committed
2026-08-12 13:26:00| 738.4|  0.3|INFORM|Transaction #1708 was successfully committed
2026-08-12 13:26:01| 738.8|  0.4|INFORM|Transaction #1709 was successfully committed
2026-08-12 13:26:01| 739.1|  0.3|INFORM|Transaction #1710 was successfully committed
2026-08-12 13:26:01| 739.5|  0.4|INFORM|Transaction #1711 was successfully committed
2026-08-12 13:26:02| 739.8|  0.3|INFORM|Transaction #1712 was successfully committed
2026-08-12 13:26:02| 740.2|  0.4|INFORM|Transaction #1713 was successfully committed
2026-08-12 13:26:02| 740.4|  0.2|INFORM|MULTI_WRITER writer: 27,860 of 83,884 features written
2026-08-12 13:26:02| 740.5|  0.1|INFORM|Transaction #1714 was successfully committed
2026-08-12 13:26:03| 740.9|  0.4|INFORM|Transaction #1715 was successfully committed
2026-08-12 13:26:03| 741.2|  0.3|INFORM|Transaction #1716 was successfully committed
2026-08-12 13:26:03| 741.6|  0.4|INFORM|Transaction #1717 was successfully committed
2026-08-12 13:26:04| 742.0|  0.4|INFORM|Transaction #1718 was successfully committed
2026-08-12 13:26:04| 742.3|  0.3|INFORM|Transaction #1719 was successfully committed
2026-08-12 13:26:05| 742.7|  0.4|INFORM|Transaction #1720 was successfully committed
2026-08-12 13:26:05| 743.0|  0.3|INFORM|Transaction #1721 was successfully committed
2026-08-12 13:26:05| 743.4|  0.4|INFORM|Transaction #1722 was successfully committed
2026-08-12 13:26:06| 743.8|  0.4|INFORM|Transaction #1723 was successfully committed
2026-08-12 13:26:06| 744.1|  0.3|INFORM|Transaction #1724 was successfully committed
2026-08-12 13:26:06| 744.5|  0.4|INFORM|Transaction #1725 was successfully committed
2026-08-12 13:26:07| 744.9|  0.4|INFORM|Transaction #1726 was successfully committed
2026-08-12 13:26:07| 745.2|  0.3|INFORM|Transaction #1727 was successfully committed
2026-08-12 13:26:07| 745.4|  0.2|INFORM|MULTI_WRITER writer: 41,787 of 83,884 features written
2026-08-12 13:26:07| 745.5|  0.1|INFORM|Transaction #1728 was successfully committed
2026-08-12 13:26:08| 745.9|  0.4|INFORM|Transaction #1729 was successfully committed
2026-08-12 13:26:08| 746.3|  0.4|INFORM|Transaction #1730 was successfully committed
2026-08-12 13:26:09| 746.7|  0.4|INFORM|Transaction #1731 was successfully committed
2026-08-12 13:26:09| 747.0|  0.3|INFORM|Transaction #1732 was successfully committed
2026-08-12 13:26:09| 747.4|  0.4|INFORM|Transaction #1733 was successfully committed
2026-08-12 13:26:10| 747.7|  0.3|INFORM|Transaction #1734 was successfully committed
2026-08-12 13:26:10| 748.1|  0.4|INFORM|Transaction #1735 was successfully committed
2026-08-12 13:26:10| 748.4|  0.3|INFORM|Transaction #1736 was successfully committed
2026-08-12 13:26:11| 748.8|  0.4|INFORM|Transaction #1737 was successfully committed
2026-08-12 13:26:11| 749.1|  0.3|INFORM|Transaction #1738 was successfully committed
2026-08-12 13:26:11| 749.5|  0.4|INFORM|Transaction #1739 was successfully committed
2026-08-12 13:26:12| 749.9|  0.4|INFORM|Transaction #1740 was successfully committed
2026-08-12 13:26:12| 750.2|  0.3|INFORM|Transaction #1741 was successfully committed
2026-08-12 13:26:12| 750.4|  0.2|INFORM|MULTI_WRITER writer: 55,690 of 83,884 features written
2026-08-12 13:26:12| 750.6|  0.2|INFORM|Transaction #1742 was successfully committed
2026-08-12 13:26:13| 751.0|  0.4|INFORM|Transaction #1743 was successfully committed
2026-08-12 13:26:13| 751.4|  0.4|INFORM|Transaction #1744 was successfully committed
2026-08-12 13:26:14| 751.7|  0.3|INFORM|Transaction #1745 was successfully committed
2026-08-12 13:26:14| 752.1|  0.4|INFORM|Transaction #1746 was successfully committed
2026-08-12 13:26:14| 752.4|  0.3|INFORM|Transaction #1747 was successfully committed
2026-08-12 13:26:15| 752.8|  0.4|INFORM|Transaction #1748 was successfully committed
2026-08-12 13:26:15| 753.1|  0.3|INFORM|Transaction #1749 was successfully committed
2026-08-12 13:26:15| 753.5|  0.4|INFORM|Transaction #1750 was successfully committed
2026-08-12 13:26:16| 753.8|  0.3|INFORM|Transaction #1751 was successfully committed
2026-08-12 13:26:16| 754.1|  0.3|INFORM|Transaction #1752 was successfully committed
2026-08-12 13:26:16| 754.5|  0.4|INFORM|Transaction #1753 was successfully committed
2026-08-12 13:26:17| 754.9|  0.4|INFORM|Transaction #1754 was successfully committed
2026-08-12 13:26:17| 755.2|  0.3|INFORM|Transaction #1755 was successfully committed
2026-08-12 13:26:17| 755.3|  0.1|INFORM|MULTI_WRITER writer: 69,579 of 83,884 features written
2026-08-12 13:26:18| 755.6|  0.3|INFORM|Transaction #1756 was successfully committed
2026-08-12 13:26:18| 756.0|  0.4|INFORM|Transaction #1757 was successfully committed
2026-08-12 13:26:18| 756.3|  0.3|INFORM|Transaction #1758 was successfully committed
2026-08-12 13:26:19| 756.7|  0.4|INFORM|Transaction #1759 was successfully committed
2026-08-12 13:26:19| 757.0|  0.3|INFORM|Transaction #1760 was successfully committed
2026-08-12 13:26:19| 757.4|  0.4|INFORM|Transaction #1761 was successfully committed
2026-08-12 13:26:20| 757.8|  0.4|INFORM|Transaction #1762 was successfully committed
2026-08-12 13:26:20| 758.1|  0.3|INFORM|Transaction #1763 was successfully committed
2026-08-12 13:26:20| 758.5|  0.4|INFORM|Transaction #1764 was successfully committed
2026-08-12 13:26:21| 758.8|  0.3|INFORM|Transaction #1765 was successfully committed
2026-08-12 13:26:21| 759.2|  0.4|INFORM|Transaction #1766 was successfully committed
2026-08-12 13:26:21| 759.6|  0.4|INFORM|Transaction #1767 was successfully committed
2026-08-12 13:26:22| 759.9|  0.3|INFORM|Transaction #1768 was successfully committed
2026-08-12 13:26:22| 760.2|  0.3|INFORM|Transaction #1769 was successfully committed
2026-08-12 13:26:22| 760.3|  0.1|INFORM|MULTI_WRITER writer: 83,463 of 83,884 features written
2026-08-12 13:26:22| 760.6|  0.3|INFORM|MULTI_WRITER writer: 83,884 of 83,884 features written
2026-08-12 13:26:23| 761.3|  0.7|INFORM|FFS writer: Writing 83462 feature(s) to file 'C:\Users\ASHTON~1.EAV\AppData\Local\Temp\wb-cache-LUS_PostProcessing_V01_ACE_25062-pwVrLI\Main_FeatureMerger -1 9 fo 0 MERGED  0  3bb0bff46fb22b1870d2b0394c88e7443c1c5b53_18.fts'
2026-08-12 13:26:23| 761.5|  0.2|INFORM|Spatial Index: Adding 83462 features
2026-08-12 13:26:23| 761.6|  0.1|INFORM|FFS writer: Writing 10351 feature(s) to file 'C:\Users\ASHTON~1.EAV\AppData\Local\Temp\wb-cache-LUS_PostProcessing_V01_ACE_25062-pwVrLI\Main_AttributeManager -1 38 fo 0 OUTPUT  0  71ef952938b38eff2ab0aa29d9504d1788ebbaa7_26.fts'
2026-08-12 13:26:24| 761.6|  0.0|INFORM|Spatial Index: Adding 10351 features
2026-08-12 13:26:24| 761.6|  0.0|INFORM|MULTI_WRITER writer: Splitting bulk features into individual features
2026-08-12 13:26:24| 761.7|  0.1|INFORM|Transaction #1770 was successfully committed
2026-08-12 13:26:24| 762.1|  0.4|INFORM|Transaction #1771 was successfully committed
2026-08-12 13:26:24| 762.4|  0.3|INFORM|Transaction #1772 was successfully committed
2026-08-12 13:26:25| 762.8|  0.4|INFORM|Transaction #1773 was successfully committed
2026-08-12 13:26:25| 763.2|  0.4|INFORM|Transaction #1774 was successfully committed
2026-08-12 13:26:25| 763.5|  0.3|INFORM|Transaction #1775 was successfully committed
2026-08-12 13:26:26| 763.9|  0.4|INFORM|Transaction #1776 was successfully committed
2026-08-12 13:26:26| 764.2|  0.3|INFORM|Transaction #1777 was successfully committed
2026-08-12 13:26:27| 764.6|  0.4|INFORM|Transaction #1778 was successfully committed
2026-08-12 13:26:27| 764.9|  0.3|INFORM|Transaction #1779 was successfully committed
2026-08-12 13:26:27| 765.3|  0.4|INFORM|Transaction #1780 was successfully committed
2026-08-12 13:26:28| 765.5|  0.2|INFORM|FFS writer: Writing 73111 feature(s) to file 'C:\Users\ASHTON~1.EAV\AppData\Local\Temp\wb-cache-LUS_PostProcessing_V01_ACE_25062-pwVrLI\Main_AttributeManager -1 38 fo 0 OUTPUT  0  71ef952938b38eff2ab0aa29d9504d1788ebbaa7_27.fts'
2026-08-12 13:26:28| 765.7|  0.2|INFORM|Spatial Index: Adding 73111 features
2026-08-12 13:26:28| 765.7|  0.0|INFORM|MULTI_WRITER writer: Splitting bulk features into individual features
2026-08-12 13:26:28| 766.1|  0.4|INFORM|Transaction #1781 was successfully committed
2026-08-12 13:26:28| 766.5|  0.4|INFORM|Transaction #1782 was successfully committed
2026-08-12 13:26:29| 766.8|  0.3|INFORM|Transaction #1783 was successfully committed
2026-08-12 13:26:29| 767.2|  0.4|INFORM|Transaction #1784 was successfully committed
2026-08-12 13:26:29| 767.5|  0.3|INFORM|Transaction #1785 was successfully committed
2026-08-12 13:26:30| 767.9|  0.4|INFORM|Transaction #1786 was successfully committed
2026-08-12 13:26:30| 768.3|  0.4|INFORM|Transaction #1787 was successfully committed
2026-08-12 13:26:31| 768.7|  0.4|INFORM|Transaction #1788 was successfully committed
2026-08-12 13:26:31| 769.0|  0.3|INFORM|Transaction #1789 was successfully committed
2026-08-12 13:26:31| 769.4|  0.4|INFORM|Transaction #1790 was successfully committed
2026-08-12 13:26:32| 769.7|  0.3|INFORM|Transaction #1791 was successfully committed
2026-08-12 13:26:32| 770.1|  0.4|INFORM|Transaction #1792 was successfully committed
2026-08-12 13:26:32| 770.5|  0.4|INFORM|Transaction #1793 was successfully committed
2026-08-12 13:26:33| 770.8|  0.3|INFORM|MULTI_WRITER writer: 13,736 of 73,111 features written
2026-08-12 13:26:33| 770.8|  0.0|INFORM|Transaction #1794 was successfully committed
2026-08-12 13:26:33| 771.2|  0.4|INFORM|Transaction #1795 was successfully committed
2026-08-12 13:26:33| 771.5|  0.3|INFORM|Transaction #1796 was successfully committed
2026-08-12 13:26:34| 771.9|  0.4|INFORM|Transaction #1797 was successfully committed
2026-08-12 13:26:34| 772.2|  0.3|INFORM|Transaction #1798 was successfully committed
2026-08-12 13:26:35| 772.6|  0.4|INFORM|Transaction #1799 was successfully committed
2026-08-12 13:26:35| 773.0|  0.4|INFORM|Transaction #1800 was successfully committed
2026-08-12 13:26:35| 773.4|  0.4|INFORM|Transaction #1801 was successfully committed
2026-08-12 13:26:36| 773.8|  0.4|INFORM|Transaction #1802 was successfully committed
2026-08-12 13:26:36| 774.1|  0.3|INFORM|Transaction #1803 was successfully committed
2026-08-12 13:26:36| 774.5|  0.4|INFORM|Transaction #1804 was successfully committed
2026-08-12 13:26:37| 774.8|  0.3|INFORM|Transaction #1805 was successfully committed
2026-08-12 13:26:37| 775.2|  0.4|INFORM|Transaction #1806 was successfully committed
2026-08-12 13:26:37| 775.5|  0.3|INFORM|Transaction #1807 was successfully committed
2026-08-12 13:26:38| 775.7|  0.2|INFORM|MULTI_WRITER writer: 27,440 of 73,111 features written
2026-08-12 13:26:38| 775.9|  0.2|INFORM|Transaction #1808 was successfully committed
2026-08-12 13:26:38| 776.2|  0.3|INFORM|Transaction #1809 was successfully committed
2026-08-12 13:26:39| 776.6|  0.4|INFORM|Transaction #1810 was successfully committed
2026-08-12 13:26:39| 776.9|  0.3|INFORM|Transaction #1811 was successfully committed
2026-08-12 13:26:39| 777.3|  0.4|INFORM|Transaction #1812 was successfully committed
2026-08-12 13:26:40| 777.7|  0.4|INFORM|Transaction #1813 was successfully committed
2026-08-12 13:26:40| 778.0|  0.3|INFORM|Transaction #1814 was successfully committed
2026-08-12 13:26:40| 778.5|  0.5|INFORM|Transaction #1815 was successfully committed
2026-08-12 13:26:41| 778.9|  0.4|INFORM|Transaction #1816 was successfully committed
2026-08-12 13:26:41| 779.1|  0.2|INFORM|Transaction #1817 was successfully committed
2026-08-12 13:26:41| 779.6|  0.5|INFORM|Transaction #1818 was successfully committed
2026-08-12 13:26:42| 779.9|  0.3|INFORM|Transaction #1819 was successfully committed
2026-08-12 13:26:42| 780.3|  0.4|INFORM|Transaction #1820 was successfully committed
2026-08-12 13:26:43| 780.6|  0.3|INFORM|Transaction #1821 was successfully committed
2026-08-12 13:26:43| 780.7|  0.1|INFORM|MULTI_WRITER writer: 41,135 of 73,111 features written
2026-08-12 13:26:43| 781.0|  0.3|INFORM|Transaction #1822 was successfully committed
2026-08-12 13:26:43| 781.4|  0.4|INFORM|Transaction #1823 was successfully committed
2026-08-12 13:26:44| 781.7|  0.3|INFORM|Transaction #1824 was successfully committed
2026-08-12 13:26:44| 782.1|  0.4|INFORM|Transaction #1825 was successfully committed
2026-08-12 13:26:44| 782.4|  0.3|INFORM|Transaction #1826 was successfully committed
2026-08-12 13:26:45| 782.8|  0.4|INFORM|Transaction #1827 was successfully committed
2026-08-12 13:26:45| 783.1|  0.3|INFORM|Transaction #1828 was successfully committed
2026-08-12 13:26:46| 783.6|  0.5|INFORM|Transaction #1829 was successfully committed
2026-08-12 13:26:46| 784.0|  0.4|INFORM|Transaction #1830 was successfully committed
2026-08-12 13:26:46| 784.3|  0.3|INFORM|Transaction #1831 was successfully committed
2026-08-12 13:26:47| 784.6|  0.3|INFORM|Transaction #1832 was successfully committed
2026-08-12 13:26:47| 785.0|  0.4|INFORM|Transaction #1833 was successfully committed
2026-08-12 13:26:47| 785.3|  0.3|INFORM|Transaction #1834 was successfully committed
2026-08-12 13:26:48| 785.7|  0.4|INFORM|MULTI_WRITER writer: 54,868 of 73,111 features written
2026-08-12 13:26:48| 785.8|  0.1|INFORM|Transaction #1835 was successfully committed
2026-08-12 13:26:48| 786.1|  0.3|INFORM|Transaction #1836 was successfully committed
2026-08-12 13:26:48| 786.5|  0.4|INFORM|Transaction #1837 was successfully committed
2026-08-12 13:26:49| 786.8|  0.3|INFORM|Transaction #1838 was successfully committed
2026-08-12 13:26:49| 787.2|  0.4|INFORM|Transaction #1839 was successfully committed
2026-08-12 13:26:50| 787.6|  0.4|INFORM|Transaction #1840 was successfully committed
2026-08-12 13:26:50| 787.9|  0.3|INFORM|Transaction #1841 was successfully committed
2026-08-12 13:26:50| 788.3|  0.4|INFORM|Transaction #1842 was successfully committed
2026-08-12 13:26:51| 788.6|  0.3|INFORM|Transaction #1843 was successfully committed
2026-08-12 13:26:51| 789.0|  0.4|INFORM|Transaction #1844 was successfully committed
2026-08-12 13:26:51| 789.4|  0.4|INFORM|Transaction #1845 was successfully committed
2026-08-12 13:26:52| 789.8|  0.4|INFORM|Transaction #1846 was successfully committed
2026-08-12 13:26:52| 790.2|  0.4|INFORM|Transaction #1847 was successfully committed
2026-08-12 13:26:52| 790.5|  0.3|INFORM|Transaction #1848 was successfully committed
2026-08-12 13:26:53| 790.7|  0.2|INFORM|MULTI_WRITER writer: 68,535 of 73,111 features written
2026-08-12 13:26:53| 790.9|  0.2|INFORM|Transaction #1849 was successfully committed
2026-08-12 13:26:53| 791.2|  0.3|INFORM|Transaction #1850 was successfully committed
2026-08-12 13:26:54| 791.6|  0.4|INFORM|Transaction #1851 was successfully committed
2026-08-12 13:26:54| 792.0|  0.4|INFORM|Transaction #1852 was successfully committed
2026-08-12 13:26:54| 792.3|  0.3|INFORM|Transaction #1853 was successfully committed
2026-08-12 13:26:54| 792.4|  0.1|INFORM|MULTI_WRITER writer: 73,111 of 73,111 features written
2026-08-12 13:26:55| 793.2|  0.8|INFORM|FFS writer: Writing 100000 feature(s) to file 'C:\Users\ASHTON~1.EAV\AppData\Local\Temp\wb-cache-LUS_PostProcessing_V01_ACE_25062-pwVrLI\Main_FeatureMerger -1 9 fo 0 MERGED  0  3bb0bff46fb22b1870d2b0394c88e7443c1c5b53_19.fts'
2026-08-12 13:26:55| 793.4|  0.2|INFORM|Spatial Index: Adding 100000 features
2026-08-12 13:26:55| 793.5|  0.1|INFORM|AttributeManager_OUTPUT Feature Recorder -1 2147614758 (RecorderFactory): Splitting bulk features into individual features
2026-08-12 13:26:56| 793.8|  0.3|INFORM|FFS writer: Writing 99736 feature(s) to file 'C:\Users\ASHTON~1.EAV\AppData\Local\Temp\wb-cache-LUS_PostProcessing_V01_ACE_25062-pwVrLI\Main_AttributeManager -1 38 fo 0 OUTPUT  0  71ef952938b38eff2ab0aa29d9504d1788ebbaa7_28.fts'
2026-08-12 13:26:56| 794.0|  0.2|INFORM|Spatial Index: Adding 99736 features
2026-08-12 13:26:56| 794.1|  0.1|INFORM|MULTI_WRITER writer: Splitting bulk features into individual features
2026-08-12 13:26:56| 794.3|  0.2|INFORM|Transaction #1854 was successfully committed
2026-08-12 13:26:57| 794.7|  0.4|INFORM|Transaction #1855 was successfully committed
2026-08-12 13:26:57| 795.0|  0.3|INFORM|Transaction #1856 was successfully committed
2026-08-12 13:26:57| 795.4|  0.4|INFORM|Transaction #1857 was successfully committed
2026-08-12 13:26:58| 795.7|  0.3|INFORM|Transaction #1858 was successfully committed
2026-08-12 13:26:58| 796.1|  0.4|INFORM|Transaction #1859 was successfully committed
2026-08-12 13:26:58| 796.4|  0.3|INFORM|Transaction #1860 was successfully committed
2026-08-12 13:26:59| 796.8|  0.4|INFORM|Transaction #1861 was successfully committed
2026-08-12 13:26:59| 797.1|  0.3|INFORM|Transaction #1862 was successfully committed
2026-08-12 13:26:59| 797.5|  0.4|INFORM|Transaction #1863 was successfully committed
2026-08-12 13:27:00| 797.9|  0.4|INFORM|Transaction #1864 was successfully committed
2026-08-12 13:27:00| 798.3|  0.4|INFORM|Transaction #1865 was successfully committed
2026-08-12 13:27:01| 798.6|  0.3|INFORM|Transaction #1866 was successfully committed
2026-08-12 13:27:01| 798.9|  0.3|INFORM|Transaction #1867 was successfully committed
2026-08-12 13:27:01| 799.1|  0.2|INFORM|MULTI_WRITER writer: 13,903 of 99,736 features written
2026-08-12 13:27:01| 799.3|  0.2|INFORM|Transaction #1868 was successfully committed
2026-08-12 13:27:02| 799.6|  0.3|INFORM|Transaction #1869 was successfully committed
2026-08-12 13:27:02| 800.0|  0.4|INFORM|Transaction #1870 was successfully committed
2026-08-12 13:27:02| 800.4|  0.4|INFORM|Transaction #1871 was successfully committed
2026-08-12 13:27:03| 800.7|  0.3|INFORM|Transaction #1872 was successfully committed
2026-08-12 13:27:03| 801.1|  0.4|INFORM|Transaction #1873 was successfully committed
2026-08-12 13:27:03| 801.4|  0.3|INFORM|Transaction #1874 was successfully committed
2026-08-12 13:27:04| 801.8|  0.4|INFORM|Transaction #1875 was successfully committed
2026-08-12 13:27:04| 802.2|  0.4|INFORM|Transaction #1876 was successfully committed
2026-08-12 13:27:05| 802.5|  0.3|INFORM|Transaction #1877 was successfully committed
2026-08-12 13:27:05| 802.9|  0.4|INFORM|Transaction #1878 was successfully committed
2026-08-12 13:27:05| 803.2|  0.3|INFORM|Transaction #1879 was successfully committed
2026-08-12 13:27:06| 803.6|  0.4|INFORM|Transaction #1880 was successfully committed
2026-08-12 13:27:06| 803.9|  0.3|INFORM|Transaction #1881 was successfully committed
2026-08-12 13:27:06| 804.1|  0.2|INFORM|MULTI_WRITER writer: 27,828 of 99,736 features written
2026-08-12 13:27:06| 804.3|  0.2|INFORM|Transaction #1882 was successfully committed
2026-08-12 13:27:07| 804.7|  0.4|INFORM|Transaction #1883 was successfully committed
2026-08-12 13:27:07| 805.0|  0.3|INFORM|Transaction #1884 was successfully committed
2026-08-12 13:27:07| 805.4|  0.4|INFORM|Transaction #1885 was successfully committed
2026-08-12 13:27:08| 805.8|  0.4|INFORM|Transaction #1886 was successfully committed
2026-08-12 13:27:08| 806.1|  0.3|INFORM|Transaction #1887 was successfully committed
2026-08-12 13:27:08| 806.5|  0.4|INFORM|Transaction #1888 was successfully committed
2026-08-12 13:27:09| 806.9|  0.4|INFORM|Transaction #1889 was successfully committed
2026-08-12 13:27:09| 807.2|  0.3|INFORM|Transaction #1890 was successfully committed
2026-08-12 13:27:10| 807.6|  0.4|INFORM|Transaction #1891 was successfully committed
2026-08-12 13:27:10| 807.9|  0.3|INFORM|Transaction #1892 was successfully committed
2026-08-12 13:27:10| 808.3|  0.4|INFORM|Transaction #1893 was successfully committed
2026-08-12 13:27:11| 808.6|  0.3|INFORM|Transaction #1894 was successfully committed
2026-08-12 13:27:11| 809.0|  0.4|INFORM|Transaction #1895 was successfully committed
2026-08-12 13:27:11| 809.0|  0.0|INFORM|MULTI_WRITER writer: 41,759 of 99,736 features written
2026-08-12 13:27:11| 809.3|  0.3|INFORM|Transaction #1896 was successfully committed
2026-08-12 13:27:12| 809.7|  0.4|INFORM|Transaction #1897 was successfully committed
2026-08-12 13:27:12| 810.0|  0.3|INFORM|Transaction #1898 was successfully committed
2026-08-12 13:27:12| 810.4|  0.4|INFORM|Transaction #1899 was successfully committed
2026-08-12 13:27:13| 810.8|  0.4|INFORM|Transaction #1900 was successfully committed
2026-08-12 13:27:13| 811.1|  0.3|INFORM|Transaction #1901 was successfully committed
2026-08-12 13:27:13| 811.5|  0.4|INFORM|Transaction #1902 was successfully committed
2026-08-12 13:27:14| 811.9|  0.4|INFORM|Transaction #1903 was successfully committed
2026-08-12 13:27:14| 812.2|  0.3|INFORM|Transaction #1904 was successfully committed
2026-08-12 13:27:15| 812.6|  0.4|INFORM|Transaction #1905 was successfully committed
2026-08-12 13:27:15| 812.9|  0.3|INFORM|Transaction #1906 was successfully committed
2026-08-12 13:27:15| 813.3|  0.4|INFORM|Transaction #1907 was successfully committed
2026-08-12 13:27:16| 813.6|  0.3|INFORM|Transaction #1908 was successfully committed
2026-08-12 13:27:16| 814.0|  0.4|INFORM|Transaction #1909 was successfully committed
2026-08-12 13:27:16| 814.1|  0.1|INFORM|MULTI_WRITER writer: 55,756 of 99,736 features written
2026-08-12 13:27:16| 814.3|  0.2|INFORM|Transaction #1910 was successfully committed
2026-08-12 13:27:17| 814.7|  0.4|INFORM|Transaction #1911 was successfully committed
2026-08-12 13:27:17| 815.0|  0.3|INFORM|Transaction #1912 was successfully committed
2026-08-12 13:27:17| 815.4|  0.4|INFORM|Transaction #1913 was successfully committed
2026-08-12 13:27:18| 815.7|  0.3|INFORM|Transaction #1914 was successfully committed
2026-08-12 13:27:18| 816.1|  0.4|INFORM|Transaction #1915 was successfully committed
2026-08-12 13:27:18| 816.5|  0.4|INFORM|Transaction #1916 was successfully committed
2026-08-12 13:27:19| 816.9|  0.4|INFORM|Transaction #1917 was successfully committed
2026-08-12 13:27:19| 817.2|  0.3|INFORM|Transaction #1918 was successfully committed
2026-08-12 13:27:20| 817.5|  0.3|INFORM|Transaction #1919 was successfully committed
2026-08-12 13:27:20| 817.9|  0.4|INFORM|Transaction #1920 was successfully committed
2026-08-12 13:27:20| 818.2|  0.3|INFORM|Transaction #1921 was successfully committed
2026-08-12 13:27:21| 818.6|  0.4|INFORM|Transaction #1922 was successfully committed
2026-08-12 13:27:21| 819.0|  0.4|INFORM|Transaction #1923 was successfully committed
2026-08-12 13:27:21| 819.1|  0.1|INFORM|MULTI_WRITER writer: 69,763 of 99,736 features written
2026-08-12 13:27:21| 819.3|  0.2|INFORM|Transaction #1924 was successfully committed
2026-08-12 13:27:22| 819.6|  0.3|INFORM|Transaction #1925 was successfully committed
2026-08-12 13:27:22| 820.0|  0.4|INFORM|Transaction #1926 was successfully committed
2026-08-12 13:27:22| 820.3|  0.3|INFORM|Transaction #1927 was successfully committed
2026-08-12 13:27:23| 820.7|  0.4|INFORM|Transaction #1928 was successfully committed
2026-08-12 13:27:23| 821.0|  0.3|INFORM|Transaction #1929 was successfully committed
2026-08-12 13:27:23| 821.4|  0.4|INFORM|Transaction #1930 was successfully committed
2026-08-12 13:27:24| 821.8|  0.4|INFORM|Transaction #1931 was successfully committed
2026-08-12 13:27:24| 822.2|  0.4|INFORM|Transaction #1932 was successfully committed
2026-08-12 13:27:25| 822.5|  0.3|INFORM|Transaction #1933 was successfully committed
2026-08-12 13:27:25| 822.9|  0.4|INFORM|Transaction #1934 was successfully committed
2026-08-12 13:27:25| 823.2|  0.3|INFORM|Transaction #1935 was successfully committed
2026-08-12 13:27:26| 823.6|  0.4|INFORM|Transaction #1936 was successfully committed
2026-08-12 13:27:26| 823.9|  0.3|INFORM|Transaction #1937 was successfully committed
2026-08-12 13:27:26| 824.0|  0.1|INFORM|MULTI_WRITER writer: 83,726 of 99,736 features written
2026-08-12 13:27:26| 824.3|  0.3|INFORM|Transaction #1938 was successfully committed
2026-08-12 13:27:27| 824.7|  0.4|INFORM|Transaction #1939 was successfully committed
2026-08-12 13:27:27| 825.0|  0.3|INFORM|Transaction #1940 was successfully committed
2026-08-12 13:27:27| 825.4|  0.4|INFORM|Transaction #1941 was successfully committed
2026-08-12 13:27:28| 825.7|  0.3|INFORM|Transaction #1942 was successfully committed
2026-08-12 13:27:28| 826.1|  0.4|INFORM|Transaction #1943 was successfully committed
2026-08-12 13:27:28| 826.4|  0.3|INFORM|Transaction #1944 was successfully committed
2026-08-12 13:27:29| 826.8|  0.4|INFORM|Transaction #1945 was successfully committed
2026-08-12 13:27:29| 827.1|  0.3|INFORM|Transaction #1946 was successfully committed
2026-08-12 13:27:30| 827.5|  0.4|INFORM|Transaction #1947 was successfully committed
2026-08-12 13:27:30| 827.8|  0.3|INFORM|Transaction #1948 was successfully committed
2026-08-12 13:27:30| 828.2|  0.4|INFORM|Transaction #1949 was successfully committed
2026-08-12 13:27:31| 828.6|  0.4|INFORM|Transaction #1950 was successfully committed
2026-08-12 13:27:31| 829.0|  0.4|INFORM|Transaction #1951 was successfully committed
2026-08-12 13:27:31| 829.0|  0.0|INFORM|MULTI_WRITER writer: 97,759 of 99,736 features written
2026-08-12 13:27:31| 829.3|  0.3|INFORM|Transaction #1952 was successfully committed
2026-08-12 13:27:32| 829.7|  0.4|INFORM|Transaction #1953 was successfully committed
2026-08-12 13:27:32| 829.7|  0.0|INFORM|MULTI_WRITER writer: 99,736 of 99,736 features written
2026-08-12 13:27:33| 830.7|  1.0|INFORM|FFS writer: Writing 100000 feature(s) to file 'C:\Users\ASHTON~1.EAV\AppData\Local\Temp\wb-cache-LUS_PostProcessing_V01_ACE_25062-pwVrLI\Main_FeatureMerger -1 9 fo 0 MERGED  0  3bb0bff46fb22b1870d2b0394c88e7443c1c5b53_20.fts'
2026-08-12 13:27:33| 830.8|  0.1|INFORM|Spatial Index: Adding 100000 features
2026-08-12 13:27:33| 830.9|  0.1|INFORM|FFS writer: Writing 23926 feature(s) to file 'C:\Users\ASHTON~1.EAV\AppData\Local\Temp\wb-cache-LUS_PostProcessing_V01_ACE_25062-pwVrLI\Main_AttributeManager -1 38 fo 0 OUTPUT  0  71ef952938b38eff2ab0aa29d9504d1788ebbaa7_29.fts'
2026-08-12 13:27:33| 831.0|  0.1|INFORM|Spatial Index: Adding 23926 features
2026-08-12 13:27:33| 831.0|  0.0|INFORM|MULTI_WRITER writer: Splitting bulk features into individual features
2026-08-12 13:27:33| 831.4|  0.4|INFORM|Transaction #1954 was successfully committed
2026-08-12 13:27:34| 831.7|  0.3|INFORM|Transaction #1955 was successfully committed
2026-08-12 13:27:34| 832.1|  0.4|INFORM|Transaction #1956 was successfully committed
2026-08-12 13:27:34| 832.4|  0.3|INFORM|Transaction #1957 was successfully committed
2026-08-12 13:27:35| 832.8|  0.4|INFORM|Transaction #1958 was successfully committed
2026-08-12 13:27:35| 833.1|  0.3|INFORM|Transaction #1959 was successfully committed
2026-08-12 13:27:36| 833.4|  0.3|INFORM|Transaction #1960 was successfully committed
2026-08-12 13:27:36| 833.8|  0.4|INFORM|Transaction #1961 was successfully committed
2026-08-12 13:27:36| 834.1|  0.3|INFORM|Transaction #1962 was successfully committed
2026-08-12 13:27:37| 834.5|  0.4|INFORM|Transaction #1963 was successfully committed
2026-08-12 13:27:37| 834.8|  0.3|INFORM|Transaction #1964 was successfully committed
2026-08-12 13:27:37| 835.2|  0.4|INFORM|Transaction #1965 was successfully committed
2026-08-12 13:27:38| 835.6|  0.4|INFORM|Transaction #1966 was successfully committed
2026-08-12 13:27:38| 835.9|  0.3|INFORM|Transaction #1967 was successfully committed
2026-08-12 13:27:38| 836.0|  0.1|INFORM|MULTI_WRITER writer: 14,001 of 23,926 features written
2026-08-12 13:27:38| 836.3|  0.3|INFORM|Transaction #1968 was successfully committed
2026-08-12 13:27:39| 836.7|  0.4|INFORM|Transaction #1969 was successfully committed
2026-08-12 13:27:39| 837.0|  0.3|INFORM|Transaction #1970 was successfully committed
2026-08-12 13:27:39| 837.4|  0.4|INFORM|Transaction #1971 was successfully committed
2026-08-12 13:27:40| 837.8|  0.4|INFORM|Transaction #1972 was successfully committed
2026-08-12 13:27:40| 838.1|  0.3|INFORM|Transaction #1973 was successfully committed
2026-08-12 13:27:41| 838.5|  0.4|INFORM|Transaction #1974 was successfully committed
2026-08-12 13:27:41| 838.9|  0.4|INFORM|Transaction #1975 was successfully committed
2026-08-12 13:27:41| 839.2|  0.3|INFORM|Transaction #1976 was successfully committed
2026-08-12 13:27:42| 839.5|  0.3|INFORM|Transaction #1977 was successfully committed
2026-08-12 13:27:42| 839.5|  0.0|INFORM|MULTI_WRITER writer: 23,926 of 23,926 features written
2026-08-12 13:27:42| 839.6|  0.1|INFORM|AttributeManager (AttrSetFactory): Processed 23,927 of 100,000 features
2026-08-12 13:27:42| 839.8|  0.2|INFORM|AttributeManager (AttrSetFactory): Processed 100,000 of 100,000 features
2026-08-12 13:27:42| 839.8|  0.0|INFORM|FFS writer: Writing 76074 feature(s) to file 'C:\Users\ASHTON~1.EAV\AppData\Local\Temp\wb-cache-LUS_PostProcessing_V01_ACE_25062-pwVrLI\Main_AttributeManager -1 38 fo 0 OUTPUT  0  71ef952938b38eff2ab0aa29d9504d1788ebbaa7_30.fts'
2026-08-12 13:27:42| 839.9|  0.1|INFORM|Spatial Index: Adding 76074 features
2026-08-12 13:27:42| 840.0|  0.1|INFORM|MULTI_WRITER writer: Splitting bulk features into individual features
2026-08-12 13:27:42| 840.4|  0.4|INFORM|Transaction #1978 was successfully committed
2026-08-12 13:27:43| 840.8|  0.4|INFORM|Transaction #1979 was successfully committed
2026-08-12 13:27:43| 841.1|  0.3|INFORM|Transaction #1980 was successfully committed
2026-08-12 13:27:44| 841.5|  0.4|INFORM|Transaction #1981 was successfully committed
2026-08-12 13:27:44| 841.8|  0.3|INFORM|Transaction #1982 was successfully committed
2026-08-12 13:27:44| 842.2|  0.4|INFORM|Transaction #1983 was successfully committed
2026-08-12 13:27:45| 842.5|  0.3|INFORM|Transaction #1984 was successfully committed
2026-08-12 13:27:45| 842.9|  0.4|INFORM|Transaction #1985 was successfully committed
2026-08-12 13:27:45| 843.3|  0.4|INFORM|Transaction #1986 was successfully committed
2026-08-12 13:27:46| 843.6|  0.3|INFORM|Transaction #1987 was successfully committed
2026-08-12 13:27:46| 843.9|  0.3|INFORM|Transaction #1988 was successfully committed
2026-08-12 13:27:46| 844.3|  0.4|INFORM|Transaction #1989 was successfully committed
2026-08-12 13:27:47| 844.6|  0.3|INFORM|Transaction #1990 was successfully committed
2026-08-12 13:27:47| 844.9|  0.3|INFORM|Transaction #1991 was successfully committed
2026-08-12 13:27:47| 845.0|  0.1|INFORM|MULTI_WRITER writer: 14,166 of 76,074 features written
2026-08-12 13:27:47| 845.3|  0.3|INFORM|Transaction #1992 was successfully committed
2026-08-12 13:27:48| 845.7|  0.4|INFORM|Transaction #1993 was successfully committed
2026-08-12 13:27:48| 846.0|  0.3|INFORM|Transaction #1994 was successfully committed
2026-08-12 13:27:48| 846.3|  0.3|INFORM|Transaction #1995 was successfully committed
2026-08-12 13:27:49| 846.6|  0.3|INFORM|Transaction #1996 was successfully committed
2026-08-12 13:27:49| 847.0|  0.4|INFORM|Transaction #1997 was successfully committed
2026-08-12 13:27:49| 847.3|  0.3|INFORM|Transaction #1998 was successfully committed
2026-08-12 13:27:50| 847.7|  0.4|INFORM|Transaction #1999 was successfully committed
2026-08-12 13:27:50| 848.0|  0.3|INFORM|Transaction #2000 was successfully committed
2026-08-12 13:27:50| 848.4|  0.4|INFORM|Transaction #2001 was successfully committed
2026-08-12 13:27:51| 848.8|  0.4|INFORM|Transaction #2002 was successfully committed
2026-08-12 13:27:51| 849.1|  0.3|INFORM|Transaction #2003 was successfully committed
2026-08-12 13:27:52| 849.4|  0.3|INFORM|Transaction #2004 was successfully committed
2026-08-12 13:27:52| 849.8|  0.4|INFORM|Transaction #2005 was successfully committed
2026-08-12 13:27:52| 850.0|  0.2|INFORM|MULTI_WRITER writer: 28,585 of 76,074 features written
2026-08-12 13:27:52| 850.1|  0.1|INFORM|Transaction #2006 was successfully committed
2026-08-12 13:27:53| 850.5|  0.4|INFORM|Transaction #2007 was successfully committed
2026-08-12 13:27:53| 850.9|  0.4|INFORM|Transaction #2008 was successfully committed
2026-08-12 13:27:53| 851.2|  0.3|INFORM|Transaction #2009 was successfully committed
2026-08-12 13:27:54| 851.6|  0.4|INFORM|Transaction #2010 was successfully committed
2026-08-12 13:27:54| 851.9|  0.3|INFORM|Transaction #2011 was successfully committed
2026-08-12 13:27:54| 852.3|  0.4|INFORM|Transaction #2012 was successfully committed
2026-08-12 13:27:55| 852.6|  0.3|INFORM|Transaction #2013 was successfully committed
2026-08-12 13:27:55| 853.0|  0.4|INFORM|Transaction #2014 was successfully committed
2026-08-12 13:27:55| 853.4|  0.4|INFORM|Transaction #2015 was successfully committed
2026-08-12 13:27:56| 853.7|  0.3|INFORM|Transaction #2016 was successfully committed
2026-08-12 13:27:56| 854.1|  0.4|INFORM|Transaction #2017 was successfully committed
2026-08-12 13:27:57| 854.4|  0.3|INFORM|Transaction #2018 was successfully committed
2026-08-12 13:27:57| 854.8|  0.4|INFORM|Transaction #2019 was successfully committed
2026-08-12 13:27:57| 855.0|  0.2|INFORM|MULTI_WRITER writer: 42,731 of 76,074 features written
2026-08-12 13:27:57| 855.1|  0.1|INFORM|Transaction #2020 was successfully committed
2026-08-12 13:27:58| 855.4|  0.3|INFORM|Transaction #2021 was successfully committed
2026-08-12 13:27:58| 855.7|  0.3|INFORM|Transaction #2022 was successfully committed
2026-08-12 13:27:58| 856.2|  0.5|INFORM|Transaction #2023 was successfully committed
2026-08-12 13:27:59| 856.5|  0.3|INFORM|Transaction #2024 was successfully committed
2026-08-12 13:27:59| 856.8|  0.3|INFORM|Transaction #2025 was successfully committed
2026-08-12 13:27:59| 857.1|  0.3|INFORM|Transaction #2026 was successfully committed
2026-08-12 13:28:00| 857.4|  0.3|INFORM|Transaction #2027 was successfully committed
2026-08-12 13:28:00| 857.8|  0.4|INFORM|Transaction #2028 was successfully committed
2026-08-12 13:28:00| 858.1|  0.3|INFORM|Transaction #2029 was successfully committed
2026-08-12 13:28:01| 858.5|  0.4|INFORM|Transaction #2030 was successfully committed
2026-08-12 13:28:01| 858.8|  0.3|INFORM|Transaction #2031 was successfully committed
2026-08-12 13:28:01| 859.2|  0.4|INFORM|Transaction #2032 was successfully committed
2026-08-12 13:28:02| 859.5|  0.3|INFORM|Transaction #2033 was successfully committed
2026-08-12 13:28:02| 859.8|  0.3|INFORM|Transaction #2034 was successfully committed
2026-08-12 13:28:02| 860.0|  0.2|INFORM|MULTI_WRITER writer: 57,445 of 76,074 features written
2026-08-12 13:28:02| 860.1|  0.1|INFORM|Transaction #2035 was successfully committed
2026-08-12 13:28:03| 860.5|  0.4|INFORM|Transaction #2036 was successfully committed
2026-08-12 13:28:03| 860.8|  0.3|INFORM|Transaction #2037 was successfully committed
2026-08-12 13:28:03| 861.1|  0.3|INFORM|Transaction #2038 was successfully committed
2026-08-12 13:28:04| 861.6|  0.5|INFORM|Transaction #2039 was successfully committed
2026-08-12 13:28:04| 861.9|  0.3|INFORM|Transaction #2040 was successfully committed
2026-08-12 13:28:04| 862.2|  0.3|INFORM|Transaction #2041 was successfully committed
2026-08-12 13:28:05| 862.5|  0.3|INFORM|Transaction #2042 was successfully committed
2026-08-12 13:28:05| 862.8|  0.3|INFORM|Transaction #2043 was successfully committed
2026-08-12 13:28:05| 863.2|  0.4|INFORM|Transaction #2044 was successfully committed
2026-08-12 13:28:06| 863.5|  0.3|INFORM|Transaction #2045 was successfully committed
2026-08-12 13:28:06| 863.9|  0.4|INFORM|Transaction #2046 was successfully committed
2026-08-12 13:28:06| 864.2|  0.3|INFORM|Transaction #2047 was successfully committed
2026-08-12 13:28:07| 864.5|  0.3|INFORM|Transaction #2048 was successfully committed
2026-08-12 13:28:07| 864.9|  0.4|INFORM|Transaction #2049 was successfully committed
2026-08-12 13:28:07| 865.0|  0.1|INFORM|MULTI_WRITER writer: 72,140 of 76,074 features written
2026-08-12 13:28:07| 865.3|  0.3|INFORM|Transaction #2050 was successfully committed
2026-08-12 13:28:08| 865.6|  0.3|INFORM|Transaction #2051 was successfully committed
2026-08-12 13:28:08| 865.9|  0.3|INFORM|Transaction #2052 was successfully committed
2026-08-12 13:28:08| 866.3|  0.4|INFORM|Transaction #2053 was successfully committed
2026-08-12 13:28:08| 866.3|  0.0|INFORM|MULTI_WRITER writer: 76,074 of 76,074 features written
2026-08-12 13:28:09| 867.2|  0.9|INFORM|FFS writer: Writing 100000 feature(s) to file 'C:\Users\ASHTON~1.EAV\AppData\Local\Temp\wb-cache-LUS_PostProcessing_V01_ACE_25062-pwVrLI\Main_FeatureMerger -1 9 fo 0 MERGED  0  3bb0bff46fb22b1870d2b0394c88e7443c1c5b53_21.fts'
2026-08-12 13:28:10| 867.4|  0.2|INFORM|Spatial Index: Adding 100000 features
2026-08-12 13:28:10| 867.4|  0.0|INFORM|FFS writer: Writing 15014 feature(s) to file 'C:\Users\ASHTON~1.EAV\AppData\Local\Temp\wb-cache-LUS_PostProcessing_V01_ACE_25062-pwVrLI\Main_AttributeManager -1 38 fo 0 OUTPUT  0  71ef952938b38eff2ab0aa29d9504d1788ebbaa7_31.fts'
2026-08-12 13:28:10| 867.4|  0.0|INFORM|Spatial Index: Adding 15014 features
2026-08-12 13:28:10| 867.4|  0.0|INFORM|MULTI_WRITER writer: Splitting bulk features into individual features
2026-08-12 13:28:10| 867.8|  0.4|INFORM|Transaction #2054 was successfully committed
2026-08-12 13:28:10| 868.1|  0.3|INFORM|Transaction #2055 was successfully committed
2026-08-12 13:28:11| 868.5|  0.4|INFORM|Transaction #2056 was successfully committed
2026-08-12 13:28:11| 868.9|  0.4|INFORM|Transaction #2057 was successfully committed
2026-08-12 13:28:11| 869.2|  0.3|INFORM|Transaction #2058 was successfully committed
2026-08-12 13:28:12| 869.6|  0.4|INFORM|Transaction #2059 was successfully committed
2026-08-12 13:28:12| 870.0|  0.4|INFORM|Transaction #2060 was successfully committed
2026-08-12 13:28:12| 870.3|  0.3|INFORM|Transaction #2061 was successfully committed
2026-08-12 13:28:13| 870.7|  0.4|INFORM|Transaction #2062 was successfully committed
2026-08-12 13:28:13| 871.0|  0.3|INFORM|Transaction #2063 was successfully committed
2026-08-12 13:28:14| 871.3|  0.3|INFORM|Transaction #2064 was successfully committed
2026-08-12 13:28:14| 871.7|  0.4|INFORM|Transaction #2065 was successfully committed
2026-08-12 13:28:14| 872.0|  0.3|INFORM|Transaction #2066 was successfully committed
2026-08-12 13:28:15| 872.5|  0.5|INFORM|Transaction #2067 was successfully committed
2026-08-12 13:28:15| 872.5|  0.0|INFORM|MULTI_WRITER writer: 13,983 of 15,014 features written
2026-08-12 13:28:15| 872.8|  0.3|INFORM|Transaction #2068 was successfully committed
2026-08-12 13:28:15| 872.8|  0.0|INFORM|MULTI_WRITER writer: 15,014 of 15,014 features written
2026-08-12 13:28:15| 872.9|  0.1|INFORM|AttributeManager (AttrSetFactory): Processed 15,015 of 100,000 features
2026-08-12 13:28:15| 873.1|  0.2|INFORM|AttributeManager (AttrSetFactory): Processed 100,000 of 100,000 features
2026-08-12 13:28:15| 873.1|  0.0|INFORM|FFS writer: Writing 84986 feature(s) to file 'C:\Users\ASHTON~1.EAV\AppData\Local\Temp\wb-cache-LUS_PostProcessing_V01_ACE_25062-pwVrLI\Main_AttributeManager -1 38 fo 0 OUTPUT  0  71ef952938b38eff2ab0aa29d9504d1788ebbaa7_32.fts'
2026-08-12 13:28:15| 873.3|  0.2|INFORM|Spatial Index: Adding 84986 features
2026-08-12 13:28:16| 873.4|  0.1|INFORM|MULTI_WRITER writer: Splitting bulk features into individual features
2026-08-12 13:28:16| 873.7|  0.3|INFORM|Transaction #2069 was successfully committed
2026-08-12 13:28:16| 874.0|  0.3|INFORM|Transaction #2070 was successfully committed
2026-08-12 13:28:17| 874.3|  0.3|INFORM|Transaction #2071 was successfully committed
2026-08-12 13:28:17| 874.7|  0.4|INFORM|Transaction #2072 was successfully committed
2026-08-12 13:28:17| 875.0|  0.3|INFORM|Transaction #2073 was successfully committed
2026-08-12 13:28:18| 875.4|  0.4|INFORM|Transaction #2074 was successfully committed
2026-08-12 13:28:18| 875.7|  0.3|INFORM|Transaction #2075 was successfully committed
2026-08-12 13:28:18| 876.2|  0.5|INFORM|Transaction #2076 was successfully committed
2026-08-12 13:28:19| 876.5|  0.3|INFORM|Transaction #2077 was successfully committed
2026-08-12 13:28:19| 876.9|  0.4|INFORM|Transaction #2078 was successfully committed
2026-08-12 13:28:19| 877.2|  0.3|INFORM|Transaction #2079 was successfully committed
2026-08-12 13:28:20| 877.5|  0.3|INFORM|Transaction #2080 was successfully committed
2026-08-12 13:28:20| 877.9|  0.4|INFORM|Transaction #2081 was successfully committed
2026-08-12 13:28:20| 878.3|  0.4|INFORM|Transaction #2082 was successfully committed
2026-08-12 13:28:21| 878.3|  0.0|INFORM|MULTI_WRITER writer: 13,954 of 84,986 features written
2026-08-12 13:28:21| 878.6|  0.3|INFORM|Transaction #2083 was successfully committed
2026-08-12 13:28:21| 879.0|  0.4|INFORM|Transaction #2084 was successfully committed
2026-08-12 13:28:22| 879.3|  0.3|INFORM|Transaction #2085 was successfully committed
2026-08-12 13:28:22| 879.7|  0.4|INFORM|Transaction #2086 was successfully committed
2026-08-12 13:28:22| 880.1|  0.4|INFORM|Transaction #2087 was successfully committed
2026-08-12 13:28:23| 880.4|  0.3|INFORM|Transaction #2088 was successfully committed
2026-08-12 13:28:23| 880.8|  0.4|INFORM|Transaction #2089 was successfully committed
2026-08-12 13:28:23| 881.1|  0.3|INFORM|Transaction #2090 was successfully committed
2026-08-12 13:28:24| 881.5|  0.4|INFORM|Transaction #2091 was successfully committed
2026-08-12 13:28:24| 881.8|  0.3|INFORM|Transaction #2092 was successfully committed
2026-08-12 13:28:24| 882.2|  0.4|INFORM|Transaction #2093 was successfully committed
2026-08-12 13:28:25| 882.5|  0.3|INFORM|Transaction #2094 was successfully committed
2026-08-12 13:28:25| 882.9|  0.4|INFORM|Transaction #2095 was successfully committed
2026-08-12 13:28:25| 883.2|  0.3|INFORM|Transaction #2096 was successfully committed
2026-08-12 13:28:26| 883.2|  0.0|INFORM|MULTI_WRITER writer: 28,009 of 84,986 features written
2026-08-12 13:28:26| 883.6|  0.4|INFORM|Transaction #2097 was successfully committed
2026-08-12 13:28:26| 883.9|  0.3|INFORM|Transaction #2098 was successfully committed
2026-08-12 13:28:27| 884.3|  0.4|INFORM|Transaction #2099 was successfully committed
2026-08-12 13:28:27| 884.7|  0.4|INFORM|Transaction #2100 was successfully committed
2026-08-12 13:28:27| 885.0|  0.3|INFORM|Transaction #2101 was successfully committed
2026-08-12 13:28:28| 885.4|  0.4|INFORM|Transaction #2102 was successfully committed
2026-08-12 13:28:28| 885.8|  0.4|INFORM|Transaction #2103 was successfully committed
2026-08-12 13:28:28| 886.1|  0.3|INFORM|Transaction #2104 was successfully committed
2026-08-12 13:28:29| 886.5|  0.4|INFORM|Transaction #2105 was successfully committed
2026-08-12 13:28:29| 886.8|  0.3|INFORM|Transaction #2106 was successfully committed
2026-08-12 13:28:29| 887.1|  0.3|INFORM|Transaction #2107 was successfully committed
2026-08-12 13:28:30| 887.5|  0.4|INFORM|Transaction #2108 was successfully committed
2026-08-12 13:28:30| 887.9|  0.4|INFORM|Transaction #2109 was successfully committed
2026-08-12 13:28:30| 888.2|  0.3|INFORM|Transaction #2110 was successfully committed
2026-08-12 13:28:31| 888.3|  0.1|INFORM|MULTI_WRITER writer: 41,998 of 84,986 features written
2026-08-12 13:28:31| 888.6|  0.3|INFORM|Transaction #2111 was successfully committed
2026-08-12 13:28:31| 889.0|  0.4|INFORM|Transaction #2112 was successfully committed
2026-08-12 13:28:32| 889.3|  0.3|INFORM|Transaction #2113 was successfully committed
2026-08-12 13:28:32| 889.7|  0.4|INFORM|Transaction #2114 was successfully committed
2026-08-12 13:28:32| 890.0|  0.3|INFORM|Transaction #2115 was successfully committed
2026-08-12 13:28:33| 890.3|  0.3|INFORM|Transaction #2116 was successfully committed
2026-08-12 13:28:33| 890.7|  0.4|INFORM|Transaction #2117 was successfully committed
2026-08-12 13:28:33| 891.0|  0.3|INFORM|Transaction #2118 was successfully committed
2026-08-12 13:28:34| 891.4|  0.4|INFORM|Transaction #2119 was successfully committed
2026-08-12 13:28:34| 891.7|  0.3|INFORM|Transaction #2120 was successfully committed
2026-08-12 13:28:34| 892.1|  0.4|INFORM|Transaction #2121 was successfully committed
2026-08-12 13:28:35| 892.4|  0.3|INFORM|Transaction #2122 was successfully committed
2026-08-12 13:28:35| 892.8|  0.4|INFORM|Transaction #2123 was successfully committed
2026-08-12 13:28:35| 893.2|  0.4|INFORM|Transaction #2124 was successfully committed
2026-08-12 13:28:36| 893.3|  0.1|INFORM|MULTI_WRITER writer: 56,013 of 84,986 features written
2026-08-12 13:28:36| 893.5|  0.2|INFORM|Transaction #2125 was successfully committed
2026-08-12 13:28:36| 894.0|  0.5|INFORM|Transaction #2126 was successfully committed
2026-08-12 13:28:37| 894.3|  0.3|INFORM|Transaction #2127 was successfully committed
2026-08-12 13:28:37| 894.7|  0.4|INFORM|Transaction #2128 was successfully committed
2026-08-12 13:28:37| 895.0|  0.3|INFORM|Transaction #2129 was successfully committed
2026-08-12 13:28:38| 895.3|  0.3|INFORM|Transaction #2130 was successfully committed
2026-08-12 13:28:38| 895.8|  0.5|INFORM|Transaction #2131 was successfully committed
2026-08-12 13:28:38| 896.1|  0.3|INFORM|Transaction #2132 was successfully committed
2026-08-12 13:28:39| 896.5|  0.4|INFORM|Transaction #2133 was successfully committed
2026-08-12 13:28:39| 896.8|  0.3|INFORM|Transaction #2134 was successfully committed
2026-08-12 13:28:39| 897.2|  0.4|INFORM|Transaction #2135 was successfully committed
2026-08-12 13:28:40| 897.5|  0.3|INFORM|Transaction #2136 was successfully committed
2026-08-12 13:28:40| 897.8|  0.3|INFORM|Transaction #2137 was successfully committed
2026-08-12 13:28:40| 898.2|  0.4|INFORM|Transaction #2138 was successfully committed
2026-08-12 13:28:41| 898.3|  0.1|INFORM|MULTI_WRITER writer: 69,880 of 84,986 features written
2026-08-12 13:28:41| 898.6|  0.3|INFORM|Transaction #2139 was successfully committed
2026-08-12 13:28:41| 898.9|  0.3|INFORM|Transaction #2140 was successfully committed
2026-08-12 13:28:42| 899.3|  0.4|INFORM|Transaction #2141 was successfully committed
2026-08-12 13:28:42| 899.7|  0.4|INFORM|Transaction #2142 was successfully committed
2026-08-12 13:28:42| 900.0|  0.3|INFORM|Transaction #2143 was successfully committed
2026-08-12 13:28:43| 900.4|  0.4|INFORM|Transaction #2144 was successfully committed
2026-08-12 13:28:43| 900.7|  0.3|INFORM|Transaction #2145 was successfully committed
2026-08-12 13:28:43| 901.1|  0.4|INFORM|Transaction #2146 was successfully committed
2026-08-12 13:28:44| 901.4|  0.3|INFORM|Transaction #2147 was successfully committed
2026-08-12 13:28:44| 901.8|  0.4|INFORM|Transaction #2148 was successfully committed
2026-08-12 13:28:44| 902.1|  0.3|INFORM|Transaction #2149 was successfully committed
2026-08-12 13:28:45| 902.5|  0.4|INFORM|Transaction #2150 was successfully committed
2026-08-12 13:28:45| 902.9|  0.4|INFORM|Transaction #2151 was successfully committed
2026-08-12 13:28:46| 903.2|  0.3|INFORM|MULTI_WRITER writer: 83,805 of 84,986 features written
2026-08-12 13:28:46| 903.3|  0.1|INFORM|Transaction #2152 was successfully committed
2026-08-12 13:28:46| 903.6|  0.3|INFORM|Transaction #2153 was successfully committed
2026-08-12 13:28:46| 903.6|  0.0|INFORM|MULTI_WRITER writer: 84,986 of 84,986 features written
2026-08-12 13:28:47| 904.7|  1.1|INFORM|FFS writer: Writing 100000 feature(s) to file 'C:\Users\ASHTON~1.EAV\AppData\Local\Temp\wb-cache-LUS_PostProcessing_V01_ACE_25062-pwVrLI\Main_FeatureMerger -1 9 fo 0 MERGED  0  3bb0bff46fb22b1870d2b0394c88e7443c1c5b53_22.fts'
2026-08-12 13:28:47| 904.7|  0.0|INFORM|Spatial Index: Adding 100000 features
2026-08-12 13:28:47| 904.9|  0.2|INFORM|AttributeManager_OUTPUT Feature Recorder -1 2147614758 (RecorderFactory): Splitting bulk features into individual features
2026-08-12 13:28:48| 905.3|  0.4|INFORM|FFS writer: Writing 99621 feature(s) to file 'C:\Users\ASHTON~1.EAV\AppData\Local\Temp\wb-cache-LUS_PostProcessing_V01_ACE_25062-pwVrLI\Main_AttributeManager -1 38 fo 0 OUTPUT  0  71ef952938b38eff2ab0aa29d9504d1788ebbaa7_33.fts'
2026-08-12 13:28:48| 905.4|  0.1|INFORM|Spatial Index: Adding 99621 features
2026-08-12 13:28:48| 905.4|  0.0|INFORM|MULTI_WRITER writer: Splitting bulk features into individual features
2026-08-12 13:28:48| 905.6|  0.2|INFORM|Transaction #2154 was successfully committed
2026-08-12 13:28:48| 905.9|  0.3|INFORM|Transaction #2155 was successfully committed
2026-08-12 13:28:49| 906.2|  0.3|INFORM|Transaction #2156 was successfully committed
2026-08-12 13:28:49| 906.6|  0.4|INFORM|Transaction #2157 was successfully committed
2026-08-12 13:28:49| 907.0|  0.4|INFORM|Transaction #2158 was successfully committed
2026-08-12 13:28:50| 907.3|  0.3|INFORM|Transaction #2159 was successfully committed
2026-08-12 13:28:50| 907.6|  0.3|INFORM|Transaction #2160 was successfully committed
2026-08-12 13:28:50| 908.0|  0.4|INFORM|Transaction #2161 was successfully committed
2026-08-12 13:28:51| 908.3|  0.3|INFORM|Transaction #2162 was successfully committed
2026-08-12 13:28:51| 908.6|  0.3|INFORM|Transaction #2163 was successfully committed
2026-08-12 13:28:51| 909.0|  0.4|INFORM|Transaction #2164 was successfully committed
2026-08-12 13:28:52| 909.3|  0.3|INFORM|Transaction #2165 was successfully committed
2026-08-12 13:28:52| 909.6|  0.3|INFORM|Transaction #2166 was successfully committed
2026-08-12 13:28:52| 910.0|  0.4|INFORM|Transaction #2167 was successfully committed
2026-08-12 13:28:53| 910.3|  0.3|INFORM|Transaction #2168 was successfully committed
2026-08-12 13:28:53| 910.4|  0.1|INFORM|MULTI_WRITER writer: 14,785 of 99,621 features written
2026-08-12 13:28:53| 910.6|  0.2|INFORM|Transaction #2169 was successfully committed
2026-08-12 13:28:53| 910.9|  0.3|INFORM|Transaction #2170 was successfully committed
2026-08-12 13:28:54| 911.3|  0.4|INFORM|Transaction #2171 was successfully committed
2026-08-12 13:28:54| 911.6|  0.3|INFORM|Transaction #2172 was successfully committed
2026-08-12 13:28:54| 911.9|  0.3|INFORM|Transaction #2173 was successfully committed
2026-08-12 13:28:55| 912.3|  0.4|INFORM|Transaction #2174 was successfully committed
2026-08-12 13:28:55| 912.6|  0.3|INFORM|Transaction #2175 was successfully committed
2026-08-12 13:28:55| 913.0|  0.4|INFORM|Transaction #2176 was successfully committed
2026-08-12 13:28:56| 913.3|  0.3|INFORM|Transaction #2177 was successfully committed
2026-08-12 13:28:56| 913.6|  0.3|INFORM|Transaction #2178 was successfully committed
2026-08-12 13:28:56| 914.0|  0.4|INFORM|Transaction #2179 was successfully committed
2026-08-12 13:28:57| 914.3|  0.3|INFORM|Transaction #2180 was successfully committed
2026-08-12 13:28:57| 914.6|  0.3|INFORM|Transaction #2181 was successfully committed
2026-08-12 13:28:57| 915.0|  0.4|INFORM|Transaction #2182 was successfully committed
2026-08-12 13:28:58| 915.3|  0.3|INFORM|Transaction #2183 was successfully committed
2026-08-12 13:28:58| 915.4|  0.1|INFORM|MULTI_WRITER writer: 29,713 of 99,621 features written
2026-08-12 13:28:58| 915.6|  0.2|INFORM|Transaction #2184 was successfully committed
2026-08-12 13:28:58| 916.0|  0.4|INFORM|Transaction #2185 was successfully committed
2026-08-12 13:28:59| 916.3|  0.3|INFORM|Transaction #2186 was successfully committed
2026-08-12 13:28:59| 916.6|  0.3|INFORM|Transaction #2187 was successfully committed
2026-08-12 13:28:59| 917.0|  0.4|INFORM|Transaction #2188 was successfully committed
2026-08-12 13:29:00| 917.3|  0.3|INFORM|Transaction #2189 was successfully committed
2026-08-12 13:29:00| 917.6|  0.3|INFORM|Transaction #2190 was successfully committed
2026-08-12 13:29:00| 918.0|  0.4|INFORM|Transaction #2191 was successfully committed
2026-08-12 13:29:01| 918.3|  0.3|INFORM|Transaction #2192 was successfully committed
2026-08-12 13:29:01| 918.6|  0.3|INFORM|Transaction #2193 was successfully committed
2026-08-12 13:29:01| 919.0|  0.4|INFORM|Transaction #2194 was successfully committed
2026-08-12 13:29:02| 919.3|  0.3|INFORM|Transaction #2195 was successfully committed
2026-08-12 13:29:02| 919.6|  0.3|INFORM|Transaction #2196 was successfully committed
2026-08-12 13:29:02| 920.0|  0.4|INFORM|Transaction #2197 was successfully committed
2026-08-12 13:29:03| 920.3|  0.3|INFORM|Transaction #2198 was successfully committed
2026-08-12 13:29:03| 920.3|  0.0|INFORM|MULTI_WRITER writer: 44,549 of 99,621 features written
2026-08-12 13:29:03| 920.6|  0.3|INFORM|Transaction #2199 was successfully committed
2026-08-12 13:29:03| 921.0|  0.4|INFORM|Transaction #2200 was successfully committed
2026-08-12 13:29:04| 921.3|  0.3|INFORM|Transaction #2201 was successfully committed
2026-08-12 13:29:04| 921.6|  0.3|INFORM|Transaction #2202 was successfully committed
2026-08-12 13:29:04| 922.0|  0.4|INFORM|Transaction #2203 was successfully committed
2026-08-12 13:29:05| 922.3|  0.3|INFORM|Transaction #2204 was successfully committed
2026-08-12 13:29:05| 922.6|  0.3|INFORM|Transaction #2205 was successfully committed
2026-08-12 13:29:05| 923.0|  0.4|INFORM|Transaction #2206 was successfully committed
2026-08-12 13:29:06| 923.3|  0.3|INFORM|Transaction #2207 was successfully committed
2026-08-12 13:29:06| 923.6|  0.3|INFORM|Transaction #2208 was successfully committed
2026-08-12 13:29:06| 924.0|  0.4|INFORM|Transaction #2209 was successfully committed
2026-08-12 13:29:07| 924.3|  0.3|INFORM|Transaction #2210 was successfully committed
2026-08-12 13:29:07| 924.6|  0.3|INFORM|Transaction #2211 was successfully committed
2026-08-12 13:29:07| 925.0|  0.4|INFORM|Transaction #2212 was successfully committed
2026-08-12 13:29:08| 925.4|  0.4|INFORM|Transaction #2213 was successfully committed
2026-08-12 13:29:08| 925.4|  0.0|INFORM|MULTI_WRITER writer: 59,520 of 99,621 features written
2026-08-12 13:29:08| 925.7|  0.3|INFORM|Transaction #2214 was successfully committed
2026-08-12 13:29:08| 926.0|  0.3|INFORM|Transaction #2215 was successfully committed
2026-08-12 13:29:09| 926.3|  0.3|INFORM|Transaction #2216 was successfully committed
2026-08-12 13:29:09| 926.6|  0.3|INFORM|Transaction #2217 was successfully committed
2026-08-12 13:29:09| 927.0|  0.4|INFORM|Transaction #2218 was successfully committed
2026-08-12 13:29:10| 927.3|  0.3|INFORM|Transaction #2219 was successfully committed
2026-08-12 13:29:10| 927.6|  0.3|INFORM|Transaction #2220 was successfully committed
2026-08-12 13:29:10| 928.0|  0.4|INFORM|Transaction #2221 was successfully committed
2026-08-12 13:29:11| 928.3|  0.3|INFORM|Transaction #2222 was successfully committed
2026-08-12 13:29:11| 928.6|  0.3|INFORM|Transaction #2223 was successfully committed
2026-08-12 13:29:11| 929.0|  0.4|INFORM|Transaction #2224 was successfully committed
2026-08-12 13:29:12| 929.4|  0.4|INFORM|Transaction #2225 was successfully committed
2026-08-12 13:29:12| 929.7|  0.3|INFORM|Transaction #2226 was successfully committed
2026-08-12 13:29:12| 930.0|  0.3|INFORM|Transaction #2227 was successfully committed
2026-08-12 13:29:13| 930.3|  0.3|INFORM|Transaction #2228 was successfully committed
2026-08-12 13:29:13| 930.3|  0.0|INFORM|MULTI_WRITER writer: 74,517 of 99,621 features written
2026-08-12 13:29:13| 930.7|  0.4|INFORM|Transaction #2229 was successfully committed
2026-08-12 13:29:13| 931.0|  0.3|INFORM|Transaction #2230 was successfully committed
2026-08-12 13:29:14| 931.3|  0.3|INFORM|Transaction #2231 was successfully committed
2026-08-12 13:29:14| 931.7|  0.4|INFORM|Transaction #2232 was successfully committed
2026-08-12 13:29:14| 932.1|  0.4|INFORM|Transaction #2233 was successfully committed
2026-08-12 13:29:15| 932.4|  0.3|INFORM|Transaction #2234 was successfully committed
2026-08-12 13:29:15| 932.7|  0.3|INFORM|Transaction #2235 was successfully committed
2026-08-12 13:29:15| 933.0|  0.3|INFORM|Transaction #2236 was successfully committed
2026-08-12 13:29:16| 933.4|  0.4|INFORM|Transaction #2237 was successfully committed
2026-08-12 13:29:16| 933.7|  0.3|INFORM|Transaction #2238 was successfully committed
2026-08-12 13:29:16| 934.0|  0.3|INFORM|Transaction #2239 was successfully committed
2026-08-12 13:29:17| 934.4|  0.4|INFORM|Transaction #2240 was successfully committed
2026-08-12 13:29:17| 934.7|  0.3|INFORM|Transaction #2241 was successfully committed
2026-08-12 13:29:17| 935.0|  0.3|INFORM|Transaction #2242 was successfully committed
2026-08-12 13:29:18| 935.3|  0.3|INFORM|Transaction #2243 was successfully committed
2026-08-12 13:29:18| 935.3|  0.0|INFORM|MULTI_WRITER writer: 89,468 of 99,621 features written
2026-08-12 13:29:18| 935.7|  0.4|INFORM|Transaction #2244 was successfully committed
2026-08-12 13:29:18| 936.0|  0.3|INFORM|Transaction #2245 was successfully committed
2026-08-12 13:29:19| 936.3|  0.3|INFORM|Transaction #2246 was successfully committed
2026-08-12 13:29:19| 936.7|  0.4|INFORM|Transaction #2247 was successfully committed
2026-08-12 13:29:19| 937.0|  0.3|INFORM|Transaction #2248 was successfully committed
2026-08-12 13:29:20| 937.3|  0.3|INFORM|Transaction #2249 was successfully committed
2026-08-12 13:29:20| 937.7|  0.4|INFORM|Transaction #2250 was successfully committed
2026-08-12 13:29:20| 938.0|  0.3|INFORM|Transaction #2251 was successfully committed
2026-08-12 13:29:21| 938.4|  0.4|INFORM|Transaction #2252 was successfully committed
2026-08-12 13:29:21| 938.7|  0.3|INFORM|Transaction #2253 was successfully committed
2026-08-12 13:29:21| 938.8|  0.1|INFORM|MULTI_WRITER writer: 99,621 of 99,621 features written
2026-08-12 13:29:22| 939.7|  0.9|INFORM|FFS writer: Writing 100000 feature(s) to file 'C:\Users\ASHTON~1.EAV\AppData\Local\Temp\wb-cache-LUS_PostProcessing_V01_ACE_25062-pwVrLI\Main_FeatureMerger -1 9 fo 0 MERGED  0  3bb0bff46fb22b1870d2b0394c88e7443c1c5b53_23.fts'
2026-08-12 13:29:22| 939.9|  0.2|INFORM|Spatial Index: Adding 100000 features
2026-08-12 13:29:22| 939.9|  0.0|INFORM|AttributeManager_OUTPUT Feature Recorder -1 2147614758 (RecorderFactory): Splitting bulk features into individual features
2026-08-12 13:29:23| 940.3|  0.4|INFORM|Transaction #2254 was successfully committed
2026-08-12 13:29:23| 940.7|  0.4|INFORM|FFS writer: Writing 98783 feature(s) to file 'C:\Users\ASHTON~1.EAV\AppData\Local\Temp\wb-cache-LUS_PostProcessing_V01_ACE_25062-pwVrLI\Main_AttributeManager -1 38 fo 0 OUTPUT  0  71ef952938b38eff2ab0aa29d9504d1788ebbaa7_34.fts'
2026-08-12 13:29:23| 940.9|  0.2|INFORM|Spatial Index: Adding 98783 features
2026-08-12 13:29:23| 941.0|  0.1|INFORM|MULTI_WRITER writer: Splitting bulk features into individual features
2026-08-12 13:29:24| 941.2|  0.2|INFORM|Transaction #2255 was successfully committed
2026-08-12 13:29:24| 941.5|  0.3|INFORM|Transaction #2256 was successfully committed
2026-08-12 13:29:24| 941.8|  0.3|INFORM|Transaction #2257 was successfully committed
2026-08-12 13:29:25| 942.2|  0.4|INFORM|Transaction #2258 was successfully committed
2026-08-12 13:29:25| 942.5|  0.3|INFORM|Transaction #2259 was successfully committed
2026-08-12 13:29:25| 942.8|  0.3|INFORM|Transaction #2260 was successfully committed
2026-08-12 13:29:26| 943.1|  0.3|INFORM|Transaction #2261 was successfully committed
2026-08-12 13:29:26| 943.6|  0.5|INFORM|Transaction #2262 was successfully committed
2026-08-12 13:29:26| 943.9|  0.3|INFORM|Transaction #2263 was successfully committed
2026-08-12 13:29:27| 944.2|  0.3|INFORM|Transaction #2264 was successfully committed
2026-08-12 13:29:27| 944.5|  0.3|INFORM|Transaction #2265 was successfully committed
2026-08-12 13:29:27| 944.8|  0.3|INFORM|Transaction #2266 was successfully committed
2026-08-12 13:29:28| 945.2|  0.4|INFORM|Transaction #2267 was successfully committed
2026-08-12 13:29:28| 945.5|  0.3|INFORM|Transaction #2268 was successfully committed
2026-08-12 13:29:28| 945.8|  0.3|INFORM|Transaction #2269 was successfully committed
2026-08-12 13:29:28| 945.9|  0.1|INFORM|MULTI_WRITER writer: 14,820 of 98,783 features written
2026-08-12 13:29:29| 946.1|  0.2|INFORM|Transaction #2270 was successfully committed
2026-08-12 13:29:29| 946.5|  0.4|INFORM|Transaction #2271 was successfully committed
2026-08-12 13:29:29| 946.8|  0.3|INFORM|Transaction #2272 was successfully committed
2026-08-12 13:29:30| 947.2|  0.4|INFORM|Transaction #2273 was successfully committed
2026-08-12 13:29:30| 947.6|  0.4|INFORM|Transaction #2274 was successfully committed
2026-08-12 13:29:30| 947.9|  0.3|INFORM|Transaction #2275 was successfully committed
2026-08-12 13:29:31| 948.3|  0.4|INFORM|Transaction #2276 was successfully committed
2026-08-12 13:29:31| 948.6|  0.3|INFORM|Transaction #2277 was successfully committed
2026-08-12 13:29:31| 948.9|  0.3|INFORM|Transaction #2278 was successfully committed
2026-08-12 13:29:32| 949.2|  0.3|INFORM|Transaction #2279 was successfully committed
2026-08-12 13:29:32| 949.5|  0.3|INFORM|Transaction #2280 was successfully committed
2026-08-12 13:29:32| 949.8|  0.3|INFORM|Transaction #2281 was successfully committed
2026-08-12 13:29:33| 950.2|  0.4|INFORM|Transaction #2282 was successfully committed
2026-08-12 13:29:33| 950.5|  0.3|INFORM|Transaction #2283 was successfully committed
2026-08-12 13:29:33| 950.8|  0.3|INFORM|Transaction #2284 was successfully committed
2026-08-12 13:29:33| 950.9|  0.1|INFORM|MULTI_WRITER writer: 29,756 of 98,783 features written
2026-08-12 13:29:34| 951.2|  0.3|INFORM|Transaction #2285 was successfully committed
2026-08-12 13:29:34| 951.6|  0.4|INFORM|Transaction #2286 was successfully committed
2026-08-12 13:29:34| 951.9|  0.3|INFORM|Transaction #2287 was successfully committed
2026-08-12 13:29:35| 952.2|  0.3|INFORM|Transaction #2288 was successfully committed
2026-08-12 13:29:35| 952.6|  0.4|INFORM|Transaction #2289 was successfully committed
2026-08-12 13:29:35| 952.9|  0.3|INFORM|Transaction #2290 was successfully committed
2026-08-12 13:29:36| 953.2|  0.3|INFORM|Transaction #2291 was successfully committed
2026-08-12 13:29:36| 953.6|  0.4|INFORM|Transaction #2292 was successfully committed
2026-08-12 13:29:36| 953.9|  0.3|INFORM|Transaction #2293 was successfully committed
2026-08-12 13:29:37| 954.2|  0.3|INFORM|Transaction #2294 was successfully committed
2026-08-12 13:29:37| 954.5|  0.3|INFORM|Transaction #2295 was successfully committed
2026-08-12 13:29:37| 954.9|  0.4|INFORM|Transaction #2296 was successfully committed
2026-08-12 13:29:38| 955.2|  0.3|INFORM|Transaction #2297 was successfully committed
2026-08-12 13:29:38| 955.5|  0.3|INFORM|Transaction #2298 was successfully committed
2026-08-12 13:29:38| 955.9|  0.4|INFORM|Transaction #2299 was successfully committed
2026-08-12 13:29:38| 955.9|  0.0|INFORM|MULTI_WRITER writer: 44,713 of 98,783 features written
2026-08-12 13:29:39| 956.2|  0.3|INFORM|Transaction #2300 was successfully committed
2026-08-12 13:29:39| 956.5|  0.3|INFORM|Transaction #2301 was successfully committed
2026-08-12 13:29:39| 956.9|  0.4|INFORM|Transaction #2302 was successfully committed
2026-08-12 13:29:40| 957.2|  0.3|INFORM|Transaction #2303 was successfully committed
2026-08-12 13:29:40| 957.5|  0.3|INFORM|Transaction #2304 was successfully committed
2026-08-12 13:29:40| 957.9|  0.4|INFORM|Transaction #2305 was successfully committed
2026-08-12 13:29:41| 958.2|  0.3|INFORM|Transaction #2306 was successfully committed
2026-08-12 13:29:41| 958.5|  0.3|INFORM|Transaction #2307 was successfully committed
2026-08-12 13:29:41| 958.9|  0.4|INFORM|Transaction #2308 was successfully committed
2026-08-12 13:29:42| 959.2|  0.3|INFORM|Transaction #2309 was successfully committed
2026-08-12 13:29:42| 959.5|  0.3|INFORM|Transaction #2310 was successfully committed
2026-08-12 13:29:42| 959.9|  0.4|INFORM|Transaction #2311 was successfully committed
2026-08-12 13:29:43| 960.3|  0.4|INFORM|Transaction #2312 was successfully committed
2026-08-12 13:29:43| 960.6|  0.3|INFORM|Transaction #2313 was successfully committed
2026-08-12 13:29:43| 960.9|  0.3|INFORM|MULTI_WRITER writer: 59,622 of 98,783 features written
2026-08-12 13:29:43| 960.9|  0.0|INFORM|Transaction #2314 was successfully committed
2026-08-12 13:29:44| 961.2|  0.3|INFORM|Transaction #2315 was successfully committed
2026-08-12 13:29:44| 961.6|  0.4|INFORM|Transaction #2316 was successfully committed
2026-08-12 13:29:44| 962.0|  0.4|INFORM|Transaction #2317 was successfully committed
2026-08-12 13:29:45| 962.3|  0.3|INFORM|Transaction #2318 was successfully committed
2026-08-12 13:29:45| 962.6|  0.3|INFORM|Transaction #2319 was successfully committed
2026-08-12 13:29:45| 962.9|  0.3|INFORM|Transaction #2320 was successfully committed
2026-08-12 13:29:46| 963.3|  0.4|INFORM|Transaction #2321 was successfully committed
2026-08-12 13:29:46| 963.6|  0.3|INFORM|Transaction #2322 was successfully committed
2026-08-12 13:29:46| 964.0|  0.4|INFORM|Transaction #2323 was successfully committed
2026-08-12 13:29:47| 964.3|  0.3|INFORM|Transaction #2324 was successfully committed
2026-08-12 13:29:47| 964.6|  0.3|INFORM|Transaction #2325 was successfully committed
2026-08-12 13:29:47| 965.0|  0.4|INFORM|Transaction #2326 was successfully committed
2026-08-12 13:29:48| 965.3|  0.3|INFORM|Transaction #2327 was successfully committed
2026-08-12 13:29:48| 965.6|  0.3|INFORM|Transaction #2328 was successfully committed
2026-08-12 13:29:48| 965.9|  0.3|INFORM|MULTI_WRITER writer: 74,548 of 98,783 features written
2026-08-12 13:29:48| 965.9|  0.0|INFORM|Transaction #2329 was successfully committed
2026-08-12 13:29:49| 966.3|  0.4|INFORM|Transaction #2330 was successfully committed
2026-08-12 13:29:49| 966.6|  0.3|INFORM|Transaction #2331 was successfully committed
2026-08-12 13:29:49| 966.9|  0.3|INFORM|Transaction #2332 was successfully committed
2026-08-12 13:29:50| 967.3|  0.4|INFORM|Transaction #2333 was successfully committed
2026-08-12 13:29:50| 967.6|  0.3|INFORM|Transaction #2334 was successfully committed
2026-08-12 13:29:50| 967.9|  0.3|INFORM|Transaction #2335 was successfully committed
2026-08-12 13:29:51| 968.2|  0.3|INFORM|Transaction #2336 was successfully committed
2026-08-12 13:29:51| 968.6|  0.4|INFORM|Transaction #2337 was successfully committed
2026-08-12 13:29:51| 969.0|  0.4|INFORM|Transaction #2338 was successfully committed
2026-08-12 13:29:52| 969.3|  0.3|INFORM|Transaction #2339 was successfully committed
2026-08-12 13:29:52| 969.7|  0.4|INFORM|Transaction #2340 was successfully committed
2026-08-12 13:29:52| 970.0|  0.3|INFORM|Transaction #2341 was successfully committed
2026-08-12 13:29:53| 970.3|  0.3|INFORM|Transaction #2342 was successfully committed
2026-08-12 13:29:53| 970.7|  0.4|INFORM|Transaction #2343 was successfully committed
2026-08-12 13:29:53| 970.9|  0.2|INFORM|MULTI_WRITER writer: 89,459 of 98,783 features written
2026-08-12 13:29:53| 971.0|  0.1|INFORM|Transaction #2344 was successfully committed
2026-08-12 13:29:54| 971.3|  0.3|INFORM|Transaction #2345 was successfully committed
2026-08-12 13:29:54| 971.6|  0.3|INFORM|Transaction #2346 was successfully committed
2026-08-12 13:29:54| 972.0|  0.4|INFORM|Transaction #2347 was successfully committed
2026-08-12 13:29:55| 972.3|  0.3|INFORM|Transaction #2348 was successfully committed
2026-08-12 13:29:55| 972.6|  0.3|INFORM|Transaction #2349 was successfully committed
2026-08-12 13:29:55| 972.9|  0.3|INFORM|Transaction #2350 was successfully committed
2026-08-12 13:29:56| 973.3|  0.4|INFORM|Transaction #2351 was successfully committed
2026-08-12 13:29:56| 973.7|  0.4|INFORM|Transaction #2352 was successfully committed
2026-08-12 13:29:56| 974.0|  0.3|INFORM|Transaction #2353 was successfully committed
2026-08-12 13:29:56| 974.1|  0.1|INFORM|MULTI_WRITER writer: 98,783 of 98,783 features written
2026-08-12 13:29:57| 975.1|  1.0|INFORM|FFS writer: Writing 100000 feature(s) to file 'C:\Users\ASHTON~1.EAV\AppData\Local\Temp\wb-cache-LUS_PostProcessing_V01_ACE_25062-pwVrLI\Main_FeatureMerger -1 9 fo 0 MERGED  0  3bb0bff46fb22b1870d2b0394c88e7443c1c5b53_24.fts'
2026-08-12 13:29:58| 975.1|  0.0|INFORM|Spatial Index: Adding 100000 features
2026-08-12 13:29:58| 975.2|  0.1|INFORM|AttributeManager_OUTPUT Feature Recorder -1 2147614758 (RecorderFactory): Splitting bulk features into individual features
2026-08-12 13:29:58| 975.5|  0.3|INFORM|FFS writer: Writing 99783 feature(s) to file 'C:\Users\ASHTON~1.EAV\AppData\Local\Temp\wb-cache-LUS_PostProcessing_V01_ACE_25062-pwVrLI\Main_AttributeManager -1 38 fo 0 OUTPUT  0  71ef952938b38eff2ab0aa29d9504d1788ebbaa7_35.fts'
2026-08-12 13:29:58| 975.7|  0.2|INFORM|Spatial Index: Adding 99783 features
2026-08-12 13:29:58| 975.8|  0.1|INFORM|MULTI_WRITER writer: Splitting bulk features into individual features
2026-08-12 13:29:58| 976.0|  0.2|INFORM|Transaction #2354 was successfully committed
2026-08-12 13:29:59| 976.3|  0.3|INFORM|Transaction #2355 was successfully committed
2026-08-12 13:29:59| 976.7|  0.4|INFORM|Transaction #2356 was successfully committed
2026-08-12 13:29:59| 977.0|  0.3|INFORM|Transaction #2357 was successfully committed
2026-08-12 13:30:00| 977.3|  0.3|INFORM|Transaction #2358 was successfully committed
2026-08-12 13:30:00| 977.7|  0.4|INFORM|Transaction #2359 was successfully committed
2026-08-12 13:30:00| 978.0|  0.3|INFORM|Transaction #2360 was successfully committed
2026-08-12 13:30:01| 978.3|  0.3|INFORM|Transaction #2361 was successfully committed
2026-08-12 13:30:01| 978.7|  0.4|INFORM|Transaction #2362 was successfully committed
2026-08-12 13:30:01| 979.0|  0.3|INFORM|Transaction #2363 was successfully committed
2026-08-12 13:30:02| 979.3|  0.3|INFORM|Transaction #2364 was successfully committed
2026-08-12 13:30:02| 979.7|  0.4|INFORM|Transaction #2365 was successfully committed
2026-08-12 13:30:02| 980.0|  0.3|INFORM|Transaction #2366 was successfully committed
2026-08-12 13:30:03| 980.3|  0.3|INFORM|Transaction #2367 was successfully committed
2026-08-12 13:30:03| 980.7|  0.4|INFORM|Transaction #2368 was successfully committed
2026-08-12 13:30:03| 980.7|  0.0|INFORM|MULTI_WRITER writer: 14,926 of 99,783 features written
2026-08-12 13:30:03| 981.0|  0.3|INFORM|Transaction #2369 was successfully committed
2026-08-12 13:30:04| 981.3|  0.3|INFORM|Transaction #2370 was successfully committed
2026-08-12 13:30:04| 981.6|  0.3|INFORM|Transaction #2371 was successfully committed
2026-08-12 13:30:04| 981.9|  0.3|INFORM|Transaction #2372 was successfully committed
2026-08-12 13:30:05| 982.3|  0.4|INFORM|Transaction #2373 was successfully committed
2026-08-12 13:30:05| 982.7|  0.4|INFORM|Transaction #2374 was successfully committed
2026-08-12 13:30:05| 983.0|  0.3|INFORM|Transaction #2375 was successfully committed
2026-08-12 13:30:06| 983.3|  0.3|INFORM|Transaction #2376 was successfully committed
2026-08-12 13:30:06| 983.7|  0.4|INFORM|Transaction #2377 was successfully committed
2026-08-12 13:30:06| 984.0|  0.3|INFORM|Transaction #2378 was successfully committed
2026-08-12 13:30:07| 984.3|  0.3|INFORM|Transaction #2379 was successfully committed
2026-08-12 13:30:07| 984.6|  0.3|INFORM|Transaction #2380 was successfully committed
2026-08-12 13:30:07| 984.9|  0.3|INFORM|Transaction #2381 was successfully committed
2026-08-12 13:30:08| 985.3|  0.4|INFORM|Transaction #2382 was successfully committed
2026-08-12 13:30:08| 985.6|  0.3|INFORM|Transaction #2383 was successfully committed
2026-08-12 13:30:08| 985.8|  0.2|INFORM|MULTI_WRITER writer: 29,849 of 99,783 features written
2026-08-12 13:30:08| 986.0|  0.2|INFORM|Transaction #2384 was successfully committed
2026-08-12 13:30:09| 986.4|  0.4|INFORM|Transaction #2385 was successfully committed
2026-08-12 13:30:09| 986.7|  0.3|INFORM|Transaction #2386 was successfully committed
2026-08-12 13:30:09| 987.0|  0.3|INFORM|Transaction #2387 was successfully committed
2026-08-12 13:30:10| 987.3|  0.3|INFORM|Transaction #2388 was successfully committed
2026-08-12 13:30:10| 987.7|  0.4|INFORM|Transaction #2389 was successfully committed
2026-08-12 13:30:10| 988.0|  0.3|INFORM|Transaction #2390 was successfully committed
2026-08-12 13:30:11| 988.3|  0.3|INFORM|Transaction #2391 was successfully committed
2026-08-12 13:30:11| 988.7|  0.4|INFORM|Transaction #2392 was successfully committed
2026-08-12 13:30:11| 989.0|  0.3|INFORM|Transaction #2393 was successfully committed
2026-08-12 13:30:12| 989.4|  0.4|INFORM|Transaction #2394 was successfully committed
2026-08-12 13:30:12| 989.7|  0.3|INFORM|Transaction #2395 was successfully committed
2026-08-12 13:30:12| 990.0|  0.3|INFORM|Transaction #2396 was successfully committed
2026-08-12 13:30:13| 990.3|  0.3|INFORM|Transaction #2397 was successfully committed
2026-08-12 13:30:13| 990.6|  0.3|INFORM|Transaction #2398 was successfully committed
2026-08-12 13:30:13| 990.7|  0.1|INFORM|MULTI_WRITER writer: 44,770 of 99,783 features written
2026-08-12 13:30:13| 991.0|  0.3|INFORM|Transaction #2399 was successfully committed
2026-08-12 13:30:14| 991.3|  0.3|INFORM|Transaction #2400 was successfully committed
2026-08-12 13:30:14| 991.6|  0.3|INFORM|Transaction #2401 was successfully committed
2026-08-12 13:30:14| 992.1|  0.5|INFORM|Transaction #2402 was successfully committed
2026-08-12 13:30:15| 992.4|  0.3|INFORM|Transaction #2403 was successfully committed
2026-08-12 13:30:15| 992.7|  0.3|INFORM|Transaction #2404 was successfully committed
2026-08-12 13:30:15| 993.0|  0.3|INFORM|Transaction #2405 was successfully committed
2026-08-12 13:30:16| 993.4|  0.4|INFORM|Transaction #2406 was successfully committed
2026-08-12 13:30:16| 993.7|  0.3|INFORM|Transaction #2407 was successfully committed
2026-08-12 13:30:16| 994.0|  0.3|INFORM|Transaction #2408 was successfully committed
2026-08-12 13:30:17| 994.3|  0.3|INFORM|Transaction #2409 was successfully committed
2026-08-12 13:30:17| 994.6|  0.3|INFORM|Transaction #2410 was successfully committed
2026-08-12 13:30:17| 995.0|  0.4|INFORM|Transaction #2411 was successfully committed
2026-08-12 13:30:18| 995.3|  0.3|INFORM|Transaction #2412 was successfully committed
2026-08-12 13:30:18| 995.6|  0.3|INFORM|Transaction #2413 was successfully committed
2026-08-12 13:30:18| 995.7|  0.1|INFORM|MULTI_WRITER writer: 59,823 of 99,783 features written
2026-08-12 13:30:18| 996.0|  0.3|INFORM|Transaction #2414 was successfully committed
2026-08-12 13:30:19| 996.3|  0.3|INFORM|Transaction #2415 was successfully committed
2026-08-12 13:30:19| 996.6|  0.3|INFORM|Transaction #2416 was successfully committed
2026-08-12 13:30:19| 996.9|  0.3|INFORM|Transaction #2417 was successfully committed
2026-08-12 13:30:20| 997.3|  0.4|INFORM|Transaction #2418 was successfully committed
2026-08-12 13:30:20| 997.6|  0.3|INFORM|Transaction #2419 was successfully committed
2026-08-12 13:30:20| 998.0|  0.4|INFORM|Transaction #2420 was successfully committed
2026-08-12 13:30:21| 998.3|  0.3|INFORM|Transaction #2421 was successfully committed
2026-08-12 13:30:21| 998.6|  0.3|INFORM|Transaction #2422 was successfully committed
2026-08-12 13:30:21| 998.9|  0.3|INFORM|Transaction #2423 was successfully committed
2026-08-12 13:30:22| 999.3|  0.4|INFORM|Transaction #2424 was successfully committed
2026-08-12 13:30:22| 999.6|  0.3|INFORM|Transaction #2425 was successfully committed
2026-08-12 13:30:22| 999.9|  0.3|INFORM|Transaction #2426 was successfully committed
2026-08-12 13:30:23|1000.3|  0.4|INFORM|Transaction #2427 was successfully committed
2026-08-12 13:30:23|1000.6|  0.3|INFORM|Transaction #2428 was successfully committed
2026-08-12 13:30:23|1000.7|  0.1|INFORM|MULTI_WRITER writer: 74,827 of 99,783 features written
2026-08-12 13:30:23|1000.9|  0.2|INFORM|Transaction #2429 was successfully committed
2026-08-12 13:30:24|1001.3|  0.4|INFORM|Transaction #2430 was successfully committed
2026-08-12 13:30:24|1001.6|  0.3|INFORM|Transaction #2431 was successfully committed
2026-08-12 13:30:24|1001.9|  0.3|INFORM|Transaction #2432 was successfully committed
2026-08-12 13:30:25|1002.2|  0.3|INFORM|Transaction #2433 was successfully committed
2026-08-12 13:30:25|1002.6|  0.4|INFORM|Transaction #2434 was successfully committed
2026-08-12 13:30:25|1002.9|  0.3|INFORM|Transaction #2435 was successfully committed
2026-08-12 13:30:26|1003.3|  0.4|INFORM|Transaction #2436 was successfully committed
2026-08-12 13:30:26|1003.6|  0.3|INFORM|Transaction #2437 was successfully committed
2026-08-12 13:30:26|1004.0|  0.4|INFORM|Transaction #2438 was successfully committed
2026-08-12 13:30:27|1004.3|  0.3|INFORM|Transaction #2439 was successfully committed
2026-08-12 13:30:27|1004.6|  0.3|INFORM|Transaction #2440 was successfully committed
2026-08-12 13:30:27|1005.0|  0.4|INFORM|Transaction #2441 was successfully committed
2026-08-12 13:30:28|1005.3|  0.3|INFORM|Transaction #2442 was successfully committed
2026-08-12 13:30:28|1005.6|  0.3|INFORM|Transaction #2443 was successfully committed
2026-08-12 13:30:28|1005.7|  0.1|INFORM|MULTI_WRITER writer: 89,924 of 99,783 features written
2026-08-12 13:30:28|1005.9|  0.2|INFORM|Transaction #2444 was successfully committed
2026-08-12 13:30:29|1006.3|  0.4|INFORM|Transaction #2445 was successfully committed
2026-08-12 13:30:29|1006.6|  0.3|INFORM|Transaction #2446 was successfully committed
2026-08-12 13:30:29|1006.9|  0.3|INFORM|Transaction #2447 was successfully committed
2026-08-12 13:30:30|1007.3|  0.4|INFORM|Transaction #2448 was successfully committed
2026-08-12 13:30:30|1007.6|  0.3|INFORM|Transaction #2449 was successfully committed
2026-08-12 13:30:30|1007.9|  0.3|INFORM|Transaction #2450 was successfully committed
2026-08-12 13:30:31|1008.2|  0.3|INFORM|Transaction #2451 was successfully committed
2026-08-12 13:30:31|1008.6|  0.4|INFORM|Transaction #2452 was successfully committed
2026-08-12 13:30:31|1008.9|  0.3|INFORM|Transaction #2453 was successfully committed
2026-08-12 13:30:31|1008.9|  0.0|INFORM|MULTI_WRITER writer: 99,783 of 99,783 features written
2026-08-12 13:30:32|1010.0|  1.1|INFORM|FFS writer: Writing 100000 feature(s) to file 'C:\Users\ASHTON~1.EAV\AppData\Local\Temp\wb-cache-LUS_PostProcessing_V01_ACE_25062-pwVrLI\Main_FeatureMerger -1 9 fo 0 MERGED  0  3bb0bff46fb22b1870d2b0394c88e7443c1c5b53_25.fts'
2026-08-12 13:30:33|1010.1|  0.1|INFORM|Spatial Index: Adding 100000 features
2026-08-12 13:30:33|1010.2|  0.1|INFORM|FFS writer: Writing 3398 feature(s) to file 'C:\Users\ASHTON~1.EAV\AppData\Local\Temp\wb-cache-LUS_PostProcessing_V01_ACE_25062-pwVrLI\Main_AttributeManager -1 38 fo 0 OUTPUT  0  71ef952938b38eff2ab0aa29d9504d1788ebbaa7_36.fts'
2026-08-12 13:30:33|1010.2|  0.0|INFORM|Spatial Index: Adding 3398 features
2026-08-12 13:30:33|1010.2|  0.0|INFORM|MULTI_WRITER writer: Splitting bulk features into individual features
2026-08-12 13:30:33|1010.5|  0.3|INFORM|Transaction #2454 was successfully committed
2026-08-12 13:30:33|1010.8|  0.3|INFORM|Transaction #2455 was successfully committed
2026-08-12 13:30:34|1011.1|  0.3|INFORM|Transaction #2456 was successfully committed
2026-08-12 13:30:34|1011.6|  0.5|INFORM|FFS writer: Writing 96602 feature(s) to file 'C:\Users\ASHTON~1.EAV\AppData\Local\Temp\wb-cache-LUS_PostProcessing_V01_ACE_25062-pwVrLI\Main_AttributeManager -1 38 fo 0 OUTPUT  0  71ef952938b38eff2ab0aa29d9504d1788ebbaa7_37.fts'
2026-08-12 13:30:34|1011.8|  0.2|INFORM|Spatial Index: Adding 96602 features
2026-08-12 13:30:34|1011.8|  0.0|INFORM|MULTI_WRITER writer: Splitting bulk features into individual features
2026-08-12 13:30:35|1011.9|  0.1|INFORM|Transaction #2457 was successfully committed
2026-08-12 13:30:35|1012.3|  0.4|INFORM|Transaction #2458 was successfully committed
2026-08-12 13:30:35|1012.6|  0.3|INFORM|Transaction #2459 was successfully committed
2026-08-12 13:30:36|1012.9|  0.3|INFORM|Transaction #2460 was successfully committed
2026-08-12 13:30:36|1013.3|  0.4|INFORM|Transaction #2461 was successfully committed
2026-08-12 13:30:36|1013.7|  0.4|INFORM|Transaction #2462 was successfully committed
2026-08-12 13:30:37|1014.0|  0.3|INFORM|Transaction #2463 was successfully committed
2026-08-12 13:30:37|1014.3|  0.3|INFORM|Transaction #2464 was successfully committed
2026-08-12 13:30:37|1014.7|  0.4|INFORM|Transaction #2465 was successfully committed
2026-08-12 13:30:38|1015.0|  0.3|INFORM|Transaction #2466 was successfully committed
2026-08-12 13:30:38|1015.3|  0.3|INFORM|Transaction #2467 was successfully committed
2026-08-12 13:30:38|1015.7|  0.4|INFORM|Transaction #2468 was successfully committed
2026-08-12 13:30:39|1016.0|  0.3|INFORM|Transaction #2469 was successfully committed
2026-08-12 13:30:39|1016.3|  0.3|INFORM|Transaction #2470 was successfully committed
2026-08-12 13:30:39|1016.7|  0.4|INFORM|Transaction #2471 was successfully committed
2026-08-12 13:30:39|1016.8|  0.1|INFORM|MULTI_WRITER writer: 14,820 of 96,602 features written
2026-08-12 13:30:40|1017.0|  0.2|INFORM|Transaction #2472 was successfully committed
2026-08-12 13:30:40|1017.3|  0.3|INFORM|Transaction #2473 was successfully committed
2026-08-12 13:30:40|1017.7|  0.4|INFORM|Transaction #2474 was successfully committed
2026-08-12 13:30:41|1018.0|  0.3|INFORM|Transaction #2475 was successfully committed
2026-08-12 13:30:41|1018.3|  0.3|INFORM|Transaction #2476 was successfully committed
2026-08-12 13:30:41|1018.7|  0.4|INFORM|Transaction #2477 was successfully committed
2026-08-12 13:30:42|1019.0|  0.3|INFORM|Transaction #2478 was successfully committed
2026-08-12 13:30:42|1019.3|  0.3|INFORM|Transaction #2479 was successfully committed
2026-08-12 13:30:42|1019.7|  0.4|INFORM|Transaction #2480 was successfully committed
2026-08-12 13:30:43|1020.0|  0.3|INFORM|Transaction #2481 was successfully committed
2026-08-12 13:30:43|1020.3|  0.3|INFORM|Transaction #2482 was successfully committed
2026-08-12 13:30:43|1020.7|  0.4|INFORM|Transaction #2483 was successfully committed
2026-08-12 13:30:44|1021.0|  0.3|INFORM|Transaction #2484 was successfully committed
2026-08-12 13:30:44|1021.3|  0.3|INFORM|Transaction #2485 was successfully committed
2026-08-12 13:30:44|1021.7|  0.4|INFORM|Transaction #2486 was successfully committed
2026-08-12 13:30:44|1021.8|  0.1|INFORM|MULTI_WRITER writer: 29,732 of 96,602 features written
2026-08-12 13:30:45|1022.0|  0.2|INFORM|Transaction #2487 was successfully committed
2026-08-12 13:30:45|1022.3|  0.3|INFORM|Transaction #2488 was successfully committed
2026-08-12 13:30:45|1022.7|  0.4|INFORM|Transaction #2489 was successfully committed
2026-08-12 13:30:46|1023.0|  0.3|INFORM|Transaction #2490 was successfully committed
2026-08-12 13:30:46|1023.4|  0.4|INFORM|Transaction #2491 was successfully committed
2026-08-12 13:30:46|1023.7|  0.3|INFORM|Transaction #2492 was successfully committed
2026-08-12 13:30:47|1024.0|  0.3|INFORM|Transaction #2493 was successfully committed
2026-08-12 13:30:47|1024.4|  0.4|INFORM|Transaction #2494 was successfully committed
2026-08-12 13:30:47|1024.7|  0.3|INFORM|Transaction #2495 was successfully committed
2026-08-12 13:30:48|1025.0|  0.3|INFORM|Transaction #2496 was successfully committed
2026-08-12 13:30:48|1025.4|  0.4|INFORM|Transaction #2497 was successfully committed
2026-08-12 13:30:48|1025.7|  0.3|INFORM|Transaction #2498 was successfully committed
2026-08-12 13:30:49|1026.0|  0.3|INFORM|Transaction #2499 was successfully committed
2026-08-12 13:30:49|1026.4|  0.4|INFORM|Transaction #2500 was successfully committed
2026-08-12 13:30:49|1026.7|  0.3|INFORM|Transaction #2501 was successfully committed
2026-08-12 13:30:49|1026.7|  0.0|INFORM|MULTI_WRITER writer: 44,615 of 96,602 features written
2026-08-12 13:30:50|1027.0|  0.3|INFORM|Transaction #2502 was successfully committed
2026-08-12 13:30:50|1027.3|  0.3|INFORM|Transaction #2503 was successfully committed
2026-08-12 13:30:50|1027.7|  0.4|INFORM|Transaction #2504 was successfully committed
2026-08-12 13:30:51|1028.0|  0.3|INFORM|Transaction #2505 was successfully committed
2026-08-12 13:30:51|1028.3|  0.3|INFORM|Transaction #2506 was successfully committed
2026-08-12 13:30:51|1028.7|  0.4|INFORM|Transaction #2507 was successfully committed
2026-08-12 13:30:52|1029.1|  0.4|INFORM|Transaction #2508 was successfully committed
2026-08-12 13:30:52|1029.4|  0.3|INFORM|Transaction #2509 was successfully committed
2026-08-12 13:30:52|1029.7|  0.3|INFORM|Transaction #2510 was successfully committed
2026-08-12 13:30:53|1030.1|  0.4|INFORM|Transaction #2511 was successfully committed
2026-08-12 13:30:53|1030.4|  0.3|INFORM|Transaction #2512 was successfully committed
2026-08-12 13:30:53|1030.7|  0.3|INFORM|Transaction #2513 was successfully committed
2026-08-12 13:30:54|1031.1|  0.4|INFORM|Transaction #2514 was successfully committed
2026-08-12 13:30:54|1031.4|  0.3|INFORM|Transaction #2515 was successfully committed
2026-08-12 13:30:54|1031.7|  0.3|INFORM|Transaction #2516 was successfully committed
2026-08-12 13:30:54|1031.8|  0.1|INFORM|MULTI_WRITER writer: 59,489 of 96,602 features written
2026-08-12 13:30:55|1032.1|  0.3|INFORM|Transaction #2517 was successfully committed
2026-08-12 13:30:55|1032.4|  0.3|INFORM|Transaction #2518 was successfully committed
2026-08-12 13:30:55|1032.8|  0.4|INFORM|Transaction #2519 was successfully committed
2026-08-12 13:30:56|1033.1|  0.3|INFORM|Transaction #2520 was successfully committed
2026-08-12 13:30:56|1033.4|  0.3|INFORM|Transaction #2521 was successfully committed
2026-08-12 13:30:56|1033.7|  0.3|INFORM|Transaction #2522 was successfully committed
2026-08-12 13:30:57|1034.2|  0.5|INFORM|Transaction #2523 was successfully committed
2026-08-12 13:30:57|1034.5|  0.3|INFORM|Transaction #2524 was successfully committed
2026-08-12 13:30:57|1034.8|  0.3|INFORM|Transaction #2525 was successfully committed
2026-08-12 13:30:58|1035.2|  0.4|INFORM|Transaction #2526 was successfully committed
2026-08-12 13:30:58|1035.5|  0.3|INFORM|Transaction #2527 was successfully committed
2026-08-12 13:30:58|1035.8|  0.3|INFORM|Transaction #2528 was successfully committed
2026-08-12 13:30:59|1036.1|  0.3|INFORM|Transaction #2529 was successfully committed
2026-08-12 13:30:59|1036.5|  0.4|INFORM|Transaction #2530 was successfully committed
2026-08-12 13:30:59|1036.7|  0.2|INFORM|MULTI_WRITER writer: 74,347 of 96,602 features written
2026-08-12 13:30:59|1036.8|  0.1|INFORM|Transaction #2531 was successfully committed
2026-08-12 13:31:00|1037.1|  0.3|INFORM|Transaction #2532 was successfully committed
2026-08-12 13:31:00|1037.4|  0.3|INFORM|Transaction #2533 was successfully committed
2026-08-12 13:31:00|1037.8|  0.4|INFORM|Transaction #2534 was successfully committed
2026-08-12 13:31:01|1038.1|  0.3|INFORM|Transaction #2535 was successfully committed
2026-08-12 13:31:01|1038.5|  0.4|INFORM|Transaction #2536 was successfully committed
2026-08-12 13:31:01|1038.8|  0.3|INFORM|Transaction #2537 was successfully committed
2026-08-12 13:31:02|1039.1|  0.3|INFORM|Transaction #2538 was successfully committed
2026-08-12 13:31:02|1039.5|  0.4|INFORM|Transaction #2539 was successfully committed
2026-08-12 13:31:02|1039.9|  0.4|INFORM|Transaction #2540 was successfully committed
2026-08-12 13:31:03|1040.2|  0.3|INFORM|Transaction #2541 was successfully committed
2026-08-12 13:31:03|1040.5|  0.3|INFORM|Transaction #2542 was successfully committed
2026-08-12 13:31:03|1040.8|  0.3|INFORM|Transaction #2543 was successfully committed
2026-08-12 13:31:04|1041.2|  0.4|INFORM|Transaction #2544 was successfully committed
2026-08-12 13:31:04|1041.5|  0.3|INFORM|Transaction #2545 was successfully committed
2026-08-12 13:31:04|1041.7|  0.2|INFORM|MULTI_WRITER writer: 89,186 of 96,602 features written
2026-08-12 13:31:04|1041.8|  0.1|INFORM|Transaction #2546 was successfully committed
2026-08-12 13:31:05|1042.2|  0.4|INFORM|Transaction #2547 was successfully committed
2026-08-12 13:31:05|1042.5|  0.3|INFORM|Transaction #2548 was successfully committed
2026-08-12 13:31:05|1042.9|  0.4|INFORM|Transaction #2549 was successfully committed
2026-08-12 13:31:06|1043.2|  0.3|INFORM|Transaction #2550 was successfully committed
2026-08-12 13:31:06|1043.5|  0.3|INFORM|Transaction #2551 was successfully committed
2026-08-12 13:31:06|1043.9|  0.4|INFORM|Transaction #2552 was successfully committed
2026-08-12 13:31:07|1044.2|  0.3|INFORM|Transaction #2553 was successfully committed
2026-08-12 13:31:07|1044.2|  0.0|INFORM|MULTI_WRITER writer: 96,602 of 96,602 features written
2026-08-12 13:31:08|1045.2|  1.0|INFORM|FFS writer: Writing 100000 feature(s) to file 'C:\Users\ASHTON~1.EAV\AppData\Local\Temp\wb-cache-LUS_PostProcessing_V01_ACE_25062-pwVrLI\Main_FeatureMerger -1 9 fo 0 MERGED  0  3bb0bff46fb22b1870d2b0394c88e7443c1c5b53_26.fts'
2026-08-12 13:31:08|1045.4|  0.2|INFORM|Spatial Index: Adding 100000 features
2026-08-12 13:31:08|1045.5|  0.1|INFORM|AttributeManager_OUTPUT Feature Recorder -1 2147614758 (RecorderFactory): Splitting bulk features into individual features
2026-08-12 13:31:08|1045.7|  0.2|INFORM|FFS writer: Writing 99999 feature(s) to file 'C:\Users\ASHTON~1.EAV\AppData\Local\Temp\wb-cache-LUS_PostProcessing_V01_ACE_25062-pwVrLI\Main_AttributeManager -1 38 fo 0 OUTPUT  0  71ef952938b38eff2ab0aa29d9504d1788ebbaa7_38.fts'
2026-08-12 13:31:08|1045.8|  0.1|INFORM|Spatial Index: Adding 99999 features
2026-08-12 13:31:09|1045.9|  0.1|INFORM|MULTI_WRITER writer: Splitting bulk features into individual features
2026-08-12 13:31:09|1046.2|  0.3|INFORM|Transaction #2554 was successfully committed
2026-08-12 13:31:09|1046.5|  0.3|INFORM|Transaction #2555 was successfully committed
2026-08-12 13:31:09|1046.8|  0.3|INFORM|Transaction #2556 was successfully committed
2026-08-12 13:31:10|1047.1|  0.3|INFORM|Transaction #2557 was successfully committed
2026-08-12 13:31:10|1047.5|  0.4|INFORM|Transaction #2558 was successfully committed
2026-08-12 13:31:10|1047.8|  0.3|INFORM|Transaction #2559 was successfully committed
2026-08-12 13:31:11|1048.1|  0.3|INFORM|Transaction #2560 was successfully committed
2026-08-12 13:31:11|1048.5|  0.4|INFORM|Transaction #2561 was successfully committed
2026-08-12 13:31:11|1048.8|  0.3|INFORM|Transaction #2562 was successfully committed
2026-08-12 13:31:12|1049.1|  0.3|INFORM|Transaction #2563 was successfully committed
2026-08-12 13:31:12|1049.5|  0.4|INFORM|Transaction #2564 was successfully committed
2026-08-12 13:31:13|1049.8|  0.3|INFORM|Transaction #2565 was successfully committed
2026-08-12 13:31:13|1050.2|  0.4|INFORM|Transaction #2566 was successfully committed
2026-08-12 13:31:13|1050.6|  0.4|INFORM|Transaction #2567 was successfully committed
2026-08-12 13:31:14|1050.9|  0.3|INFORM|Transaction #2568 was successfully committed
2026-08-12 13:31:14|1050.9|  0.0|INFORM|MULTI_WRITER writer: 14,919 of 99,999 features written
2026-08-12 13:31:14|1051.2|  0.3|INFORM|Transaction #2569 was successfully committed
2026-08-12 13:31:14|1051.6|  0.4|INFORM|Transaction #2570 was successfully committed
2026-08-12 13:31:15|1051.9|  0.3|INFORM|Transaction #2571 was successfully committed
2026-08-12 13:31:15|1052.2|  0.3|INFORM|Transaction #2572 was successfully committed
2026-08-12 13:31:15|1052.6|  0.4|INFORM|Transaction #2573 was successfully committed
2026-08-12 13:31:16|1052.9|  0.3|INFORM|Transaction #2574 was successfully committed
2026-08-12 13:31:16|1053.2|  0.3|INFORM|Transaction #2575 was successfully committed
2026-08-12 13:31:16|1053.6|  0.4|INFORM|Transaction #2576 was successfully committed
2026-08-12 13:31:17|1053.9|  0.3|INFORM|Transaction #2577 was successfully committed
2026-08-12 13:31:17|1054.2|  0.3|INFORM|Transaction #2578 was successfully committed
2026-08-12 13:31:17|1054.6|  0.4|INFORM|Transaction #2579 was successfully committed
2026-08-12 13:31:18|1054.9|  0.3|INFORM|Transaction #2580 was successfully committed
2026-08-12 13:31:18|1055.3|  0.4|INFORM|Transaction #2581 was successfully committed
2026-08-12 13:31:18|1055.7|  0.4|INFORM|Transaction #2582 was successfully committed
2026-08-12 13:31:19|1055.9|  0.2|INFORM|MULTI_WRITER writer: 29,298 of 99,999 features written
2026-08-12 13:31:19|1056.1|  0.2|INFORM|Transaction #2583 was successfully committed
2026-08-12 13:31:19|1056.5|  0.4|INFORM|Transaction #2584 was successfully committed
2026-08-12 13:31:20|1056.9|  0.4|INFORM|Transaction #2585 was successfully committed
2026-08-12 13:31:20|1057.3|  0.4|INFORM|Transaction #2586 was successfully committed
2026-08-12 13:31:20|1057.7|  0.4|INFORM|Transaction #2587 was successfully committed
2026-08-12 13:31:21|1058.1|  0.4|INFORM|Transaction #2588 was successfully committed
2026-08-12 13:31:21|1058.5|  0.4|INFORM|Transaction #2589 was successfully committed
2026-08-12 13:31:22|1058.9|  0.4|INFORM|Transaction #2590 was successfully committed
2026-08-12 13:31:22|1059.3|  0.4|INFORM|Transaction #2591 was successfully committed
2026-08-12 13:31:22|1059.7|  0.4|INFORM|Transaction #2592 was successfully committed
2026-08-12 13:31:23|1060.0|  0.3|INFORM|Transaction #2593 was successfully committed
2026-08-12 13:31:23|1060.4|  0.4|INFORM|Transaction #2594 was successfully committed
2026-08-12 13:31:23|1060.8|  0.4|INFORM|Transaction #2595 was successfully committed
2026-08-12 13:31:24|1060.8|  0.0|INFORM|MULTI_WRITER writer: 42,046 of 99,999 features written
2026-08-12 13:31:24|1061.1|  0.3|INFORM|Transaction #2596 was successfully committed
2026-08-12 13:31:24|1061.5|  0.4|INFORM|Transaction #2597 was successfully committed
2026-08-12 13:31:25|1061.9|  0.4|INFORM|Transaction #2598 was successfully committed
2026-08-12 13:31:25|1062.2|  0.3|INFORM|Transaction #2599 was successfully committed
2026-08-12 13:31:25|1062.6|  0.4|INFORM|Transaction #2600 was successfully committed
2026-08-12 13:31:26|1062.9|  0.3|INFORM|Transaction #2601 was successfully committed
2026-08-12 13:31:26|1063.3|  0.4|INFORM|Transaction #2602 was successfully committed
2026-08-12 13:31:26|1063.6|  0.3|INFORM|Transaction #2603 was successfully committed
2026-08-12 13:31:27|1064.0|  0.4|INFORM|Transaction #2604 was successfully committed
2026-08-12 13:31:27|1064.4|  0.4|INFORM|Transaction #2605 was successfully committed
2026-08-12 13:31:27|1064.7|  0.3|INFORM|Transaction #2606 was successfully committed
2026-08-12 13:31:28|1065.1|  0.4|INFORM|Transaction #2607 was successfully committed
2026-08-12 13:31:28|1065.4|  0.3|INFORM|Transaction #2608 was successfully committed
2026-08-12 13:31:28|1065.8|  0.4|INFORM|Transaction #2609 was successfully committed
2026-08-12 13:31:29|1065.9|  0.1|INFORM|MULTI_WRITER writer: 55,992 of 99,999 features written
2026-08-12 13:31:29|1066.2|  0.3|INFORM|Transaction #2610 was successfully committed
2026-08-12 13:31:29|1066.5|  0.3|INFORM|Transaction #2611 was successfully committed
2026-08-12 13:31:30|1066.8|  0.3|INFORM|Transaction #2612 was successfully committed
2026-08-12 13:31:30|1067.2|  0.4|INFORM|Transaction #2613 was successfully committed
2026-08-12 13:31:30|1067.6|  0.4|INFORM|Transaction #2614 was successfully committed
2026-08-12 13:31:31|1067.9|  0.3|INFORM|Transaction #2615 was successfully committed
2026-08-12 13:31:31|1068.3|  0.4|INFORM|Transaction #2616 was successfully committed
2026-08-12 13:31:31|1068.7|  0.4|INFORM|Transaction #2617 was successfully committed
2026-08-12 13:31:32|1069.0|  0.3|INFORM|Transaction #2618 was successfully committed
2026-08-12 13:31:32|1069.4|  0.4|INFORM|Transaction #2619 was successfully committed
2026-08-12 13:31:32|1069.7|  0.3|INFORM|Transaction #2620 was successfully committed
2026-08-12 13:31:33|1070.0|  0.3|INFORM|Transaction #2621 was successfully committed
2026-08-12 13:31:33|1070.4|  0.4|INFORM|Transaction #2622 was successfully committed
2026-08-12 13:31:33|1070.7|  0.3|INFORM|Transaction #2623 was successfully committed
2026-08-12 13:31:34|1070.8|  0.1|INFORM|MULTI_WRITER writer: 70,213 of 99,999 features written
2026-08-12 13:31:34|1071.0|  0.2|INFORM|Transaction #2624 was successfully committed
2026-08-12 13:31:34|1071.3|  0.3|INFORM|Transaction #2625 was successfully committed
2026-08-12 13:31:34|1071.7|  0.4|INFORM|Transaction #2626 was successfully committed
2026-08-12 13:31:35|1072.1|  0.4|INFORM|Transaction #2627 was successfully committed
2026-08-12 13:31:35|1072.4|  0.3|INFORM|Transaction #2628 was successfully committed
2026-08-12 13:31:35|1072.7|  0.3|INFORM|Transaction #2629 was successfully committed
2026-08-12 13:31:36|1073.0|  0.3|INFORM|Transaction #2630 was successfully committed
2026-08-12 13:31:36|1073.4|  0.4|INFORM|Transaction #2631 was successfully committed
2026-08-12 13:31:36|1073.7|  0.3|INFORM|Transaction #2632 was successfully committed
2026-08-12 13:31:37|1074.1|  0.4|INFORM|Transaction #2633 was successfully committed
2026-08-12 13:31:37|1074.4|  0.3|INFORM|Transaction #2634 was successfully committed
2026-08-12 13:31:37|1074.7|  0.3|INFORM|Transaction #2635 was successfully committed
2026-08-12 13:31:38|1075.0|  0.3|INFORM|Transaction #2636 was successfully committed
2026-08-12 13:31:38|1075.3|  0.3|INFORM|Transaction #2637 was successfully committed
2026-08-12 13:31:38|1075.7|  0.4|INFORM|Transaction #2638 was successfully committed
2026-08-12 13:31:39|1075.8|  0.1|INFORM|MULTI_WRITER writer: 85,270 of 99,999 features written
2026-08-12 13:31:39|1076.0|  0.2|INFORM|Transaction #2639 was successfully committed
2026-08-12 13:31:39|1076.3|  0.3|INFORM|Transaction #2640 was successfully committed
2026-08-12 13:31:39|1076.6|  0.3|INFORM|Transaction #2641 was successfully committed
2026-08-12 13:31:40|1076.9|  0.3|INFORM|Transaction #2642 was successfully committed
2026-08-12 13:31:40|1077.4|  0.5|INFORM|Transaction #2643 was successfully committed
2026-08-12 13:31:40|1077.7|  0.3|INFORM|Transaction #2644 was successfully committed
2026-08-12 13:31:41|1078.0|  0.3|INFORM|Transaction #2645 was successfully committed
2026-08-12 13:31:41|1078.3|  0.3|INFORM|Transaction #2646 was successfully committed
2026-08-12 13:31:41|1078.6|  0.3|INFORM|Transaction #2647 was successfully committed
2026-08-12 13:31:42|1079.0|  0.4|INFORM|Transaction #2648 was successfully committed
2026-08-12 13:31:42|1079.3|  0.3|INFORM|Transaction #2649 was successfully committed
2026-08-12 13:31:42|1079.6|  0.3|INFORM|Transaction #2650 was successfully committed
2026-08-12 13:31:43|1080.0|  0.4|INFORM|Transaction #2651 was successfully committed
2026-08-12 13:31:43|1080.3|  0.3|INFORM|Transaction #2652 was successfully committed
2026-08-12 13:31:43|1080.6|  0.3|INFORM|Transaction #2653 was successfully committed
2026-08-12 13:31:43|1080.6|  0.0|INFORM|MULTI_WRITER writer: 99,999 of 99,999 features written
2026-08-12 13:31:44|1081.7|  1.1|INFORM|FFS writer: Writing 100000 feature(s) to file 'C:\Users\ASHTON~1.EAV\AppData\Local\Temp\wb-cache-LUS_PostProcessing_V01_ACE_25062-pwVrLI\Main_FeatureMerger -1 9 fo 0 MERGED  0  3bb0bff46fb22b1870d2b0394c88e7443c1c5b53_27.fts'
2026-08-12 13:31:45|1081.9|  0.2|INFORM|Spatial Index: Adding 100000 features
2026-08-12 13:31:45|1082.0|  0.1|INFORM|AttributeManager_OUTPUT Feature Recorder -1 2147614758 (RecorderFactory): Splitting bulk features into individual features
2026-08-12 13:31:45|1082.4|  0.4|INFORM|FFS writer: Writing 99491 feature(s) to file 'C:\Users\ASHTON~1.EAV\AppData\Local\Temp\wb-cache-LUS_PostProcessing_V01_ACE_25062-pwVrLI\Main_AttributeManager -1 38 fo 0 OUTPUT  0  71ef952938b38eff2ab0aa29d9504d1788ebbaa7_39.fts'
2026-08-12 13:31:45|1082.6|  0.2|INFORM|Spatial Index: Adding 99491 features
2026-08-12 13:31:45|1082.6|  0.0|INFORM|MULTI_WRITER writer: Splitting bulk features into individual features
2026-08-12 13:31:45|1082.8|  0.2|INFORM|Transaction #2654 was successfully committed
2026-08-12 13:31:46|1083.1|  0.3|INFORM|Transaction #2655 was successfully committed
2026-08-12 13:31:46|1083.4|  0.3|INFORM|Transaction #2656 was successfully committed
2026-08-12 13:31:46|1083.7|  0.3|INFORM|Transaction #2657 was successfully committed
2026-08-12 13:31:47|1084.0|  0.3|INFORM|Transaction #2658 was successfully committed
2026-08-12 13:31:47|1084.4|  0.4|INFORM|Transaction #2659 was successfully committed
2026-08-12 13:31:47|1084.8|  0.4|INFORM|Transaction #2660 was successfully committed
2026-08-12 13:31:48|1085.1|  0.3|INFORM|Transaction #2661 was successfully committed
2026-08-12 13:31:48|1085.4|  0.3|INFORM|Transaction #2662 was successfully committed
2026-08-12 13:31:48|1085.8|  0.4|INFORM|Transaction #2663 was successfully committed
2026-08-12 13:31:49|1086.1|  0.3|INFORM|Transaction #2664 was successfully committed
2026-08-12 13:31:49|1086.4|  0.3|INFORM|Transaction #2665 was successfully committed
2026-08-12 13:31:49|1086.7|  0.3|INFORM|Transaction #2666 was successfully committed
2026-08-12 13:31:50|1087.0|  0.3|INFORM|Transaction #2667 was successfully committed
2026-08-12 13:31:50|1087.4|  0.4|INFORM|Transaction #2668 was successfully committed
2026-08-12 13:31:50|1087.6|  0.2|INFORM|MULTI_WRITER writer: 15,082 of 99,491 features written
2026-08-12 13:31:50|1087.7|  0.1|INFORM|Transaction #2669 was successfully committed
2026-08-12 13:31:51|1088.0|  0.3|INFORM|Transaction #2670 was successfully committed
2026-08-12 13:31:51|1088.4|  0.4|INFORM|Transaction #2671 was successfully committed
2026-08-12 13:31:51|1088.7|  0.3|INFORM|Transaction #2672 was successfully committed
2026-08-12 13:31:52|1089.1|  0.4|INFORM|Transaction #2673 was successfully committed
2026-08-12 13:31:52|1089.4|  0.3|INFORM|Transaction #2674 was successfully committed
2026-08-12 13:31:52|1089.7|  0.3|INFORM|Transaction #2675 was successfully committed
2026-08-12 13:31:53|1090.0|  0.3|INFORM|Transaction #2676 was successfully committed
2026-08-12 13:31:53|1090.4|  0.4|INFORM|Transaction #2677 was successfully committed
2026-08-12 13:31:53|1090.7|  0.3|INFORM|Transaction #2678 was successfully committed
2026-08-12 13:31:54|1091.0|  0.3|INFORM|Transaction #2679 was successfully committed
2026-08-12 13:31:54|1091.4|  0.4|INFORM|Transaction #2680 was successfully committed
2026-08-12 13:31:54|1091.7|  0.3|INFORM|Transaction #2681 was successfully committed
2026-08-12 13:31:55|1092.0|  0.3|INFORM|Transaction #2682 was successfully committed
2026-08-12 13:31:55|1092.3|  0.3|INFORM|Transaction #2683 was successfully committed
2026-08-12 13:31:55|1092.6|  0.3|INFORM|MULTI_WRITER writer: 30,093 of 99,491 features written
2026-08-12 13:31:55|1092.7|  0.1|INFORM|Transaction #2684 was successfully committed
2026-08-12 13:31:56|1093.0|  0.3|INFORM|Transaction #2685 was successfully committed
2026-08-12 13:31:56|1093.3|  0.3|INFORM|Transaction #2686 was successfully committed
2026-08-12 13:31:56|1093.7|  0.4|INFORM|Transaction #2687 was successfully committed
2026-08-12 13:31:57|1094.0|  0.3|INFORM|Transaction #2688 was successfully committed
2026-08-12 13:31:57|1094.3|  0.3|INFORM|Transaction #2689 was successfully committed
2026-08-12 13:31:57|1094.7|  0.4|INFORM|Transaction #2690 was successfully committed
2026-08-12 13:31:58|1095.1|  0.4|INFORM|Transaction #2691 was successfully committed
2026-08-12 13:31:58|1095.4|  0.3|INFORM|Transaction #2692 was successfully committed
2026-08-12 13:31:58|1095.7|  0.3|INFORM|Transaction #2693 was successfully committed
2026-08-12 13:31:59|1096.0|  0.3|INFORM|Transaction #2694 was successfully committed
2026-08-12 13:31:59|1096.3|  0.3|INFORM|Transaction #2695 was successfully committed
2026-08-12 13:31:59|1096.7|  0.4|INFORM|Transaction #2696 was successfully committed
2026-08-12 13:32:00|1097.0|  0.3|INFORM|Transaction #2697 was successfully committed
2026-08-12 13:32:00|1097.4|  0.4|INFORM|Transaction #2698 was successfully committed
2026-08-12 13:32:00|1097.6|  0.2|INFORM|MULTI_WRITER writer: 45,157 of 99,491 features written
2026-08-12 13:32:00|1097.7|  0.1|INFORM|Transaction #2699 was successfully committed
2026-08-12 13:32:01|1098.0|  0.3|INFORM|Transaction #2700 was successfully committed
2026-08-12 13:32:01|1098.4|  0.4|INFORM|Transaction #2701 was successfully committed
2026-08-12 13:32:01|1098.7|  0.3|INFORM|Transaction #2702 was successfully committed
2026-08-12 13:32:02|1099.1|  0.4|INFORM|Transaction #2703 was successfully committed
2026-08-12 13:32:02|1099.4|  0.3|INFORM|Transaction #2704 was successfully committed
2026-08-12 13:32:02|1099.7|  0.3|INFORM|Transaction #2705 was successfully committed
2026-08-12 13:32:03|1100.0|  0.3|INFORM|Transaction #2706 was successfully committed
2026-08-12 13:32:03|1100.3|  0.3|INFORM|Transaction #2707 was successfully committed
2026-08-12 13:32:03|1100.6|  0.3|INFORM|Transaction #2708 was successfully committed
2026-08-12 13:32:04|1101.0|  0.4|INFORM|Transaction #2709 was successfully committed
2026-08-12 13:32:04|1101.4|  0.4|INFORM|Transaction #2710 was successfully committed
2026-08-12 13:32:04|1101.7|  0.3|INFORM|Transaction #2711 was successfully committed
2026-08-12 13:32:05|1102.0|  0.3|INFORM|Transaction #2712 was successfully committed
2026-08-12 13:32:05|1102.3|  0.3|INFORM|Transaction #2713 was successfully committed
2026-08-12 13:32:05|1102.6|  0.3|INFORM|MULTI_WRITER writer: 60,247 of 99,491 features written
2026-08-12 13:32:05|1102.7|  0.1|INFORM|Transaction #2714 was successfully committed
2026-08-12 13:32:06|1103.0|  0.3|INFORM|Transaction #2715 was successfully committed
2026-08-12 13:32:06|1103.3|  0.3|INFORM|Transaction #2716 was successfully committed
2026-08-12 13:32:06|1103.7|  0.4|INFORM|Transaction #2717 was successfully committed
2026-08-12 13:32:07|1104.0|  0.3|INFORM|Transaction #2718 was successfully committed
2026-08-12 13:32:07|1104.3|  0.3|INFORM|Transaction #2719 was successfully committed
2026-08-12 13:32:07|1104.6|  0.3|INFORM|Transaction #2720 was successfully committed
2026-08-12 13:32:08|1104.9|  0.3|INFORM|Transaction #2721 was successfully committed
2026-08-12 13:32:08|1105.3|  0.4|INFORM|Transaction #2722 was successfully committed
2026-08-12 13:32:08|1105.6|  0.3|INFORM|Transaction #2723 was successfully committed
2026-08-12 13:32:09|1105.9|  0.3|INFORM|Transaction #2724 was successfully committed
2026-08-12 13:32:09|1106.3|  0.4|INFORM|Transaction #2725 was successfully committed
2026-08-12 13:32:09|1106.6|  0.3|INFORM|Transaction #2726 was successfully committed
2026-08-12 13:32:10|1107.0|  0.4|INFORM|Transaction #2727 was successfully committed
2026-08-12 13:32:10|1107.3|  0.3|INFORM|Transaction #2728 was successfully committed
2026-08-12 13:32:10|1107.6|  0.3|INFORM|Transaction #2729 was successfully committed
2026-08-12 13:32:10|1107.6|  0.0|INFORM|MULTI_WRITER writer: 75,348 of 99,491 features written
2026-08-12 13:32:11|1107.9|  0.3|INFORM|Transaction #2730 was successfully committed
2026-08-12 13:32:11|1108.2|  0.3|INFORM|Transaction #2731 was successfully committed
2026-08-12 13:32:11|1108.6|  0.4|INFORM|Transaction #2732 was successfully committed
2026-08-12 13:32:12|1109.0|  0.4|INFORM|Transaction #2733 was successfully committed
2026-08-12 13:32:12|1109.3|  0.3|INFORM|Transaction #2734 was successfully committed
2026-08-12 13:32:12|1109.6|  0.3|INFORM|Transaction #2735 was successfully committed
2026-08-12 13:32:13|1110.0|  0.4|INFORM|Transaction #2736 was successfully committed
2026-08-12 13:32:13|1110.3|  0.3|INFORM|Transaction #2737 was successfully committed
2026-08-12 13:32:13|1110.6|  0.3|INFORM|Transaction #2738 was successfully committed
2026-08-12 13:32:14|1110.9|  0.3|INFORM|Transaction #2739 was successfully committed
2026-08-12 13:32:14|1111.2|  0.3|INFORM|Transaction #2740 was successfully committed
2026-08-12 13:32:14|1111.5|  0.3|INFORM|Transaction #2741 was successfully committed
2026-08-12 13:32:15|1111.9|  0.4|INFORM|Transaction #2742 was successfully committed
2026-08-12 13:32:15|1112.2|  0.3|INFORM|Transaction #2743 was successfully committed
2026-08-12 13:32:15|1112.5|  0.3|INFORM|Transaction #2744 was successfully committed
2026-08-12 13:32:15|1112.5|  0.0|INFORM|MULTI_WRITER writer: 90,464 of 99,491 features written
2026-08-12 13:32:16|1112.8|  0.3|INFORM|Transaction #2745 was successfully committed
2026-08-12 13:32:16|1113.2|  0.4|INFORM|Transaction #2746 was successfully committed
2026-08-12 13:32:16|1113.6|  0.4|INFORM|Transaction #2747 was successfully committed
2026-08-12 13:32:17|1113.9|  0.3|INFORM|Transaction #2748 was successfully committed
2026-08-12 13:32:17|1114.2|  0.3|INFORM|Transaction #2749 was successfully committed
2026-08-12 13:32:17|1114.5|  0.3|INFORM|Transaction #2750 was successfully committed
2026-08-12 13:32:18|1114.8|  0.3|INFORM|Transaction #2751 was successfully committed
2026-08-12 13:32:18|1115.2|  0.4|INFORM|Transaction #2752 was successfully committed
2026-08-12 13:32:18|1115.6|  0.4|INFORM|Transaction #2753 was successfully committed
2026-08-12 13:32:18|1115.6|  0.0|INFORM|MULTI_WRITER writer: 99,491 of 99,491 features written
2026-08-12 13:32:19|1116.6|  1.0|INFORM|FFS writer: Writing 100000 feature(s) to file 'C:\Users\ASHTON~1.EAV\AppData\Local\Temp\wb-cache-LUS_PostProcessing_V01_ACE_25062-pwVrLI\Main_FeatureMerger -1 9 fo 0 MERGED  0  3bb0bff46fb22b1870d2b0394c88e7443c1c5b53_28.fts'
2026-08-12 13:32:20|1116.8|  0.2|INFORM|Spatial Index: Adding 100000 features
2026-08-12 13:32:20|1116.8|  0.0|INFORM|AttributeManager_OUTPUT Feature Recorder -1 2147614758 (RecorderFactory): Splitting bulk features into individual features
2026-08-12 13:32:20|1117.2|  0.4|INFORM|Transaction #2754 was successfully committed
2026-08-12 13:32:20|1117.5|  0.3|INFORM|FFS writer: Writing 98801 feature(s) to file 'C:\Users\ASHTON~1.EAV\AppData\Local\Temp\wb-cache-LUS_PostProcessing_V01_ACE_25062-pwVrLI\Main_AttributeManager -1 38 fo 0 OUTPUT  0  71ef952938b38eff2ab0aa29d9504d1788ebbaa7_40.fts'
2026-08-12 13:32:20|1117.7|  0.2|INFORM|Spatial Index: Adding 98801 features
2026-08-12 13:32:21|1117.7|  0.0|INFORM|MULTI_WRITER writer: Splitting bulk features into individual features
2026-08-12 13:32:21|1118.0|  0.3|INFORM|Transaction #2755 was successfully committed
2026-08-12 13:32:21|1118.3|  0.3|INFORM|Transaction #2756 was successfully committed
2026-08-12 13:32:21|1118.7|  0.4|INFORM|Transaction #2757 was successfully committed
2026-08-12 13:32:22|1119.0|  0.3|INFORM|Transaction #2758 was successfully committed
2026-08-12 13:32:22|1119.3|  0.3|INFORM|Transaction #2759 was successfully committed
2026-08-12 13:32:22|1119.7|  0.4|INFORM|Transaction #2760 was successfully committed
2026-08-12 13:32:23|1120.1|  0.4|INFORM|Transaction #2761 was successfully committed
2026-08-12 13:32:23|1120.4|  0.3|INFORM|Transaction #2762 was successfully committed
2026-08-12 13:32:23|1120.7|  0.3|INFORM|Transaction #2763 was successfully committed
2026-08-12 13:32:24|1121.0|  0.3|INFORM|Transaction #2764 was successfully committed
2026-08-12 13:32:24|1121.3|  0.3|INFORM|Transaction #2765 was successfully committed
2026-08-12 13:32:25|1121.7|  0.4|INFORM|Transaction #2766 was successfully committed
2026-08-12 13:32:25|1122.1|  0.4|INFORM|Transaction #2767 was successfully committed
2026-08-12 13:32:25|1122.4|  0.3|INFORM|Transaction #2768 was successfully committed
2026-08-12 13:32:26|1122.7|  0.3|INFORM|Transaction #2769 was successfully committed
2026-08-12 13:32:26|1122.7|  0.0|INFORM|MULTI_WRITER writer: 14,671 of 98,801 features written
2026-08-12 13:32:26|1123.1|  0.4|INFORM|Transaction #2770 was successfully committed
2026-08-12 13:32:26|1123.4|  0.3|INFORM|Transaction #2771 was successfully committed
2026-08-12 13:32:27|1123.7|  0.3|INFORM|Transaction #2772 was successfully committed
2026-08-12 13:32:27|1124.0|  0.3|INFORM|Transaction #2773 was successfully committed
2026-08-12 13:32:27|1124.4|  0.4|INFORM|Transaction #2774 was successfully committed
2026-08-12 13:32:28|1124.7|  0.3|INFORM|Transaction #2775 was successfully committed
2026-08-12 13:32:28|1125.2|  0.5|INFORM|Transaction #2776 was successfully committed
2026-08-12 13:32:28|1125.5|  0.3|INFORM|Transaction #2777 was successfully committed
2026-08-12 13:32:29|1125.8|  0.3|INFORM|Transaction #2778 was successfully committed
2026-08-12 13:32:29|1126.1|  0.3|INFORM|Transaction #2779 was successfully committed
2026-08-12 13:32:29|1126.5|  0.4|INFORM|Transaction #2780 was successfully committed
2026-08-12 13:32:30|1126.8|  0.3|INFORM|Transaction #2781 was successfully committed
2026-08-12 13:32:30|1127.2|  0.4|INFORM|Transaction #2782 was successfully committed
2026-08-12 13:32:30|1127.4|  0.2|INFORM|Transaction #2783 was successfully committed
2026-08-12 13:32:31|1127.7|  0.3|INFORM|MULTI_WRITER writer: 29,473 of 98,801 features written
2026-08-12 13:32:31|1127.8|  0.1|INFORM|Transaction #2784 was successfully committed
2026-08-12 13:32:31|1128.2|  0.4|INFORM|Transaction #2785 was successfully committed
2026-08-12 13:32:31|1128.5|  0.3|INFORM|Transaction #2786 was successfully committed
2026-08-12 13:32:32|1128.9|  0.4|INFORM|Transaction #2787 was successfully committed
2026-08-12 13:32:32|1129.2|  0.3|INFORM|Transaction #2788 was successfully committed
2026-08-12 13:32:32|1129.5|  0.3|INFORM|Transaction #2789 was successfully committed
2026-08-12 13:32:33|1129.8|  0.3|INFORM|Transaction #2790 was successfully committed
2026-08-12 13:32:33|1130.2|  0.4|INFORM|Transaction #2791 was successfully committed
2026-08-12 13:32:33|1130.6|  0.4|INFORM|Transaction #2792 was successfully committed
2026-08-12 13:32:34|1130.8|  0.2|INFORM|Transaction #2793 was successfully committed
2026-08-12 13:32:34|1131.2|  0.4|INFORM|Transaction #2794 was successfully committed
2026-08-12 13:32:34|1131.5|  0.3|INFORM|Transaction #2795 was successfully committed
2026-08-12 13:32:35|1132.0|  0.5|INFORM|Transaction #2796 was successfully committed
2026-08-12 13:32:35|1132.3|  0.3|INFORM|Transaction #2797 was successfully committed
2026-08-12 13:32:35|1132.6|  0.3|INFORM|Transaction #2798 was successfully committed
2026-08-12 13:32:36|1132.8|  0.2|INFORM|MULTI_WRITER writer: 44,178 of 98,801 features written
2026-08-12 13:32:36|1132.9|  0.1|INFORM|Transaction #2799 was successfully committed
2026-08-12 13:32:36|1133.2|  0.3|INFORM|Transaction #2800 was successfully committed
2026-08-12 13:32:36|1133.6|  0.4|INFORM|Transaction #2801 was successfully committed
2026-08-12 13:32:37|1133.9|  0.3|INFORM|Transaction #2802 was successfully committed
2026-08-12 13:32:37|1134.2|  0.3|INFORM|Transaction #2803 was successfully committed
2026-08-12 13:32:37|1134.6|  0.4|INFORM|Transaction #2804 was successfully committed
2026-08-12 13:32:38|1134.9|  0.3|INFORM|Transaction #2805 was successfully committed
2026-08-12 13:32:38|1135.2|  0.3|INFORM|Transaction #2806 was successfully committed
2026-08-12 13:32:38|1135.6|  0.4|INFORM|Transaction #2807 was successfully committed
2026-08-12 13:32:39|1136.0|  0.4|INFORM|Transaction #2808 was successfully committed
2026-08-12 13:32:39|1136.3|  0.3|INFORM|Transaction #2809 was successfully committed
2026-08-12 13:32:39|1136.7|  0.4|INFORM|Transaction #2810 was successfully committed
2026-08-12 13:32:40|1137.0|  0.3|INFORM|Transaction #2811 was successfully committed
2026-08-12 13:32:40|1137.3|  0.3|INFORM|Transaction #2812 was successfully committed
2026-08-12 13:32:40|1137.6|  0.3|INFORM|Transaction #2813 was successfully committed
2026-08-12 13:32:41|1137.7|  0.1|INFORM|MULTI_WRITER writer: 58,947 of 98,801 features written
2026-08-12 13:32:41|1138.0|  0.3|INFORM|Transaction #2814 was successfully committed
2026-08-12 13:32:41|1138.3|  0.3|INFORM|Transaction #2815 was successfully committed
2026-08-12 13:32:41|1138.6|  0.3|INFORM|Transaction #2816 was successfully committed
2026-08-12 13:32:42|1139.0|  0.4|INFORM|Transaction #2817 was successfully committed
2026-08-12 13:32:42|1139.3|  0.3|INFORM|Transaction #2818 was successfully committed
2026-08-12 13:32:42|1139.6|  0.3|INFORM|Transaction #2819 was successfully committed
2026-08-12 13:32:43|1140.0|  0.4|INFORM|Transaction #2820 was successfully committed
2026-08-12 13:32:43|1140.4|  0.4|INFORM|Transaction #2821 was successfully committed
2026-08-12 13:32:43|1140.7|  0.3|INFORM|Transaction #2822 was successfully committed
2026-08-12 13:32:44|1141.0|  0.3|INFORM|Transaction #2823 was successfully committed
2026-08-12 13:32:44|1141.4|  0.4|INFORM|Transaction #2824 was successfully committed
2026-08-12 13:32:45|1141.7|  0.3|INFORM|Transaction #2825 was successfully committed
2026-08-12 13:32:45|1142.0|  0.3|INFORM|Transaction #2826 was successfully committed
2026-08-12 13:32:45|1142.3|  0.3|INFORM|Transaction #2827 was successfully committed
2026-08-12 13:32:46|1142.7|  0.4|INFORM|Transaction #2828 was successfully committed
2026-08-12 13:32:46|1142.7|  0.0|INFORM|MULTI_WRITER writer: 73,713 of 98,801 features written
2026-08-12 13:32:46|1143.0|  0.3|INFORM|Transaction #2829 was successfully committed
2026-08-12 13:32:46|1143.4|  0.4|INFORM|Transaction #2830 was successfully committed
2026-08-12 13:32:47|1143.7|  0.3|INFORM|Transaction #2831 was successfully committed
2026-08-12 13:32:47|1144.1|  0.4|INFORM|Transaction #2832 was successfully committed
2026-08-12 13:32:47|1144.5|  0.4|INFORM|Transaction #2833 was successfully committed
2026-08-12 13:32:48|1144.8|  0.3|INFORM|Transaction #2834 was successfully committed
2026-08-12 13:32:48|1145.1|  0.3|INFORM|Transaction #2835 was successfully committed
2026-08-12 13:32:48|1145.4|  0.3|INFORM|Transaction #2836 was successfully committed
2026-08-12 13:32:49|1145.9|  0.5|INFORM|Transaction #2837 was successfully committed
2026-08-12 13:32:49|1146.2|  0.3|INFORM|Transaction #2838 was successfully committed
2026-08-12 13:32:49|1146.5|  0.3|INFORM|Transaction #2839 was successfully committed
2026-08-12 13:32:50|1146.9|  0.4|INFORM|Transaction #2840 was successfully committed
2026-08-12 13:32:50|1147.2|  0.3|INFORM|Transaction #2841 was successfully committed
2026-08-12 13:32:50|1147.5|  0.3|INFORM|Transaction #2842 was successfully committed
2026-08-12 13:32:51|1147.7|  0.2|INFORM|MULTI_WRITER writer: 88,203 of 98,801 features written
2026-08-12 13:32:51|1147.9|  0.2|INFORM|Transaction #2843 was successfully committed
2026-08-12 13:32:51|1148.3|  0.4|INFORM|Transaction #2844 was successfully committed
2026-08-12 13:32:51|1148.6|  0.3|INFORM|Transaction #2845 was successfully committed
2026-08-12 13:32:52|1149.0|  0.4|INFORM|Transaction #2846 was successfully committed
2026-08-12 13:32:52|1149.3|  0.3|INFORM|Transaction #2847 was successfully committed
2026-08-12 13:32:52|1149.6|  0.3|INFORM|Transaction #2848 was successfully committed
2026-08-12 13:32:53|1150.1|  0.5|INFORM|Transaction #2849 was successfully committed
2026-08-12 13:32:53|1150.4|  0.3|INFORM|Transaction #2850 was successfully committed
2026-08-12 13:32:54|1150.7|  0.3|INFORM|Transaction #2851 was successfully committed
2026-08-12 13:32:54|1151.1|  0.4|INFORM|Transaction #2852 was successfully committed
2026-08-12 13:32:54|1151.4|  0.3|INFORM|Transaction #2853 was successfully committed
2026-08-12 13:32:54|1151.5|  0.1|INFORM|MULTI_WRITER writer: 98,801 of 98,801 features written
2026-08-12 13:32:55|1152.5|  1.0|INFORM|FFS writer: Writing 100000 feature(s) to file 'C:\Users\ASHTON~1.EAV\AppData\Local\Temp\wb-cache-LUS_PostProcessing_V01_ACE_25062-pwVrLI\Main_FeatureMerger -1 9 fo 0 MERGED  0  3bb0bff46fb22b1870d2b0394c88e7443c1c5b53_29.fts'
2026-08-12 13:32:55|1152.6|  0.1|INFORM|Spatial Index: Adding 100000 features
2026-08-12 13:32:55|1152.7|  0.1|INFORM|AttributeManager_OUTPUT Feature Recorder -1 2147614758 (RecorderFactory): Splitting bulk features into individual features
2026-08-12 13:32:56|1153.1|  0.4|INFORM|FFS writer: Writing 99829 feature(s) to file 'C:\Users\ASHTON~1.EAV\AppData\Local\Temp\wb-cache-LUS_PostProcessing_V01_ACE_25062-pwVrLI\Main_AttributeManager -1 38 fo 0 OUTPUT  0  71ef952938b38eff2ab0aa29d9504d1788ebbaa7_41.fts'
2026-08-12 13:32:56|1153.1|  0.0|INFORM|Spatial Index: Adding 99829 features
2026-08-12 13:32:56|1153.3|  0.2|INFORM|MULTI_WRITER writer: Splitting bulk features into individual features
2026-08-12 13:32:56|1153.5|  0.2|INFORM|Transaction #2854 was successfully committed
2026-08-12 13:32:57|1153.9|  0.4|INFORM|Transaction #2855 was successfully committed
2026-08-12 13:32:57|1154.2|  0.3|INFORM|Transaction #2856 was successfully committed
2026-08-12 13:32:57|1154.6|  0.4|INFORM|Transaction #2857 was successfully committed
2026-08-12 13:32:58|1154.9|  0.3|INFORM|Transaction #2858 was successfully committed
2026-08-12 13:32:58|1155.3|  0.4|INFORM|Transaction #2859 was successfully committed
2026-08-12 13:32:58|1155.6|  0.3|INFORM|Transaction #2860 was successfully committed
2026-08-12 13:32:59|1156.0|  0.4|INFORM|Transaction #2861 was successfully committed
2026-08-12 13:32:59|1156.3|  0.3|INFORM|Transaction #2862 was successfully committed
2026-08-12 13:33:00|1156.7|  0.4|INFORM|Transaction #2863 was successfully committed
2026-08-12 13:33:00|1157.0|  0.3|INFORM|Transaction #2864 was successfully committed
2026-08-12 13:33:00|1157.4|  0.4|INFORM|Transaction #2865 was successfully committed
2026-08-12 13:33:01|1157.7|  0.3|INFORM|Transaction #2866 was successfully committed
2026-08-12 13:33:01|1158.1|  0.4|INFORM|Transaction #2867 was successfully committed
2026-08-12 13:33:01|1158.3|  0.2|INFORM|MULTI_WRITER writer: 14,001 of 99,829 features written
2026-08-12 13:33:01|1158.5|  0.2|INFORM|Transaction #2868 was successfully committed
2026-08-12 13:33:02|1158.8|  0.3|INFORM|Transaction #2869 was successfully committed
2026-08-12 13:33:02|1159.2|  0.4|INFORM|Transaction #2870 was successfully committed
2026-08-12 13:33:02|1159.5|  0.3|INFORM|Transaction #2871 was successfully committed
2026-08-12 13:33:03|1159.9|  0.4|INFORM|Transaction #2872 was successfully committed
2026-08-12 13:33:03|1160.3|  0.4|INFORM|Transaction #2873 was successfully committed
2026-08-12 13:33:03|1160.6|  0.3|INFORM|Transaction #2874 was successfully committed
2026-08-12 13:33:04|1160.9|  0.3|INFORM|Transaction #2875 was successfully committed
2026-08-12 13:33:04|1161.3|  0.4|INFORM|Transaction #2876 was successfully committed
2026-08-12 13:33:04|1161.7|  0.4|INFORM|Transaction #2877 was successfully committed
2026-08-12 13:33:05|1162.0|  0.3|INFORM|Transaction #2878 was successfully committed
2026-08-12 13:33:05|1162.4|  0.4|INFORM|Transaction #2879 was successfully committed
2026-08-12 13:33:06|1162.7|  0.3|INFORM|Transaction #2880 was successfully committed
2026-08-12 13:33:06|1163.1|  0.4|INFORM|Transaction #2881 was successfully committed
2026-08-12 13:33:06|1163.2|  0.1|INFORM|MULTI_WRITER writer: 28,093 of 99,829 features written
2026-08-12 13:33:06|1163.4|  0.2|INFORM|Transaction #2882 was successfully committed
2026-08-12 13:33:07|1163.8|  0.4|INFORM|Transaction #2883 was successfully committed
2026-08-12 13:33:07|1164.1|  0.3|INFORM|Transaction #2884 was successfully committed
2026-08-12 13:33:07|1164.4|  0.3|INFORM|Transaction #2885 was successfully committed
2026-08-12 13:33:08|1164.8|  0.4|INFORM|Transaction #2886 was successfully committed
2026-08-12 13:33:08|1165.2|  0.4|INFORM|Transaction #2887 was successfully committed
2026-08-12 13:33:08|1165.5|  0.3|INFORM|Transaction #2888 was successfully committed
2026-08-12 13:33:09|1165.9|  0.4|INFORM|Transaction #2889 was successfully committed
2026-08-12 13:33:09|1166.3|  0.4|INFORM|Transaction #2890 was successfully committed
2026-08-12 13:33:09|1166.6|  0.3|INFORM|Transaction #2891 was successfully committed
2026-08-12 13:33:10|1167.0|  0.4|INFORM|Transaction #2892 was successfully committed
2026-08-12 13:33:10|1167.3|  0.3|INFORM|Transaction #2893 was successfully committed
2026-08-12 13:33:11|1167.7|  0.4|INFORM|Transaction #2894 was successfully committed
2026-08-12 13:33:11|1168.1|  0.4|INFORM|Transaction #2895 was successfully committed
2026-08-12 13:33:11|1168.3|  0.2|INFORM|MULTI_WRITER writer: 42,200 of 99,829 features written
2026-08-12 13:33:11|1168.4|  0.1|INFORM|Transaction #2896 was successfully committed
2026-08-12 13:33:12|1168.8|  0.4|INFORM|Transaction #2897 was successfully committed
2026-08-12 13:33:12|1169.1|  0.3|INFORM|Transaction #2898 was successfully committed
2026-08-12 13:33:12|1169.4|  0.3|INFORM|Transaction #2899 was successfully committed
2026-08-12 13:33:13|1169.9|  0.5|INFORM|Transaction #2900 was successfully committed
2026-08-12 13:33:13|1170.2|  0.3|INFORM|Transaction #2901 was successfully committed
2026-08-12 13:33:13|1170.5|  0.3|INFORM|Transaction #2902 was successfully committed
2026-08-12 13:33:14|1170.9|  0.4|INFORM|Transaction #2903 was successfully committed
2026-08-12 13:33:14|1171.2|  0.3|INFORM|Transaction #2904 was successfully committed
2026-08-12 13:33:14|1171.6|  0.4|INFORM|Transaction #2905 was successfully committed
2026-08-12 13:33:15|1172.0|  0.4|INFORM|Transaction #2906 was successfully committed
2026-08-12 13:33:15|1172.3|  0.3|INFORM|Transaction #2907 was successfully committed
2026-08-12 13:33:15|1172.6|  0.3|INFORM|Transaction #2908 was successfully committed
2026-08-12 13:33:16|1172.9|  0.3|INFORM|Transaction #2909 was successfully committed
2026-08-12 13:33:16|1173.2|  0.3|INFORM|MULTI_WRITER writer: 56,282 of 99,829 features written
2026-08-12 13:33:16|1173.3|  0.1|INFORM|Transaction #2910 was successfully committed
2026-08-12 13:33:17|1173.7|  0.4|INFORM|Transaction #2911 was successfully committed
2026-08-12 13:33:17|1174.0|  0.3|INFORM|Transaction #2912 was successfully committed
2026-08-12 13:33:17|1174.4|  0.4|INFORM|Transaction #2913 was successfully committed
2026-08-12 13:33:18|1174.8|  0.4|INFORM|Transaction #2914 was successfully committed
2026-08-12 13:33:18|1175.1|  0.3|INFORM|Transaction #2915 was successfully committed
2026-08-12 13:33:18|1175.5|  0.4|INFORM|Transaction #2916 was successfully committed
2026-08-12 13:33:19|1175.9|  0.4|INFORM|Transaction #2917 was successfully committed
2026-08-12 13:33:19|1176.2|  0.3|INFORM|Transaction #2918 was successfully committed
2026-08-12 13:33:19|1176.5|  0.3|INFORM|Transaction #2919 was successfully committed
2026-08-12 13:33:20|1176.9|  0.4|INFORM|Transaction #2920 was successfully committed
2026-08-12 13:33:20|1177.3|  0.4|INFORM|Transaction #2921 was successfully committed
2026-08-12 13:33:20|1177.6|  0.3|INFORM|Transaction #2922 was successfully committed
2026-08-12 13:33:21|1177.9|  0.3|INFORM|Transaction #2923 was successfully committed
2026-08-12 13:33:21|1178.2|  0.3|INFORM|MULTI_WRITER writer: 70,380 of 99,829 features written
2026-08-12 13:33:21|1178.3|  0.1|INFORM|Transaction #2924 was successfully committed
2026-08-12 13:33:22|1178.6|  0.3|INFORM|Transaction #2925 was successfully committed
2026-08-12 13:33:22|1179.0|  0.4|INFORM|Transaction #2926 was successfully committed
2026-08-12 13:33:22|1179.3|  0.3|INFORM|Transaction #2927 was successfully committed
2026-08-12 13:33:23|1179.7|  0.4|INFORM|Transaction #2928 was successfully committed
2026-08-12 13:33:23|1180.1|  0.4|INFORM|Transaction #2929 was successfully committed
2026-08-12 13:33:23|1180.5|  0.4|INFORM|Transaction #2930 was successfully committed
2026-08-12 13:33:24|1180.8|  0.3|INFORM|Transaction #2931 was successfully committed
2026-08-12 13:33:24|1181.1|  0.3|INFORM|Transaction #2932 was successfully committed
2026-08-12 13:33:24|1181.4|  0.3|INFORM|Transaction #2933 was successfully committed
2026-08-12 13:33:25|1181.8|  0.4|INFORM|Transaction #2934 was successfully committed
2026-08-12 13:33:25|1182.2|  0.4|INFORM|Transaction #2935 was successfully committed
2026-08-12 13:33:25|1182.5|  0.3|INFORM|Transaction #2936 was successfully committed
2026-08-12 13:33:26|1183.0|  0.5|INFORM|Transaction #2937 was successfully committed
2026-08-12 13:33:26|1183.2|  0.2|INFORM|MULTI_WRITER writer: 84,491 of 99,829 features written
2026-08-12 13:33:26|1183.3|  0.1|INFORM|Transaction #2938 was successfully committed
2026-08-12 13:33:26|1183.6|  0.3|INFORM|Transaction #2939 was successfully committed
2026-08-12 13:33:27|1184.0|  0.4|INFORM|Transaction #2940 was successfully committed
2026-08-12 13:33:27|1184.3|  0.3|INFORM|Transaction #2941 was successfully committed
2026-08-12 13:33:28|1184.7|  0.4|INFORM|Transaction #2942 was successfully committed
2026-08-12 13:33:28|1185.0|  0.3|INFORM|Transaction #2943 was successfully committed
2026-08-12 13:33:28|1185.4|  0.4|INFORM|Transaction #2944 was successfully committed
2026-08-12 13:33:29|1185.7|  0.3|INFORM|Transaction #2945 was successfully committed
2026-08-12 13:33:29|1186.1|  0.4|INFORM|Transaction #2946 was successfully committed
2026-08-12 13:33:29|1186.4|  0.3|INFORM|Transaction #2947 was successfully committed
2026-08-12 13:33:30|1186.8|  0.4|INFORM|Transaction #2948 was successfully committed
2026-08-12 13:33:30|1187.1|  0.3|INFORM|Transaction #2949 was successfully committed
2026-08-12 13:33:30|1187.5|  0.4|INFORM|Transaction #2950 was successfully committed
2026-08-12 13:33:31|1187.9|  0.4|INFORM|Transaction #2951 was successfully committed
2026-08-12 13:33:31|1188.2|  0.3|INFORM|MULTI_WRITER writer: 98,586 of 99,829 features written
2026-08-12 13:33:31|1188.3|  0.1|INFORM|Transaction #2952 was successfully committed
2026-08-12 13:33:31|1188.6|  0.3|INFORM|Transaction #2953 was successfully committed
2026-08-12 13:33:31|1188.7|  0.1|INFORM|MULTI_WRITER writer: 99,829 of 99,829 features written
2026-08-12 13:33:33|1189.7|  1.0|INFORM|FFS writer: Writing 100000 feature(s) to file 'C:\Users\ASHTON~1.EAV\AppData\Local\Temp\wb-cache-LUS_PostProcessing_V01_ACE_25062-pwVrLI\Main_FeatureMerger -1 9 fo 0 MERGED  0  3bb0bff46fb22b1870d2b0394c88e7443c1c5b53_30.fts'
2026-08-12 13:33:33|1189.8|  0.1|INFORM|Spatial Index: Adding 100000 features
2026-08-12 13:33:33|1189.8|  0.0|INFORM|AttributeManager_OUTPUT Feature Recorder -1 2147614758 (RecorderFactory): Splitting bulk features into individual features
2026-08-12 13:33:33|1190.2|  0.4|INFORM|Transaction #2954 was successfully committed
2026-08-12 13:33:34|1190.8|  0.6|INFORM|FFS writer: Writing 98323 feature(s) to file 'C:\Users\ASHTON~1.EAV\AppData\Local\Temp\wb-cache-LUS_PostProcessing_V01_ACE_25062-pwVrLI\Main_AttributeManager -1 38 fo 0 OUTPUT  0  71ef952938b38eff2ab0aa29d9504d1788ebbaa7_42.fts'
2026-08-12 13:33:34|1191.0|  0.2|INFORM|Spatial Index: Adding 98323 features
2026-08-12 13:33:34|1191.0|  0.0|INFORM|MULTI_WRITER writer: Splitting bulk features into individual features
2026-08-12 13:33:34|1191.1|  0.1|INFORM|Transaction #2955 was successfully committed
2026-08-12 13:33:34|1191.4|  0.3|INFORM|Transaction #2956 was successfully committed
2026-08-12 13:33:35|1191.8|  0.4|INFORM|Transaction #2957 was successfully committed
2026-08-12 13:33:35|1192.2|  0.4|INFORM|Transaction #2958 was successfully committed
2026-08-12 13:33:35|1192.4|  0.2|INFORM|Transaction #2959 was successfully committed
2026-08-12 13:33:36|1192.8|  0.4|INFORM|Transaction #2960 was successfully committed
2026-08-12 13:33:36|1193.2|  0.4|INFORM|Transaction #2961 was successfully committed
2026-08-12 13:33:36|1193.5|  0.3|INFORM|Transaction #2962 was successfully committed
2026-08-12 13:33:37|1193.9|  0.4|INFORM|Transaction #2963 was successfully committed
2026-08-12 13:33:37|1194.2|  0.3|INFORM|Transaction #2964 was successfully committed
2026-08-12 13:33:38|1194.6|  0.4|INFORM|Transaction #2965 was successfully committed
2026-08-12 13:33:38|1194.9|  0.3|INFORM|Transaction #2966 was successfully committed
2026-08-12 13:33:38|1195.3|  0.4|INFORM|Transaction #2967 was successfully committed
2026-08-12 13:33:39|1195.7|  0.4|INFORM|Transaction #2968 was successfully committed
2026-08-12 13:33:39|1195.9|  0.2|INFORM|MULTI_WRITER writer: 13,980 of 98,323 features written
2026-08-12 13:33:39|1196.0|  0.1|INFORM|Transaction #2969 was successfully committed
2026-08-12 13:33:39|1196.4|  0.4|INFORM|Transaction #2970 was successfully committed
2026-08-12 13:33:40|1196.7|  0.3|INFORM|Transaction #2971 was successfully committed
2026-08-12 13:33:40|1197.0|  0.3|INFORM|Transaction #2972 was successfully committed
2026-08-12 13:33:40|1197.5|  0.5|INFORM|Transaction #2973 was successfully committed
2026-08-12 13:33:41|1197.8|  0.3|INFORM|Transaction #2974 was successfully committed
2026-08-12 13:33:41|1198.1|  0.3|INFORM|Transaction #2975 was successfully committed
2026-08-12 13:33:41|1198.5|  0.4|INFORM|Transaction #2976 was successfully committed
2026-08-12 13:33:42|1198.9|  0.4|INFORM|Transaction #2977 was successfully committed
2026-08-12 13:33:42|1199.3|  0.4|INFORM|Transaction #2978 was successfully committed
2026-08-12 13:33:43|1199.6|  0.3|INFORM|Transaction #2979 was successfully committed
2026-08-12 13:33:43|1199.9|  0.3|INFORM|Transaction #2980 was successfully committed
2026-08-12 13:33:43|1200.3|  0.4|INFORM|Transaction #2981 was successfully committed
2026-08-12 13:33:44|1200.7|  0.4|INFORM|Transaction #2982 was successfully committed
2026-08-12 13:33:44|1200.9|  0.2|INFORM|MULTI_WRITER writer: 27,971 of 98,323 features written
2026-08-12 13:33:44|1201.0|  0.1|INFORM|Transaction #2983 was successfully committed
2026-08-12 13:33:44|1201.4|  0.4|INFORM|Transaction #2984 was successfully committed
2026-08-12 13:33:45|1201.7|  0.3|INFORM|Transaction #2985 was successfully committed
2026-08-12 13:33:45|1202.1|  0.4|INFORM|Transaction #2986 was successfully committed
2026-08-12 13:33:45|1202.4|  0.3|INFORM|Transaction #2987 was successfully committed
2026-08-12 13:33:46|1202.8|  0.4|INFORM|Transaction #2988 was successfully committed
2026-08-12 13:33:46|1203.2|  0.4|INFORM|Transaction #2989 was successfully committed
2026-08-12 13:33:46|1203.5|  0.3|INFORM|Transaction #2990 was successfully committed
2026-08-12 13:33:47|1203.8|  0.3|INFORM|Transaction #2991 was successfully committed
2026-08-12 13:33:47|1204.2|  0.4|INFORM|Transaction #2992 was successfully committed
2026-08-12 13:33:48|1204.5|  0.3|INFORM|Transaction #2993 was successfully committed
2026-08-12 13:33:48|1204.9|  0.4|INFORM|Transaction #2994 was successfully committed
2026-08-12 13:33:48|1205.3|  0.4|INFORM|Transaction #2995 was successfully committed
2026-08-12 13:33:49|1205.6|  0.3|INFORM|Transaction #2996 was successfully committed
2026-08-12 13:33:49|1205.9|  0.3|INFORM|MULTI_WRITER writer: 41,988 of 98,323 features written
2026-08-12 13:33:49|1206.0|  0.1|INFORM|Transaction #2997 was successfully committed
2026-08-12 13:33:49|1206.4|  0.4|INFORM|Transaction #2998 was successfully committed
2026-08-12 13:33:50|1206.7|  0.3|INFORM|Transaction #2999 was successfully committed
2026-08-12 13:33:50|1207.0|  0.3|INFORM|Transaction #3000 was successfully committed
2026-08-12 13:33:50|1207.4|  0.4|INFORM|Transaction #3001 was successfully committed
2026-08-12 13:33:51|1207.7|  0.3|INFORM|Transaction #3002 was successfully committed
2026-08-12 13:33:51|1208.2|  0.5|INFORM|Transaction #3003 was successfully committed
2026-08-12 13:33:51|1208.5|  0.3|INFORM|Transaction #3004 was successfully committed
2026-08-12 13:33:52|1208.8|  0.3|INFORM|Transaction #3005 was successfully committed
2026-08-12 13:33:52|1209.2|  0.4|INFORM|Transaction #3006 was successfully committed
2026-08-12 13:33:53|1209.5|  0.3|INFORM|Transaction #3007 was successfully committed
2026-08-12 13:33:53|1209.9|  0.4|INFORM|Transaction #3008 was successfully committed
2026-08-12 13:33:53|1210.3|  0.4|INFORM|Transaction #3009 was successfully committed
2026-08-12 13:33:54|1210.6|  0.3|INFORM|Transaction #3010 was successfully committed
2026-08-12 13:33:54|1210.8|  0.2|INFORM|MULTI_WRITER writer: 55,944 of 98,323 features written
2026-08-12 13:33:54|1210.9|  0.1|INFORM|Transaction #3011 was successfully committed
2026-08-12 13:33:54|1211.3|  0.4|INFORM|Transaction #3012 was successfully committed
2026-08-12 13:33:55|1211.7|  0.4|INFORM|Transaction #3013 was successfully committed
2026-08-12 13:33:55|1212.0|  0.3|INFORM|Transaction #3014 was successfully committed
2026-08-12 13:33:55|1212.4|  0.4|INFORM|Transaction #3015 was successfully committed
2026-08-12 13:33:56|1212.7|  0.3|INFORM|Transaction #3016 was successfully committed
2026-08-12 13:33:56|1213.1|  0.4|INFORM|Transaction #3017 was successfully committed
2026-08-12 13:33:56|1213.5|  0.4|INFORM|Transaction #3018 was successfully committed
2026-08-12 13:33:57|1213.8|  0.3|INFORM|Transaction #3019 was successfully committed
2026-08-12 13:33:57|1214.2|  0.4|INFORM|Transaction #3020 was successfully committed
2026-08-12 13:33:58|1214.5|  0.3|INFORM|Transaction #3021 was successfully committed
2026-08-12 13:33:58|1214.9|  0.4|INFORM|Transaction #3022 was successfully committed
2026-08-12 13:33:58|1215.2|  0.3|INFORM|Transaction #3023 was successfully committed
2026-08-12 13:33:59|1215.6|  0.4|INFORM|Transaction #3024 was successfully committed
2026-08-12 13:33:59|1215.8|  0.2|INFORM|MULTI_WRITER writer: 69,961 of 98,323 features written
2026-08-12 13:33:59|1215.9|  0.1|INFORM|Transaction #3025 was successfully committed
2026-08-12 13:33:59|1216.4|  0.5|INFORM|Transaction #3026 was successfully committed
2026-08-12 13:34:00|1216.7|  0.3|INFORM|Transaction #3027 was successfully committed
2026-08-12 13:34:00|1217.0|  0.3|INFORM|Transaction #3028 was successfully committed
2026-08-12 13:34:00|1217.3|  0.3|INFORM|Transaction #3029 was successfully committed
2026-08-12 13:34:01|1217.6|  0.3|INFORM|Transaction #3030 was successfully committed
2026-08-12 13:34:01|1218.0|  0.4|INFORM|Transaction #3031 was successfully committed
2026-08-12 13:34:01|1218.4|  0.4|INFORM|Transaction #3032 was successfully committed
2026-08-12 13:34:02|1218.7|  0.3|INFORM|Transaction #3033 was successfully committed
2026-08-12 13:34:02|1219.0|  0.3|INFORM|Transaction #3034 was successfully committed
2026-08-12 13:34:02|1219.4|  0.4|INFORM|Transaction #3035 was successfully committed
2026-08-12 13:34:03|1219.7|  0.3|INFORM|Transaction #3036 was successfully committed
2026-08-12 13:34:03|1220.0|  0.3|INFORM|Transaction #3037 was successfully committed
2026-08-12 13:34:03|1220.4|  0.4|INFORM|Transaction #3038 was successfully committed
2026-08-12 13:34:04|1220.7|  0.3|INFORM|Transaction #3039 was successfully committed
2026-08-12 13:34:04|1220.9|  0.2|INFORM|MULTI_WRITER writer: 84,571 of 98,323 features written
2026-08-12 13:34:04|1221.1|  0.2|INFORM|Transaction #3040 was successfully committed
2026-08-12 13:34:04|1221.4|  0.3|INFORM|Transaction #3041 was successfully committed
2026-08-12 13:34:05|1221.8|  0.4|INFORM|Transaction #3042 was successfully committed
2026-08-12 13:34:05|1222.1|  0.3|INFORM|Transaction #3043 was successfully committed
2026-08-12 13:34:05|1222.5|  0.4|INFORM|Transaction #3044 was successfully committed
2026-08-12 13:34:06|1222.8|  0.3|INFORM|Transaction #3045 was successfully committed
2026-08-12 13:34:06|1223.1|  0.3|INFORM|Transaction #3046 was successfully committed
2026-08-12 13:34:06|1223.5|  0.4|INFORM|Transaction #3047 was successfully committed
2026-08-12 13:34:07|1223.8|  0.3|INFORM|Transaction #3048 was successfully committed
2026-08-12 13:34:07|1224.1|  0.3|INFORM|Transaction #3049 was successfully committed
2026-08-12 13:34:08|1224.5|  0.4|INFORM|Transaction #3050 was successfully committed
2026-08-12 13:34:08|1224.8|  0.3|INFORM|Transaction #3051 was successfully committed
2026-08-12 13:34:08|1225.1|  0.3|INFORM|Transaction #3052 was successfully committed
2026-08-12 13:34:09|1225.6|  0.5|INFORM|Transaction #3053 was successfully committed
2026-08-12 13:34:09|1225.6|  0.0|INFORM|MULTI_WRITER writer: 98,323 of 98,323 features written
2026-08-12 13:34:10|1226.6|  1.0|INFORM|FFS writer: Writing 100000 feature(s) to file 'C:\Users\ASHTON~1.EAV\AppData\Local\Temp\wb-cache-LUS_PostProcessing_V01_ACE_25062-pwVrLI\Main_FeatureMerger -1 9 fo 0 MERGED  0  3bb0bff46fb22b1870d2b0394c88e7443c1c5b53_31.fts'
2026-08-12 13:34:10|1226.7|  0.1|INFORM|Spatial Index: Adding 100000 features
2026-08-12 13:34:10|1226.7|  0.0|INFORM|AttributeManager_OUTPUT Feature Recorder -1 2147614758 (RecorderFactory): Splitting bulk features into individual features
2026-08-12 13:34:10|1227.2|  0.5|INFORM|FFS writer: Writing 99680 feature(s) to file 'C:\Users\ASHTON~1.EAV\AppData\Local\Temp\wb-cache-LUS_PostProcessing_V01_ACE_25062-pwVrLI\Main_AttributeManager -1 38 fo 0 OUTPUT  0  71ef952938b38eff2ab0aa29d9504d1788ebbaa7_43.fts'
2026-08-12 13:34:10|1227.4|  0.2|INFORM|Spatial Index: Adding 99680 features
2026-08-12 13:34:10|1227.4|  0.0|INFORM|MULTI_WRITER writer: Splitting bulk features into individual features
2026-08-12 13:34:11|1227.6|  0.2|INFORM|Transaction #3054 was successfully committed
2026-08-12 13:34:11|1227.9|  0.3|INFORM|Transaction #3055 was successfully committed
2026-08-12 13:34:11|1228.3|  0.4|INFORM|Transaction #3056 was successfully committed
2026-08-12 13:34:12|1228.6|  0.3|INFORM|Transaction #3057 was successfully committed
2026-08-12 13:34:12|1228.9|  0.3|INFORM|Transaction #3058 was successfully committed
2026-08-12 13:34:12|1229.3|  0.4|INFORM|Transaction #3059 was successfully committed
2026-08-12 13:34:13|1229.6|  0.3|INFORM|Transaction #3060 was successfully committed
2026-08-12 13:34:13|1229.9|  0.3|INFORM|Transaction #3061 was successfully committed
2026-08-12 13:34:13|1230.2|  0.3|INFORM|Transaction #3062 was successfully committed
2026-08-12 13:34:14|1230.6|  0.4|INFORM|Transaction #3063 was successfully committed
2026-08-12 13:34:14|1231.0|  0.4|INFORM|Transaction #3064 was successfully committed
2026-08-12 13:34:14|1231.3|  0.3|INFORM|Transaction #3065 was successfully committed
2026-08-12 13:34:15|1231.7|  0.4|INFORM|Transaction #3066 was successfully committed
2026-08-12 13:34:15|1232.0|  0.3|INFORM|Transaction #3067 was successfully committed
2026-08-12 13:34:15|1232.3|  0.3|INFORM|Transaction #3068 was successfully committed
2026-08-12 13:34:15|1232.4|  0.1|INFORM|MULTI_WRITER writer: 14,739 of 99,680 features written
2026-08-12 13:34:16|1232.6|  0.2|INFORM|Transaction #3069 was successfully committed
2026-08-12 13:34:16|1232.9|  0.3|INFORM|Transaction #3070 was successfully committed
2026-08-12 13:34:16|1233.3|  0.4|INFORM|Transaction #3071 was successfully committed
2026-08-12 13:34:17|1233.6|  0.3|INFORM|Transaction #3072 was successfully committed
2026-08-12 13:34:17|1233.9|  0.3|INFORM|Transaction #3073 was successfully committed
2026-08-12 13:34:17|1234.3|  0.4|INFORM|Transaction #3074 was successfully committed
2026-08-12 13:34:18|1234.7|  0.4|INFORM|Transaction #3075 was successfully committed
2026-08-12 13:34:18|1235.0|  0.3|INFORM|Transaction #3076 was successfully committed
2026-08-12 13:34:18|1235.3|  0.3|INFORM|Transaction #3077 was successfully committed
2026-08-12 13:34:19|1235.7|  0.4|INFORM|Transaction #3078 was successfully committed
2026-08-12 13:34:19|1236.0|  0.3|INFORM|Transaction #3079 was successfully committed
2026-08-12 13:34:19|1236.4|  0.4|INFORM|Transaction #3080 was successfully committed
2026-08-12 13:34:20|1236.7|  0.3|INFORM|Transaction #3081 was successfully committed
2026-08-12 13:34:20|1237.0|  0.3|INFORM|Transaction #3082 was successfully committed
2026-08-12 13:34:20|1237.3|  0.3|INFORM|Transaction #3083 was successfully committed
2026-08-12 13:34:20|1237.4|  0.1|INFORM|MULTI_WRITER writer: 29,534 of 99,680 features written
2026-08-12 13:34:21|1237.7|  0.3|INFORM|Transaction #3084 was successfully committed
2026-08-12 13:34:21|1238.1|  0.4|INFORM|Transaction #3085 was successfully committed
2026-08-12 13:34:21|1238.4|  0.3|INFORM|Transaction #3086 was successfully committed
2026-08-12 13:34:22|1238.7|  0.3|INFORM|Transaction #3087 was successfully committed
2026-08-12 13:34:22|1239.1|  0.4|INFORM|Transaction #3088 was successfully committed
2026-08-12 13:34:22|1239.4|  0.3|INFORM|Transaction #3089 was successfully committed
2026-08-12 13:34:23|1239.8|  0.4|INFORM|Transaction #3090 was successfully committed
2026-08-12 13:34:23|1240.1|  0.3|INFORM|Transaction #3091 was successfully committed
2026-08-12 13:34:24|1240.4|  0.3|INFORM|Transaction #3092 was successfully committed
2026-08-12 13:34:24|1240.8|  0.4|INFORM|Transaction #3093 was successfully committed
2026-08-12 13:34:24|1241.1|  0.3|INFORM|Transaction #3094 was successfully committed
2026-08-12 13:34:25|1241.4|  0.3|INFORM|Transaction #3095 was successfully committed
2026-08-12 13:34:25|1241.7|  0.3|INFORM|Transaction #3096 was successfully committed
2026-08-12 13:34:25|1242.0|  0.3|INFORM|Transaction #3097 was successfully committed
2026-08-12 13:34:25|1242.3|  0.3|INFORM|MULTI_WRITER writer: 44,355 of 99,680 features written
2026-08-12 13:34:26|1242.4|  0.1|INFORM|Transaction #3098 was successfully committed
2026-08-12 13:34:26|1242.7|  0.3|INFORM|Transaction #3099 was successfully committed
2026-08-12 13:34:26|1243.1|  0.4|INFORM|Transaction #3100 was successfully committed
2026-08-12 13:34:27|1243.4|  0.3|INFORM|Transaction #3101 was successfully committed
2026-08-12 13:34:27|1243.7|  0.3|INFORM|Transaction #3102 was successfully committed
2026-08-12 13:34:27|1244.0|  0.3|INFORM|Transaction #3103 was successfully committed
2026-08-12 13:34:28|1244.5|  0.5|INFORM|Transaction #3104 was successfully committed
2026-08-12 13:34:28|1244.8|  0.3|INFORM|Transaction #3105 was successfully committed
2026-08-12 13:34:28|1245.1|  0.3|INFORM|Transaction #3106 was successfully committed
2026-08-12 13:34:29|1245.4|  0.3|INFORM|Transaction #3107 was successfully committed
2026-08-12 13:34:29|1245.7|  0.3|INFORM|Transaction #3108 was successfully committed
2026-08-12 13:34:29|1246.1|  0.4|INFORM|Transaction #3109 was successfully committed
2026-08-12 13:34:30|1246.4|  0.3|INFORM|Transaction #3110 was successfully committed
2026-08-12 13:34:30|1246.8|  0.4|INFORM|Transaction #3111 was successfully committed
2026-08-12 13:34:30|1247.2|  0.4|INFORM|Transaction #3112 was successfully committed
2026-08-12 13:34:30|1247.4|  0.2|INFORM|MULTI_WRITER writer: 59,218 of 99,680 features written
2026-08-12 13:34:31|1247.5|  0.1|INFORM|Transaction #3113 was successfully committed
2026-08-12 13:34:31|1247.8|  0.3|INFORM|Transaction #3114 was successfully committed
2026-08-12 13:34:31|1248.1|  0.3|INFORM|Transaction #3115 was successfully committed
2026-08-12 13:34:32|1248.5|  0.4|INFORM|Transaction #3116 was successfully committed
2026-08-12 13:34:32|1248.8|  0.3|INFORM|Transaction #3117 was successfully committed
2026-08-12 13:34:32|1249.1|  0.3|INFORM|Transaction #3118 was successfully committed
2026-08-12 13:34:33|1249.5|  0.4|INFORM|Transaction #3119 was successfully committed
2026-08-12 13:34:33|1249.8|  0.3|INFORM|Transaction #3120 was successfully committed
2026-08-12 13:34:33|1250.2|  0.4|INFORM|Transaction #3121 was successfully committed
2026-08-12 13:34:34|1250.5|  0.3|INFORM|Transaction #3122 was successfully committed
2026-08-12 13:34:34|1250.8|  0.3|INFORM|Transaction #3123 was successfully committed
2026-08-12 13:34:34|1251.1|  0.3|INFORM|Transaction #3124 was successfully committed
2026-08-12 13:34:35|1251.5|  0.4|INFORM|Transaction #3125 was successfully committed
2026-08-12 13:34:35|1251.9|  0.4|INFORM|Transaction #3126 was successfully committed
2026-08-12 13:34:35|1252.2|  0.3|INFORM|Transaction #3127 was successfully committed
2026-08-12 13:34:35|1252.4|  0.2|INFORM|MULTI_WRITER writer: 74,015 of 99,680 features written
2026-08-12 13:34:36|1252.5|  0.1|INFORM|Transaction #3128 was successfully committed
2026-08-12 13:34:36|1252.9|  0.4|INFORM|Transaction #3129 was successfully committed
2026-08-12 13:34:36|1253.2|  0.3|INFORM|Transaction #3130 was successfully committed
2026-08-12 13:34:37|1253.5|  0.3|INFORM|Transaction #3131 was successfully committed
2026-08-12 13:34:37|1253.9|  0.4|INFORM|Transaction #3132 was successfully committed
2026-08-12 13:34:37|1254.2|  0.3|INFORM|Transaction #3133 was successfully committed
2026-08-12 13:34:38|1254.5|  0.3|INFORM|Transaction #3134 was successfully committed
2026-08-12 13:34:38|1254.9|  0.4|INFORM|Transaction #3135 was successfully committed
2026-08-12 13:34:38|1255.2|  0.3|INFORM|Transaction #3136 was successfully committed
2026-08-12 13:34:39|1255.5|  0.3|INFORM|Transaction #3137 was successfully committed
2026-08-12 13:34:39|1255.8|  0.3|INFORM|Transaction #3138 was successfully committed
2026-08-12 13:34:39|1256.2|  0.4|INFORM|Transaction #3139 was successfully committed
2026-08-12 13:34:40|1256.5|  0.3|INFORM|Transaction #3140 was successfully committed
2026-08-12 13:34:40|1256.9|  0.4|INFORM|Transaction #3141 was successfully committed
2026-08-12 13:34:40|1257.2|  0.3|INFORM|Transaction #3142 was successfully committed
2026-08-12 13:34:40|1257.3|  0.1|INFORM|MULTI_WRITER writer: 88,812 of 99,680 features written
2026-08-12 13:34:41|1257.5|  0.2|INFORM|Transaction #3143 was successfully committed
2026-08-12 13:34:41|1257.9|  0.4|INFORM|Transaction #3144 was successfully committed
2026-08-12 13:34:41|1258.2|  0.3|INFORM|Transaction #3145 was successfully committed
2026-08-12 13:34:42|1258.6|  0.4|INFORM|Transaction #3146 was successfully committed
2026-08-12 13:34:42|1258.9|  0.3|INFORM|Transaction #3147 was successfully committed
2026-08-12 13:34:42|1259.2|  0.3|INFORM|Transaction #3148 was successfully committed
2026-08-12 13:34:43|1259.6|  0.4|INFORM|Transaction #3149 was successfully committed
2026-08-12 13:34:43|1259.9|  0.3|INFORM|Transaction #3150 was successfully committed
2026-08-12 13:34:43|1260.2|  0.3|INFORM|Transaction #3151 was successfully committed
2026-08-12 13:34:44|1260.5|  0.3|INFORM|Transaction #3152 was successfully committed
2026-08-12 13:34:44|1260.9|  0.4|INFORM|Transaction #3153 was successfully committed
2026-08-12 13:34:44|1261.0|  0.1|INFORM|MULTI_WRITER writer: 99,680 of 99,680 features written
2026-08-12 13:34:45|1262.0|  1.0|INFORM|FFS writer: Writing 100000 feature(s) to file 'C:\Users\ASHTON~1.EAV\AppData\Local\Temp\wb-cache-LUS_PostProcessing_V01_ACE_25062-pwVrLI\Main_FeatureMerger -1 9 fo 0 MERGED  0  3bb0bff46fb22b1870d2b0394c88e7443c1c5b53_32.fts'
2026-08-12 13:34:45|1262.1|  0.1|INFORM|Spatial Index: Adding 100000 features
2026-08-12 13:34:45|1262.3|  0.2|INFORM|AttributeManager_OUTPUT Feature Recorder -1 2147614758 (RecorderFactory): Splitting bulk features into individual features
2026-08-12 13:34:46|1262.6|  0.3|INFORM|FFS writer: Writing 99852 feature(s) to file 'C:\Users\ASHTON~1.EAV\AppData\Local\Temp\wb-cache-LUS_PostProcessing_V01_ACE_25062-pwVrLI\Main_AttributeManager -1 38 fo 0 OUTPUT  0  71ef952938b38eff2ab0aa29d9504d1788ebbaa7_44.fts'
2026-08-12 13:34:46|1262.8|  0.2|INFORM|Spatial Index: Adding 99852 features
2026-08-12 13:34:46|1262.9|  0.1|INFORM|MULTI_WRITER writer: Splitting bulk features into individual features
2026-08-12 13:34:46|1263.1|  0.2|INFORM|Transaction #3154 was successfully committed
2026-08-12 13:34:47|1263.4|  0.3|INFORM|Transaction #3155 was successfully committed
2026-08-12 13:34:47|1263.7|  0.3|INFORM|Transaction #3156 was successfully committed
2026-08-12 13:34:47|1264.1|  0.4|INFORM|Transaction #3157 was successfully committed
2026-08-12 13:34:48|1264.4|  0.3|INFORM|Transaction #3158 was successfully committed
2026-08-12 13:34:48|1264.7|  0.3|INFORM|Transaction #3159 was successfully committed
2026-08-12 13:34:48|1265.1|  0.4|INFORM|Transaction #3160 was successfully committed
2026-08-12 13:34:49|1265.4|  0.3|INFORM|Transaction #3161 was successfully committed
2026-08-12 13:34:49|1265.8|  0.4|INFORM|Transaction #3162 was successfully committed
2026-08-12 13:34:49|1266.1|  0.3|INFORM|Transaction #3163 was successfully committed
2026-08-12 13:34:50|1266.5|  0.4|INFORM|Transaction #3164 was successfully committed
2026-08-12 13:34:50|1266.8|  0.3|INFORM|Transaction #3165 was successfully committed
2026-08-12 13:34:50|1267.1|  0.3|INFORM|Transaction #3166 was successfully committed
2026-08-12 13:34:51|1267.5|  0.4|INFORM|Transaction #3167 was successfully committed
2026-08-12 13:34:51|1267.8|  0.3|INFORM|Transaction #3168 was successfully committed
2026-08-12 13:34:51|1267.8|  0.0|INFORM|MULTI_WRITER writer: 14,737 of 99,852 features written
2026-08-12 13:34:51|1268.2|  0.4|INFORM|Transaction #3169 was successfully committed
2026-08-12 13:34:52|1268.5|  0.3|INFORM|Transaction #3170 was successfully committed
2026-08-12 13:34:52|1268.8|  0.3|INFORM|Transaction #3171 was successfully committed
2026-08-12 13:34:52|1269.2|  0.4|INFORM|Transaction #3172 was successfully committed
2026-08-12 13:34:53|1269.5|  0.3|INFORM|Transaction #3173 was successfully committed
2026-08-12 13:34:53|1269.8|  0.3|INFORM|Transaction #3174 was successfully committed
2026-08-12 13:34:53|1270.2|  0.4|INFORM|Transaction #3175 was successfully committed
2026-08-12 13:34:54|1270.5|  0.3|INFORM|Transaction #3176 was successfully committed
2026-08-12 13:34:54|1270.8|  0.3|INFORM|Transaction #3177 was successfully committed
2026-08-12 13:34:54|1271.2|  0.4|INFORM|Transaction #3178 was successfully committed
2026-08-12 13:34:55|1271.5|  0.3|INFORM|Transaction #3179 was successfully committed
2026-08-12 13:34:55|1271.8|  0.3|INFORM|Transaction #3180 was successfully committed
2026-08-12 13:34:55|1272.2|  0.4|INFORM|Transaction #3181 was successfully committed
2026-08-12 13:34:56|1272.5|  0.3|INFORM|Transaction #3182 was successfully committed
2026-08-12 13:34:56|1272.9|  0.4|INFORM|MULTI_WRITER writer: 29,612 of 99,852 features written
2026-08-12 13:34:56|1272.9|  0.0|INFORM|Transaction #3183 was successfully committed
2026-08-12 13:34:56|1273.2|  0.3|INFORM|Transaction #3184 was successfully committed
2026-08-12 13:34:57|1273.5|  0.3|INFORM|Transaction #3185 was successfully committed
2026-08-12 13:34:57|1273.9|  0.4|INFORM|Transaction #3186 was successfully committed
2026-08-12 13:34:57|1274.2|  0.3|INFORM|Transaction #3187 was successfully committed
2026-08-12 13:34:58|1274.6|  0.4|INFORM|Transaction #3188 was successfully committed
2026-08-12 13:34:58|1274.9|  0.3|INFORM|Transaction #3189 was successfully committed
2026-08-12 13:34:58|1275.2|  0.3|INFORM|Transaction #3190 was successfully committed
2026-08-12 13:34:59|1275.6|  0.4|INFORM|Transaction #3191 was successfully committed
2026-08-12 13:34:59|1275.9|  0.3|INFORM|Transaction #3192 was successfully committed
2026-08-12 13:34:59|1276.2|  0.3|INFORM|Transaction #3193 was successfully committed
2026-08-12 13:35:00|1276.5|  0.3|INFORM|Transaction #3194 was successfully committed
2026-08-12 13:35:00|1276.9|  0.4|INFORM|Transaction #3195 was successfully committed
2026-08-12 13:35:00|1277.2|  0.3|INFORM|Transaction #3196 was successfully committed
2026-08-12 13:35:01|1277.5|  0.3|INFORM|Transaction #3197 was successfully committed
2026-08-12 13:35:01|1277.8|  0.3|INFORM|MULTI_WRITER writer: 44,471 of 99,852 features written
2026-08-12 13:35:01|1277.9|  0.1|INFORM|Transaction #3198 was successfully committed
2026-08-12 13:35:01|1278.2|  0.3|INFORM|Transaction #3199 was successfully committed
2026-08-12 13:35:02|1278.6|  0.4|INFORM|Transaction #3200 was successfully committed
2026-08-12 13:35:02|1278.9|  0.3|INFORM|Transaction #3201 was successfully committed
2026-08-12 13:35:02|1279.2|  0.3|INFORM|Transaction #3202 was successfully committed
2026-08-12 13:35:03|1279.6|  0.4|INFORM|Transaction #3203 was successfully committed
2026-08-12 13:35:03|1280.0|  0.4|INFORM|Transaction #3204 was successfully committed
2026-08-12 13:35:04|1280.3|  0.3|INFORM|Transaction #3205 was successfully committed
2026-08-12 13:35:04|1280.7|  0.4|INFORM|Transaction #3206 was successfully committed
2026-08-12 13:35:04|1281.0|  0.3|INFORM|Transaction #3207 was successfully committed
2026-08-12 13:35:05|1281.3|  0.3|INFORM|Transaction #3208 was successfully committed
2026-08-12 13:35:05|1281.6|  0.3|INFORM|Transaction #3209 was successfully committed
2026-08-12 13:35:05|1282.0|  0.4|INFORM|Transaction #3210 was successfully committed
2026-08-12 13:35:06|1282.3|  0.3|INFORM|Transaction #3211 was successfully committed
2026-08-12 13:35:06|1282.7|  0.4|INFORM|Transaction #3212 was successfully committed
2026-08-12 13:35:06|1282.8|  0.1|INFORM|MULTI_WRITER writer: 59,102 of 99,852 features written
2026-08-12 13:35:06|1283.0|  0.2|INFORM|Transaction #3213 was successfully committed
2026-08-12 13:35:07|1283.3|  0.3|INFORM|Transaction #3214 was successfully committed
2026-08-12 13:35:07|1283.6|  0.3|INFORM|Transaction #3215 was successfully committed
2026-08-12 13:35:07|1284.0|  0.4|INFORM|Transaction #3216 was successfully committed
2026-08-12 13:35:08|1284.3|  0.3|INFORM|Transaction #3217 was successfully committed
2026-08-12 13:35:08|1284.7|  0.4|INFORM|Transaction #3218 was successfully committed
2026-08-12 13:35:08|1285.0|  0.3|INFORM|Transaction #3219 was successfully committed
2026-08-12 13:35:09|1285.4|  0.4|INFORM|Transaction #3220 was successfully committed
2026-08-12 13:35:09|1285.7|  0.3|INFORM|Transaction #3221 was successfully committed
2026-08-12 13:35:09|1286.0|  0.3|INFORM|Transaction #3222 was successfully committed
2026-08-12 13:35:10|1286.3|  0.3|INFORM|Transaction #3223 was successfully committed
2026-08-12 13:35:10|1286.7|  0.4|INFORM|Transaction #3224 was successfully committed
2026-08-12 13:35:10|1287.0|  0.3|INFORM|Transaction #3225 was successfully committed
2026-08-12 13:35:11|1287.3|  0.3|INFORM|Transaction #3226 was successfully committed
2026-08-12 13:35:11|1287.7|  0.4|INFORM|Transaction #3227 was successfully committed
2026-08-12 13:35:11|1287.8|  0.1|INFORM|MULTI_WRITER writer: 74,005 of 99,852 features written
2026-08-12 13:35:11|1288.0|  0.2|INFORM|Transaction #3228 was successfully committed
2026-08-12 13:35:12|1288.4|  0.4|INFORM|Transaction #3229 was successfully committed
2026-08-12 13:35:12|1288.7|  0.3|INFORM|Transaction #3230 was successfully committed
2026-08-12 13:35:12|1289.0|  0.3|INFORM|Transaction #3231 was successfully committed
2026-08-12 13:35:13|1289.3|  0.3|INFORM|Transaction #3232 was successfully committed
2026-08-12 13:35:13|1289.7|  0.4|INFORM|Transaction #3233 was successfully committed
2026-08-12 13:35:13|1290.1|  0.4|INFORM|Transaction #3234 was successfully committed
2026-08-12 13:35:14|1290.4|  0.3|INFORM|Transaction #3235 was successfully committed
2026-08-12 13:35:14|1290.7|  0.3|INFORM|Transaction #3236 was successfully committed
2026-08-12 13:35:14|1291.1|  0.4|INFORM|Transaction #3237 was successfully committed
2026-08-12 13:35:15|1291.4|  0.3|INFORM|Transaction #3238 was successfully committed
2026-08-12 13:35:15|1291.7|  0.3|INFORM|Transaction #3239 was successfully committed
2026-08-12 13:35:15|1292.1|  0.4|INFORM|Transaction #3240 was successfully committed
2026-08-12 13:35:16|1292.4|  0.3|INFORM|Transaction #3241 was successfully committed
2026-08-12 13:35:16|1292.7|  0.3|INFORM|Transaction #3242 was successfully committed
2026-08-12 13:35:16|1292.8|  0.1|INFORM|MULTI_WRITER writer: 88,892 of 99,852 features written
2026-08-12 13:35:16|1293.0|  0.2|INFORM|Transaction #3243 was successfully committed
2026-08-12 13:35:17|1293.4|  0.4|INFORM|Transaction #3244 was successfully committed
2026-08-12 13:35:17|1293.7|  0.3|INFORM|Transaction #3245 was successfully committed
2026-08-12 13:35:17|1294.0|  0.3|INFORM|Transaction #3246 was successfully committed
2026-08-12 13:35:18|1294.4|  0.4|INFORM|Transaction #3247 was successfully committed
2026-08-12 13:35:18|1294.7|  0.3|INFORM|Transaction #3248 was successfully committed
2026-08-12 13:35:18|1295.1|  0.4|INFORM|Transaction #3249 was successfully committed
2026-08-12 13:35:19|1295.4|  0.3|INFORM|Transaction #3250 was successfully committed
2026-08-12 13:35:19|1295.7|  0.3|INFORM|Transaction #3251 was successfully committed
2026-08-12 13:35:19|1296.1|  0.4|INFORM|Transaction #3252 was successfully committed
2026-08-12 13:35:20|1296.4|  0.3|INFORM|Transaction #3253 was successfully committed
2026-08-12 13:35:20|1296.4|  0.0|INFORM|MULTI_WRITER writer: 99,852 of 99,852 features written
2026-08-12 13:35:21|1297.5|  1.1|INFORM|FFS writer: Writing 100000 feature(s) to file 'C:\Users\ASHTON~1.EAV\AppData\Local\Temp\wb-cache-LUS_PostProcessing_V01_ACE_25062-pwVrLI\Main_FeatureMerger -1 9 fo 0 MERGED  0  3bb0bff46fb22b1870d2b0394c88e7443c1c5b53_33.fts'
2026-08-12 13:35:21|1297.6|  0.1|INFORM|Spatial Index: Adding 100000 features
2026-08-12 13:35:21|1297.8|  0.2|INFORM|FFS writer: Writing 66516 feature(s) to file 'C:\Users\ASHTON~1.EAV\AppData\Local\Temp\wb-cache-LUS_PostProcessing_V01_ACE_25062-pwVrLI\Main_AttributeManager -1 38 fo 0 OUTPUT  0  71ef952938b38eff2ab0aa29d9504d1788ebbaa7_45.fts'
2026-08-12 13:35:21|1297.9|  0.1|INFORM|Spatial Index: Adding 66516 features
2026-08-12 13:35:21|1298.0|  0.1|INFORM|MULTI_WRITER writer: Splitting bulk features into individual features
2026-08-12 13:35:22|1298.3|  0.3|INFORM|Transaction #3254 was successfully committed
2026-08-12 13:35:22|1298.7|  0.4|INFORM|Transaction #3255 was successfully committed
2026-08-12 13:35:22|1299.0|  0.3|INFORM|Transaction #3256 was successfully committed
2026-08-12 13:35:23|1299.3|  0.3|INFORM|Transaction #3257 was successfully committed
2026-08-12 13:35:23|1299.7|  0.4|INFORM|Transaction #3258 was successfully committed
2026-08-12 13:35:23|1300.0|  0.3|INFORM|Transaction #3259 was successfully committed
2026-08-12 13:35:24|1300.3|  0.3|INFORM|Transaction #3260 was successfully committed
2026-08-12 13:35:24|1300.7|  0.4|INFORM|Transaction #3261 was successfully committed
2026-08-12 13:35:24|1301.0|  0.3|INFORM|Transaction #3262 was successfully committed
2026-08-12 13:35:25|1301.4|  0.4|INFORM|Transaction #3263 was successfully committed
2026-08-12 13:35:25|1301.7|  0.3|INFORM|Transaction #3264 was successfully committed
2026-08-12 13:35:25|1302.1|  0.4|INFORM|Transaction #3265 was successfully committed
2026-08-12 13:35:26|1302.4|  0.3|INFORM|Transaction #3266 was successfully committed
2026-08-12 13:35:26|1302.7|  0.3|INFORM|Transaction #3267 was successfully committed
2026-08-12 13:35:26|1303.0|  0.3|INFORM|MULTI_WRITER writer: 14,627 of 66,516 features written
2026-08-12 13:35:26|1303.0|  0.0|INFORM|Transaction #3268 was successfully committed
2026-08-12 13:35:27|1303.4|  0.4|INFORM|Transaction #3269 was successfully committed
2026-08-12 13:35:27|1303.7|  0.3|INFORM|Transaction #3270 was successfully committed
2026-08-12 13:35:27|1304.0|  0.3|INFORM|Transaction #3271 was successfully committed
2026-08-12 13:35:28|1304.4|  0.4|INFORM|Transaction #3272 was successfully committed
2026-08-12 13:35:28|1304.7|  0.3|INFORM|Transaction #3273 was successfully committed
2026-08-12 13:35:28|1305.1|  0.4|INFORM|Transaction #3274 was successfully committed
2026-08-12 13:35:29|1305.4|  0.3|INFORM|Transaction #3275 was successfully committed
2026-08-12 13:35:29|1305.8|  0.4|INFORM|Transaction #3276 was successfully committed
2026-08-12 13:35:29|1306.1|  0.3|INFORM|Transaction #3277 was successfully committed
2026-08-12 13:35:30|1306.5|  0.4|INFORM|Transaction #3278 was successfully committed
2026-08-12 13:35:30|1306.8|  0.3|INFORM|Transaction #3279 was successfully committed
2026-08-12 13:35:30|1307.2|  0.4|INFORM|Transaction #3280 was successfully committed
2026-08-12 13:35:31|1307.5|  0.3|INFORM|Transaction #3281 was successfully committed
2026-08-12 13:35:31|1307.9|  0.4|INFORM|Transaction #3282 was successfully committed
2026-08-12 13:35:31|1308.0|  0.1|INFORM|MULTI_WRITER writer: 29,218 of 66,516 features written
2026-08-12 13:35:32|1308.2|  0.2|INFORM|Transaction #3283 was successfully committed
2026-08-12 13:35:32|1308.5|  0.3|INFORM|Transaction #3284 was successfully committed
2026-08-12 13:35:32|1308.9|  0.4|INFORM|Transaction #3285 was successfully committed
2026-08-12 13:35:33|1309.2|  0.3|INFORM|Transaction #3286 was successfully committed
2026-08-12 13:35:33|1309.5|  0.3|INFORM|Transaction #3287 was successfully committed
2026-08-12 13:35:33|1309.9|  0.4|INFORM|Transaction #3288 was successfully committed
2026-08-12 13:35:34|1310.2|  0.3|INFORM|Transaction #3289 was successfully committed
2026-08-12 13:35:34|1310.6|  0.4|INFORM|Transaction #3290 was successfully committed
2026-08-12 13:35:34|1310.9|  0.3|INFORM|Transaction #3291 was successfully committed
2026-08-12 13:35:35|1311.2|  0.3|INFORM|Transaction #3292 was successfully committed
2026-08-12 13:35:35|1311.6|  0.4|INFORM|Transaction #3293 was successfully committed
2026-08-12 13:35:35|1311.9|  0.3|INFORM|Transaction #3294 was successfully committed
2026-08-12 13:35:36|1312.2|  0.3|INFORM|Transaction #3295 was successfully committed
2026-08-12 13:35:36|1312.6|  0.4|INFORM|Transaction #3296 was successfully committed
2026-08-12 13:35:36|1312.9|  0.3|INFORM|Transaction #3297 was successfully committed
2026-08-12 13:35:36|1313.0|  0.1|INFORM|MULTI_WRITER writer: 43,920 of 66,516 features written
2026-08-12 13:35:37|1313.2|  0.2|INFORM|Transaction #3298 was successfully committed
2026-08-12 13:35:37|1313.6|  0.4|INFORM|Transaction #3299 was successfully committed
2026-08-12 13:35:37|1313.9|  0.3|INFORM|Transaction #3300 was successfully committed
2026-08-12 13:35:38|1314.2|  0.3|INFORM|Transaction #3301 was successfully committed
2026-08-12 13:35:38|1314.7|  0.5|INFORM|Transaction #3302 was successfully committed
2026-08-12 13:35:38|1315.0|  0.3|INFORM|Transaction #3303 was successfully committed
2026-08-12 13:35:39|1315.3|  0.3|INFORM|Transaction #3304 was successfully committed
2026-08-12 13:35:39|1315.6|  0.3|INFORM|Transaction #3305 was successfully committed
2026-08-12 13:35:39|1316.0|  0.4|INFORM|Transaction #3306 was successfully committed
2026-08-12 13:35:40|1316.3|  0.3|INFORM|Transaction #3307 was successfully committed
2026-08-12 13:35:40|1316.7|  0.4|INFORM|Transaction #3308 was successfully committed
2026-08-12 13:35:40|1317.0|  0.3|INFORM|Transaction #3309 was successfully committed
2026-08-12 13:35:41|1317.3|  0.3|INFORM|Transaction #3310 was successfully committed
2026-08-12 13:35:41|1317.7|  0.4|INFORM|Transaction #3311 was successfully committed
2026-08-12 13:35:41|1317.9|  0.2|INFORM|MULTI_WRITER writer: 58,609 of 66,516 features written
2026-08-12 13:35:41|1318.0|  0.1|INFORM|Transaction #3312 was successfully committed
2026-08-12 13:35:42|1318.4|  0.4|INFORM|Transaction #3313 was successfully committed
2026-08-12 13:35:42|1318.7|  0.3|INFORM|Transaction #3314 was successfully committed
2026-08-12 13:35:42|1319.0|  0.3|INFORM|Transaction #3315 was successfully committed
2026-08-12 13:35:43|1319.3|  0.3|INFORM|Transaction #3316 was successfully committed
2026-08-12 13:35:43|1319.7|  0.4|INFORM|Transaction #3317 was successfully committed
2026-08-12 13:35:43|1320.0|  0.3|INFORM|Transaction #3318 was successfully committed
2026-08-12 13:35:44|1320.3|  0.3|INFORM|Transaction #3319 was successfully committed
2026-08-12 13:35:44|1320.6|  0.3|INFORM|MULTI_WRITER writer: 66,516 of 66,516 features written
2026-08-12 13:35:44|1320.8|  0.2|INFORM|AttributeManager (AttrSetFactory): Processed 66,517 of 100,000 features
2026-08-12 13:35:44|1320.9|  0.1|INFORM|AttributeManager (AttrSetFactory): Processed 100,000 of 100,000 features
2026-08-12 13:35:44|1320.9|  0.0|INFORM|FFS writer: Writing 33484 feature(s) to file 'C:\Users\ASHTON~1.EAV\AppData\Local\Temp\wb-cache-LUS_PostProcessing_V01_ACE_25062-pwVrLI\Main_AttributeManager -1 38 fo 0 OUTPUT  0  71ef952938b38eff2ab0aa29d9504d1788ebbaa7_46.fts'
2026-08-12 13:35:44|1321.0|  0.1|INFORM|Spatial Index: Adding 33484 features
2026-08-12 13:35:44|1321.0|  0.0|INFORM|MULTI_WRITER writer: Splitting bulk features into individual features
2026-08-12 13:35:44|1321.2|  0.2|INFORM|Transaction #3320 was successfully committed
2026-08-12 13:35:45|1321.5|  0.3|INFORM|Transaction #3321 was successfully committed
2026-08-12 13:35:45|1321.9|  0.4|INFORM|Transaction #3322 was successfully committed
2026-08-12 13:35:46|1322.2|  0.3|INFORM|Transaction #3323 was successfully committed
2026-08-12 13:35:46|1322.6|  0.4|INFORM|Transaction #3324 was successfully committed
2026-08-12 13:35:46|1322.9|  0.3|INFORM|Transaction #3325 was successfully committed
2026-08-12 13:35:47|1323.2|  0.3|INFORM|Transaction #3326 was successfully committed
2026-08-12 13:35:47|1323.6|  0.4|INFORM|Transaction #3327 was successfully committed
2026-08-12 13:35:47|1323.9|  0.3|INFORM|Transaction #3328 was successfully committed
2026-08-12 13:35:48|1324.3|  0.4|INFORM|Transaction #3329 was successfully committed
2026-08-12 13:35:48|1324.7|  0.4|INFORM|Transaction #3330 was successfully committed
2026-08-12 13:35:48|1325.1|  0.4|INFORM|Transaction #3331 was successfully committed
2026-08-12 13:35:49|1325.4|  0.3|INFORM|Transaction #3332 was successfully committed
2026-08-12 13:35:49|1325.8|  0.4|INFORM|Transaction #3333 was successfully committed
2026-08-12 13:35:49|1326.0|  0.2|INFORM|MULTI_WRITER writer: 13,948 of 33,484 features written
2026-08-12 13:35:49|1326.1|  0.1|INFORM|Transaction #3334 was successfully committed
2026-08-12 13:35:50|1326.4|  0.3|INFORM|Transaction #3335 was successfully committed
2026-08-12 13:35:50|1326.9|  0.5|INFORM|Transaction #3336 was successfully committed
2026-08-12 13:35:51|1327.2|  0.3|INFORM|Transaction #3337 was successfully committed
2026-08-12 13:35:51|1327.5|  0.3|INFORM|Transaction #3338 was successfully committed
2026-08-12 13:35:51|1327.9|  0.4|INFORM|Transaction #3339 was successfully committed
2026-08-12 13:35:52|1328.3|  0.4|INFORM|Transaction #3340 was successfully committed
2026-08-12 13:35:52|1328.6|  0.3|INFORM|Transaction #3341 was successfully committed
2026-08-12 13:35:52|1328.9|  0.3|INFORM|Transaction #3342 was successfully committed
2026-08-12 13:35:53|1329.2|  0.3|INFORM|Transaction #3343 was successfully committed
2026-08-12 13:35:53|1329.7|  0.5|INFORM|Transaction #3344 was successfully committed
2026-08-12 13:35:53|1330.0|  0.3|INFORM|Transaction #3345 was successfully committed
2026-08-12 13:35:54|1330.3|  0.3|INFORM|Transaction #3346 was successfully committed
2026-08-12 13:35:54|1330.7|  0.4|INFORM|Transaction #3347 was successfully committed
2026-08-12 13:35:54|1331.0|  0.3|INFORM|MULTI_WRITER writer: 28,313 of 33,484 features written
2026-08-12 13:35:54|1331.0|  0.0|INFORM|Transaction #3348 was successfully committed
2026-08-12 13:35:55|1331.3|  0.3|INFORM|Transaction #3349 was successfully committed
2026-08-12 13:35:55|1331.7|  0.4|INFORM|Transaction #3350 was successfully committed
2026-08-12 13:35:55|1332.0|  0.3|INFORM|Transaction #3351 was successfully committed
2026-08-12 13:35:56|1332.4|  0.4|INFORM|Transaction #3352 was successfully committed
2026-08-12 13:35:56|1332.7|  0.3|INFORM|Transaction #3353 was successfully committed
2026-08-12 13:35:56|1332.7|  0.0|INFORM|MULTI_WRITER writer: 33,484 of 33,484 features written
2026-08-12 13:35:57|1333.5|  0.8|INFORM|FFS writer: Writing 100000 feature(s) to file 'C:\Users\ASHTON~1.EAV\AppData\Local\Temp\wb-cache-LUS_PostProcessing_V01_ACE_25062-pwVrLI\Main_FeatureMerger -1 9 fo 0 MERGED  0  3bb0bff46fb22b1870d2b0394c88e7443c1c5b53_34.fts'
2026-08-12 13:35:57|1333.7|  0.2|INFORM|Spatial Index: Adding 100000 features
2026-08-12 13:35:57|1333.8|  0.1|INFORM|FFS writer: Writing 4667 feature(s) to file 'C:\Users\ASHTON~1.EAV\AppData\Local\Temp\wb-cache-LUS_PostProcessing_V01_ACE_25062-pwVrLI\Main_AttributeManager -1 38 fo 0 OUTPUT  0  71ef952938b38eff2ab0aa29d9504d1788ebbaa7_47.fts'
2026-08-12 13:35:57|1333.8|  0.0|INFORM|Spatial Index: Adding 4667 features
2026-08-12 13:35:57|1333.8|  0.0|INFORM|MULTI_WRITER writer: Splitting bulk features into individual features
2026-08-12 13:35:57|1334.1|  0.3|INFORM|Transaction #3354 was successfully committed
2026-08-12 13:35:58|1334.4|  0.3|INFORM|Transaction #3355 was successfully committed
2026-08-12 13:35:58|1334.7|  0.3|INFORM|Transaction #3356 was successfully committed
2026-08-12 13:35:58|1335.0|  0.3|INFORM|Transaction #3357 was successfully committed
2026-08-12 13:35:59|1335.6|  0.6|INFORM|FFS writer: Writing 95333 feature(s) to file 'C:\Users\ASHTON~1.EAV\AppData\Local\Temp\wb-cache-LUS_PostProcessing_V01_ACE_25062-pwVrLI\Main_AttributeManager -1 38 fo 0 OUTPUT  0  71ef952938b38eff2ab0aa29d9504d1788ebbaa7_48.fts'
2026-08-12 13:35:59|1335.8|  0.2|INFORM|Spatial Index: Adding 95333 features
2026-08-12 13:35:59|1335.9|  0.1|INFORM|MULTI_WRITER writer: Splitting bulk features into individual features
2026-08-12 13:35:59|1335.9|  0.0|INFORM|Transaction #3358 was successfully committed
2026-08-12 13:36:00|1336.2|  0.3|INFORM|Transaction #3359 was successfully committed
2026-08-12 13:36:00|1336.6|  0.4|INFORM|Transaction #3360 was successfully committed
2026-08-12 13:36:00|1336.9|  0.3|INFORM|Transaction #3361 was successfully committed
2026-08-12 13:36:01|1337.2|  0.3|INFORM|Transaction #3362 was successfully committed
2026-08-12 13:36:01|1337.5|  0.3|INFORM|Transaction #3363 was successfully committed
2026-08-12 13:36:01|1338.0|  0.5|INFORM|Transaction #3364 was successfully committed
2026-08-12 13:36:02|1338.3|  0.3|INFORM|Transaction #3365 was successfully committed
2026-08-12 13:36:02|1338.6|  0.3|INFORM|Transaction #3366 was successfully committed
2026-08-12 13:36:02|1339.0|  0.4|INFORM|Transaction #3367 was successfully committed
2026-08-12 13:36:03|1339.3|  0.3|INFORM|Transaction #3368 was successfully committed
2026-08-12 13:36:03|1339.6|  0.3|INFORM|Transaction #3369 was successfully committed
2026-08-12 13:36:03|1340.0|  0.4|INFORM|Transaction #3370 was successfully committed
2026-08-12 13:36:04|1340.3|  0.3|INFORM|Transaction #3371 was successfully committed
2026-08-12 13:36:04|1340.6|  0.3|INFORM|Transaction #3372 was successfully committed
2026-08-12 13:36:04|1340.9|  0.3|INFORM|MULTI_WRITER writer: 14,887 of 95,333 features written
2026-08-12 13:36:04|1341.0|  0.1|INFORM|Transaction #3373 was successfully committed
2026-08-12 13:36:05|1341.3|  0.3|INFORM|Transaction #3374 was successfully committed
2026-08-12 13:36:05|1341.6|  0.3|INFORM|Transaction #3375 was successfully committed
2026-08-12 13:36:05|1342.0|  0.4|INFORM|Transaction #3376 was successfully committed
2026-08-12 13:36:06|1342.3|  0.3|INFORM|Transaction #3377 was successfully committed
2026-08-12 13:36:06|1342.6|  0.3|INFORM|Transaction #3378 was successfully committed
2026-08-12 13:36:06|1342.9|  0.3|INFORM|Transaction #3379 was successfully committed
2026-08-12 13:36:07|1343.3|  0.4|INFORM|Transaction #3380 was successfully committed
2026-08-12 13:36:07|1343.6|  0.3|INFORM|Transaction #3381 was successfully committed
2026-08-12 13:36:07|1344.0|  0.4|INFORM|Transaction #3382 was successfully committed
2026-08-12 13:36:08|1344.3|  0.3|INFORM|Transaction #3383 was successfully committed
2026-08-12 13:36:08|1344.6|  0.3|INFORM|Transaction #3384 was successfully committed
2026-08-12 13:36:08|1344.9|  0.3|INFORM|Transaction #3385 was successfully committed
2026-08-12 13:36:09|1345.3|  0.4|INFORM|Transaction #3386 was successfully committed
2026-08-12 13:36:09|1345.6|  0.3|INFORM|Transaction #3387 was successfully committed
2026-08-12 13:36:09|1345.8|  0.2|INFORM|MULTI_WRITER writer: 29,877 of 95,333 features written
2026-08-12 13:36:09|1345.9|  0.1|INFORM|Transaction #3388 was successfully committed
2026-08-12 13:36:10|1346.2|  0.3|INFORM|Transaction #3389 was successfully committed
2026-08-12 13:36:10|1346.7|  0.5|INFORM|Transaction #3390 was successfully committed
2026-08-12 13:36:10|1347.0|  0.3|INFORM|Transaction #3391 was successfully committed
2026-08-12 13:36:11|1347.3|  0.3|INFORM|Transaction #3392 was successfully committed
2026-08-12 13:36:11|1347.6|  0.3|INFORM|Transaction #3393 was successfully committed
2026-08-12 13:36:11|1347.9|  0.3|INFORM|Transaction #3394 was successfully committed
2026-08-12 13:36:12|1348.3|  0.4|INFORM|Transaction #3395 was successfully committed
2026-08-12 13:36:12|1348.6|  0.3|INFORM|Transaction #3396 was successfully committed
2026-08-12 13:36:12|1348.9|  0.3|INFORM|Transaction #3397 was successfully committed
2026-08-12 13:36:13|1349.3|  0.4|INFORM|Transaction #3398 was successfully committed
2026-08-12 13:36:13|1349.6|  0.3|INFORM|Transaction #3399 was successfully committed
2026-08-12 13:36:13|1350.0|  0.4|INFORM|Transaction #3400 was successfully committed
2026-08-12 13:36:14|1350.3|  0.3|INFORM|Transaction #3401 was successfully committed
2026-08-12 13:36:14|1350.6|  0.3|INFORM|Transaction #3402 was successfully committed
2026-08-12 13:36:14|1350.8|  0.2|INFORM|MULTI_WRITER writer: 44,834 of 95,333 features written
2026-08-12 13:36:14|1350.9|  0.1|INFORM|Transaction #3403 was successfully committed
2026-08-12 13:36:15|1351.3|  0.4|INFORM|Transaction #3404 was successfully committed
2026-08-12 13:36:15|1351.6|  0.3|INFORM|Transaction #3405 was successfully committed
2026-08-12 13:36:15|1351.9|  0.3|INFORM|Transaction #3406 was successfully committed
2026-08-12 13:36:16|1352.2|  0.3|INFORM|Transaction #3407 was successfully committed
2026-08-12 13:36:16|1352.6|  0.4|INFORM|Transaction #3408 was successfully committed
2026-08-12 13:36:16|1353.0|  0.4|INFORM|Transaction #3409 was successfully committed
2026-08-12 13:36:17|1353.3|  0.3|INFORM|Transaction #3410 was successfully committed
2026-08-12 13:36:17|1353.6|  0.3|INFORM|Transaction #3411 was successfully committed
2026-08-12 13:36:17|1354.0|  0.4|INFORM|Transaction #3412 was successfully committed
2026-08-12 13:36:18|1354.3|  0.3|INFORM|Transaction #3413 was successfully committed
2026-08-12 13:36:18|1354.6|  0.3|INFORM|Transaction #3414 was successfully committed
2026-08-12 13:36:18|1354.9|  0.3|INFORM|Transaction #3415 was successfully committed
2026-08-12 13:36:19|1355.2|  0.3|INFORM|Transaction #3416 was successfully committed
2026-08-12 13:36:19|1355.6|  0.4|INFORM|Transaction #3417 was successfully committed
2026-08-12 13:36:19|1355.9|  0.3|INFORM|MULTI_WRITER writer: 59,845 of 95,333 features written
2026-08-12 13:36:19|1356.0|  0.1|INFORM|Transaction #3418 was successfully committed
2026-08-12 13:36:20|1356.3|  0.3|INFORM|Transaction #3419 was successfully committed
2026-08-12 13:36:20|1356.6|  0.3|INFORM|Transaction #3420 was successfully committed
2026-08-12 13:36:20|1357.0|  0.4|INFORM|Transaction #3421 was successfully committed
2026-08-12 13:36:21|1357.3|  0.3|INFORM|Transaction #3422 was successfully committed
2026-08-12 13:36:21|1357.6|  0.3|INFORM|Transaction #3423 was successfully committed
2026-08-12 13:36:21|1357.9|  0.3|INFORM|Transaction #3424 was successfully committed
2026-08-12 13:36:22|1358.2|  0.3|INFORM|Transaction #3425 was successfully committed
2026-08-12 13:36:22|1358.5|  0.3|INFORM|Transaction #3426 was successfully committed
2026-08-12 13:36:22|1359.0|  0.5|INFORM|Transaction #3427 was successfully committed
2026-08-12 13:36:23|1359.3|  0.3|INFORM|Transaction #3428 was successfully committed
2026-08-12 13:36:23|1359.6|  0.3|INFORM|Transaction #3429 was successfully committed
2026-08-12 13:36:23|1359.9|  0.3|INFORM|Transaction #3430 was successfully committed
2026-08-12 13:36:24|1360.3|  0.4|INFORM|Transaction #3431 was successfully committed
2026-08-12 13:36:24|1360.6|  0.3|INFORM|Transaction #3432 was successfully committed
2026-08-12 13:36:24|1360.8|  0.2|INFORM|MULTI_WRITER writer: 74,818 of 95,333 features written
2026-08-12 13:36:24|1360.9|  0.1|INFORM|Transaction #3433 was successfully committed
2026-08-12 13:36:25|1361.3|  0.4|INFORM|Transaction #3434 was successfully committed
2026-08-12 13:36:25|1361.6|  0.3|INFORM|Transaction #3435 was successfully committed
2026-08-12 13:36:25|1361.9|  0.3|INFORM|Transaction #3436 was successfully committed
2026-08-12 13:36:26|1362.3|  0.4|INFORM|Transaction #3437 was successfully committed
2026-08-12 13:36:26|1362.6|  0.3|INFORM|Transaction #3438 was successfully committed
2026-08-12 13:36:26|1362.9|  0.3|INFORM|Transaction #3439 was successfully committed
2026-08-12 13:36:27|1363.3|  0.4|INFORM|Transaction #3440 was successfully committed
2026-08-12 13:36:27|1363.6|  0.3|INFORM|Transaction #3441 was successfully committed
2026-08-12 13:36:27|1363.9|  0.3|INFORM|Transaction #3442 was successfully committed
2026-08-12 13:36:28|1364.3|  0.4|INFORM|Transaction #3443 was successfully committed
2026-08-12 13:36:28|1364.6|  0.3|INFORM|Transaction #3444 was successfully committed
2026-08-12 13:36:28|1365.0|  0.4|INFORM|Transaction #3445 was successfully committed
2026-08-12 13:36:29|1365.3|  0.3|INFORM|Transaction #3446 was successfully committed
2026-08-12 13:36:29|1365.6|  0.3|INFORM|Transaction #3447 was successfully committed
2026-08-12 13:36:29|1365.8|  0.2|INFORM|MULTI_WRITER writer: 89,782 of 95,333 features written
2026-08-12 13:36:29|1365.9|  0.1|INFORM|Transaction #3448 was successfully committed
2026-08-12 13:36:30|1366.3|  0.4|INFORM|Transaction #3449 was successfully committed
2026-08-12 13:36:30|1366.6|  0.3|INFORM|Transaction #3450 was successfully committed
2026-08-12 13:36:30|1366.9|  0.3|INFORM|Transaction #3451 was successfully committed
2026-08-12 13:36:31|1367.3|  0.4|INFORM|Transaction #3452 was successfully committed
2026-08-12 13:36:31|1367.6|  0.3|INFORM|Transaction #3453 was successfully committed
2026-08-12 13:36:31|1367.6|  0.0|INFORM|MULTI_WRITER writer: 95,333 of 95,333 features written
2026-08-12 13:36:32|1368.7|  1.1|INFORM|FFS writer: Writing 100000 feature(s) to file 'C:\Users\ASHTON~1.EAV\AppData\Local\Temp\wb-cache-LUS_PostProcessing_V01_ACE_25062-pwVrLI\Main_FeatureMerger -1 9 fo 0 MERGED  0  3bb0bff46fb22b1870d2b0394c88e7443c1c5b53_35.fts'
2026-08-12 13:36:32|1368.9|  0.2|INFORM|Spatial Index: Adding 100000 features
2026-08-12 13:36:32|1369.0|  0.1|INFORM|FFS writer: Writing 14266 feature(s) to file 'C:\Users\ASHTON~1.EAV\AppData\Local\Temp\wb-cache-LUS_PostProcessing_V01_ACE_25062-pwVrLI\Main_AttributeManager -1 38 fo 0 OUTPUT  0  71ef952938b38eff2ab0aa29d9504d1788ebbaa7_49.fts'
2026-08-12 13:36:32|1369.0|  0.0|INFORM|Spatial Index: Adding 14266 features
2026-08-12 13:36:32|1369.0|  0.0|INFORM|MULTI_WRITER writer: Splitting bulk features into individual features
2026-08-12 13:36:33|1369.2|  0.2|INFORM|Transaction #3454 was successfully committed
2026-08-12 13:36:33|1369.6|  0.4|INFORM|Transaction #3455 was successfully committed
2026-08-12 13:36:33|1370.0|  0.4|INFORM|Transaction #3456 was successfully committed
2026-08-12 13:36:34|1370.3|  0.3|INFORM|Transaction #3457 was successfully committed
2026-08-12 13:36:34|1370.6|  0.3|INFORM|Transaction #3458 was successfully committed
2026-08-12 13:36:34|1371.0|  0.4|INFORM|Transaction #3459 was successfully committed
2026-08-12 13:36:35|1371.3|  0.3|INFORM|Transaction #3460 was successfully committed
2026-08-12 13:36:35|1371.6|  0.3|INFORM|Transaction #3461 was successfully committed
2026-08-12 13:36:35|1372.1|  0.5|INFORM|Transaction #3462 was successfully committed
2026-08-12 13:36:36|1372.4|  0.3|INFORM|Transaction #3463 was successfully committed
2026-08-12 13:36:36|1372.7|  0.3|INFORM|Transaction #3464 was successfully committed
2026-08-12 13:36:37|1373.0|  0.3|INFORM|Transaction #3465 was successfully committed
2026-08-12 13:36:37|1373.4|  0.4|INFORM|Transaction #3466 was successfully committed
2026-08-12 13:36:37|1373.8|  0.4|INFORM|Transaction #3467 was successfully committed
2026-08-12 13:36:37|1374.0|  0.2|INFORM|AttributeManager (AttrSetFactory): Processed 14,267 of 100,000 features
2026-08-12 13:36:38|1374.2|  0.2|INFORM|AttributeManager (AttrSetFactory): Processed 100,000 of 100,000 features
2026-08-12 13:36:38|1374.2|  0.0|INFORM|FFS writer: Writing 85734 feature(s) to file 'C:\Users\ASHTON~1.EAV\AppData\Local\Temp\wb-cache-LUS_PostProcessing_V01_ACE_25062-pwVrLI\Main_AttributeManager -1 38 fo 0 OUTPUT  0  71ef952938b38eff2ab0aa29d9504d1788ebbaa7_50.fts'
2026-08-12 13:36:38|1374.3|  0.1|INFORM|Spatial Index: Adding 85734 features
2026-08-12 13:36:38|1374.3|  0.0|INFORM|MULTI_WRITER writer: Splitting bulk features into individual features
2026-08-12 13:36:38|1374.6|  0.3|INFORM|Transaction #3468 was successfully committed
2026-08-12 13:36:38|1375.0|  0.4|INFORM|Transaction #3469 was successfully committed
2026-08-12 13:36:39|1375.3|  0.3|INFORM|Transaction #3470 was successfully committed
2026-08-12 13:36:39|1375.6|  0.3|INFORM|Transaction #3471 was successfully committed
2026-08-12 13:36:39|1376.0|  0.4|INFORM|Transaction #3472 was successfully committed
2026-08-12 13:36:40|1376.3|  0.3|INFORM|Transaction #3473 was successfully committed
2026-08-12 13:36:40|1376.6|  0.3|INFORM|Transaction #3474 was successfully committed
2026-08-12 13:36:40|1377.0|  0.4|INFORM|Transaction #3475 was successfully committed
2026-08-12 13:36:41|1377.4|  0.4|INFORM|Transaction #3476 was successfully committed
2026-08-12 13:36:41|1377.7|  0.3|INFORM|Transaction #3477 was successfully committed
2026-08-12 13:36:41|1378.1|  0.4|INFORM|Transaction #3478 was successfully committed
2026-08-12 13:36:42|1378.4|  0.3|INFORM|Transaction #3479 was successfully committed
2026-08-12 13:36:42|1378.7|  0.3|INFORM|Transaction #3480 was successfully committed
2026-08-12 13:36:43|1379.1|  0.4|INFORM|Transaction #3481 was successfully committed
2026-08-12 13:36:43|1379.3|  0.2|INFORM|MULTI_WRITER writer: 14,468 of 85,734 features written
2026-08-12 13:36:43|1379.4|  0.1|INFORM|Transaction #3482 was successfully committed
2026-08-12 13:36:43|1379.7|  0.3|INFORM|Transaction #3483 was successfully committed
2026-08-12 13:36:44|1380.1|  0.4|INFORM|Transaction #3484 was successfully committed
2026-08-12 13:36:44|1380.4|  0.3|INFORM|Transaction #3485 was successfully committed
2026-08-12 13:36:44|1380.8|  0.4|INFORM|Transaction #3486 was successfully committed
2026-08-12 13:36:45|1381.1|  0.3|INFORM|Transaction #3487 was successfully committed
2026-08-12 13:36:45|1381.5|  0.4|INFORM|Transaction #3488 was successfully committed
2026-08-12 13:36:45|1381.9|  0.4|INFORM|Transaction #3489 was successfully committed
2026-08-12 13:36:46|1382.2|  0.3|INFORM|Transaction #3490 was successfully committed
2026-08-12 13:36:46|1382.5|  0.3|INFORM|Transaction #3491 was successfully committed
2026-08-12 13:36:46|1382.8|  0.3|INFORM|Transaction #3492 was successfully committed
2026-08-12 13:36:47|1383.2|  0.4|INFORM|Transaction #3493 was successfully committed
2026-08-12 13:36:47|1383.5|  0.3|INFORM|Transaction #3494 was successfully committed
2026-08-12 13:36:47|1383.9|  0.4|INFORM|Transaction #3495 was successfully committed
2026-08-12 13:36:48|1384.2|  0.3|INFORM|Transaction #3496 was successfully committed
2026-08-12 13:36:48|1384.4|  0.2|INFORM|MULTI_WRITER writer: 28,947 of 85,734 features written
2026-08-12 13:36:48|1384.6|  0.2|INFORM|Transaction #3497 was successfully committed
2026-08-12 13:36:48|1385.0|  0.4|INFORM|Transaction #3498 was successfully committed
2026-08-12 13:36:49|1385.3|  0.3|INFORM|Transaction #3499 was successfully committed
2026-08-12 13:36:49|1385.6|  0.3|INFORM|Transaction #3500 was successfully committed
2026-08-12 13:36:49|1385.9|  0.3|INFORM|Transaction #3501 was successfully committed
2026-08-12 13:36:50|1386.2|  0.3|INFORM|Transaction #3502 was successfully committed
2026-08-12 13:36:50|1386.6|  0.4|INFORM|Transaction #3503 was successfully committed
2026-08-12 13:36:50|1387.0|  0.4|INFORM|Transaction #3504 was successfully committed
2026-08-12 13:36:51|1387.3|  0.3|INFORM|Transaction #3505 was successfully committed
2026-08-12 13:36:51|1387.7|  0.4|INFORM|Transaction #3506 was successfully committed
2026-08-12 13:36:51|1388.0|  0.3|INFORM|Transaction #3507 was successfully committed
2026-08-12 13:36:52|1388.3|  0.3|INFORM|Transaction #3508 was successfully committed
2026-08-12 13:36:52|1388.7|  0.4|INFORM|Transaction #3509 was successfully committed
2026-08-12 13:36:53|1389.1|  0.4|INFORM|Transaction #3510 was successfully committed
2026-08-12 13:36:53|1389.3|  0.2|INFORM|MULTI_WRITER writer: 43,397 of 85,734 features written
2026-08-12 13:36:53|1389.4|  0.1|INFORM|Transaction #3511 was successfully committed
2026-08-12 13:36:53|1389.7|  0.3|INFORM|Transaction #3512 was successfully committed
2026-08-12 13:36:54|1390.0|  0.3|INFORM|Transaction #3513 was successfully committed
2026-08-12 13:36:54|1390.5|  0.5|INFORM|Transaction #3514 was successfully committed
2026-08-12 13:36:54|1390.8|  0.3|INFORM|Transaction #3515 was successfully committed
2026-08-12 13:36:55|1391.2|  0.4|INFORM|Transaction #3516 was successfully committed
2026-08-12 13:36:55|1391.5|  0.3|INFORM|Transaction #3517 was successfully committed
2026-08-12 13:36:55|1391.8|  0.3|INFORM|Transaction #3518 was successfully committed
2026-08-12 13:36:56|1392.2|  0.4|INFORM|Transaction #3519 was successfully committed
2026-08-12 13:36:56|1392.5|  0.3|INFORM|Transaction #3520 was successfully committed
2026-08-12 13:36:56|1392.8|  0.3|INFORM|Transaction #3521 was successfully committed
2026-08-12 13:36:57|1393.2|  0.4|INFORM|Transaction #3522 was successfully committed
2026-08-12 13:36:57|1393.6|  0.4|INFORM|Transaction #3523 was successfully committed
2026-08-12 13:36:57|1393.9|  0.3|INFORM|Transaction #3524 was successfully committed
2026-08-12 13:36:58|1394.2|  0.3|INFORM|Transaction #3525 was successfully committed
2026-08-12 13:36:58|1394.3|  0.1|INFORM|MULTI_WRITER writer: 57,882 of 85,734 features written
2026-08-12 13:36:58|1394.5|  0.2|INFORM|Transaction #3526 was successfully committed
2026-08-12 13:36:58|1394.9|  0.4|INFORM|Transaction #3527 was successfully committed
2026-08-12 13:36:59|1395.3|  0.4|INFORM|Transaction #3528 was successfully committed
2026-08-12 13:36:59|1395.6|  0.3|INFORM|Transaction #3529 was successfully committed
2026-08-12 13:36:59|1396.0|  0.4|INFORM|Transaction #3530 was successfully committed
2026-08-12 13:37:00|1396.3|  0.3|INFORM|Transaction #3531 was successfully committed
2026-08-12 13:37:00|1396.6|  0.3|INFORM|Transaction #3532 was successfully committed
2026-08-12 13:37:00|1397.0|  0.4|INFORM|Transaction #3533 was successfully committed
2026-08-12 13:37:01|1397.3|  0.3|INFORM|Transaction #3534 was successfully committed
2026-08-12 13:37:01|1397.7|  0.4|INFORM|Transaction #3535 was successfully committed
2026-08-12 13:37:02|1398.0|  0.3|INFORM|Transaction #3536 was successfully committed
2026-08-12 13:37:02|1398.3|  0.3|INFORM|Transaction #3537 was successfully committed
2026-08-12 13:37:02|1398.7|  0.4|INFORM|Transaction #3538 was successfully committed
2026-08-12 13:37:03|1399.0|  0.3|INFORM|Transaction #3539 was successfully committed
2026-08-12 13:37:03|1399.3|  0.3|INFORM|MULTI_WRITER writer: 72,404 of 85,734 features written
2026-08-12 13:37:03|1399.3|  0.0|INFORM|Transaction #3540 was successfully committed
2026-08-12 13:37:03|1399.8|  0.5|INFORM|Transaction #3541 was successfully committed
2026-08-12 13:37:04|1400.1|  0.3|INFORM|Transaction #3542 was successfully committed
2026-08-12 13:37:04|1400.4|  0.3|INFORM|Transaction #3543 was successfully committed
2026-08-12 13:37:04|1400.8|  0.4|INFORM|Transaction #3544 was successfully committed
2026-08-12 13:37:05|1401.1|  0.3|INFORM|Transaction #3545 was successfully committed
2026-08-12 13:37:05|1401.4|  0.3|INFORM|Transaction #3546 was successfully committed
2026-08-12 13:37:05|1401.8|  0.4|INFORM|Transaction #3547 was successfully committed
2026-08-12 13:37:06|1402.1|  0.3|INFORM|Transaction #3548 was successfully committed
2026-08-12 13:37:06|1402.4|  0.3|INFORM|Transaction #3549 was successfully committed
2026-08-12 13:37:06|1402.8|  0.4|INFORM|Transaction #3550 was successfully committed
2026-08-12 13:37:07|1403.2|  0.4|INFORM|Transaction #3551 was successfully committed
2026-08-12 13:37:07|1403.5|  0.3|INFORM|Transaction #3552 was successfully committed
2026-08-12 13:37:07|1403.8|  0.3|INFORM|Transaction #3553 was successfully committed
2026-08-12 13:37:07|1403.8|  0.0|INFORM|MULTI_WRITER writer: 85,734 of 85,734 features written
2026-08-12 13:37:08|1404.8|  1.0|INFORM|FFS writer: Writing 100000 feature(s) to file 'C:\Users\ASHTON~1.EAV\AppData\Local\Temp\wb-cache-LUS_PostProcessing_V01_ACE_25062-pwVrLI\Main_FeatureMerger -1 9 fo 0 MERGED  0  3bb0bff46fb22b1870d2b0394c88e7443c1c5b53_36.fts'
2026-08-12 13:37:09|1405.0|  0.2|INFORM|Spatial Index: Adding 100000 features
2026-08-12 13:37:09|1405.0|  0.0|INFORM|FFS writer: Writing 2663 feature(s) to file 'C:\Users\ASHTON~1.EAV\AppData\Local\Temp\wb-cache-LUS_PostProcessing_V01_ACE_25062-pwVrLI\Main_AttributeManager -1 38 fo 0 OUTPUT  0  71ef952938b38eff2ab0aa29d9504d1788ebbaa7_51.fts'
2026-08-12 13:37:09|1405.1|  0.1|INFORM|Spatial Index: Adding 2663 features
2026-08-12 13:37:09|1405.1|  0.0|INFORM|MULTI_WRITER writer: Splitting bulk features into individual features
2026-08-12 13:37:09|1405.3|  0.2|INFORM|Transaction #3554 was successfully committed
2026-08-12 13:37:09|1405.7|  0.4|INFORM|Transaction #3555 was successfully committed
2026-08-12 13:37:10|1406.2|  0.5|INFORM|FFS writer: Writing 97337 feature(s) to file 'C:\Users\ASHTON~1.EAV\AppData\Local\Temp\wb-cache-LUS_PostProcessing_V01_ACE_25062-pwVrLI\Main_AttributeManager -1 38 fo 0 OUTPUT  0  71ef952938b38eff2ab0aa29d9504d1788ebbaa7_52.fts'
2026-08-12 13:37:10|1406.4|  0.2|INFORM|Spatial Index: Adding 97337 features
2026-08-12 13:37:10|1406.5|  0.1|INFORM|MULTI_WRITER writer: Splitting bulk features into individual features
2026-08-12 13:37:10|1406.5|  0.0|INFORM|Transaction #3556 was successfully committed
2026-08-12 13:37:10|1406.9|  0.4|INFORM|Transaction #3557 was successfully committed
2026-08-12 13:37:11|1407.2|  0.3|INFORM|Transaction #3558 was successfully committed
2026-08-12 13:37:11|1407.6|  0.4|INFORM|Transaction #3559 was successfully committed
2026-08-12 13:37:11|1407.9|  0.3|INFORM|Transaction #3560 was successfully committed
2026-08-12 13:37:12|1408.2|  0.3|INFORM|Transaction #3561 was successfully committed
2026-08-12 13:37:12|1408.6|  0.4|INFORM|Transaction #3562 was successfully committed
2026-08-12 13:37:12|1408.9|  0.3|INFORM|Transaction #3563 was successfully committed
2026-08-12 13:37:13|1409.3|  0.4|INFORM|Transaction #3564 was successfully committed
2026-08-12 13:37:13|1409.6|  0.3|INFORM|Transaction #3565 was successfully committed
2026-08-12 13:37:13|1409.9|  0.3|INFORM|Transaction #3566 was successfully committed
2026-08-12 13:37:14|1410.3|  0.4|INFORM|Transaction #3567 was successfully committed
2026-08-12 13:37:14|1410.6|  0.3|INFORM|Transaction #3568 was successfully committed
2026-08-12 13:37:15|1411.0|  0.4|INFORM|Transaction #3569 was successfully committed
2026-08-12 13:37:15|1411.3|  0.3|INFORM|Transaction #3570 was successfully committed
2026-08-12 13:37:15|1411.5|  0.2|INFORM|MULTI_WRITER writer: 14,657 of 97,337 features written
2026-08-12 13:37:15|1411.7|  0.2|INFORM|Transaction #3571 was successfully committed
2026-08-12 13:37:16|1412.0|  0.3|INFORM|Transaction #3572 was successfully committed
2026-08-12 13:37:16|1412.3|  0.3|INFORM|Transaction #3573 was successfully committed
2026-08-12 13:37:16|1412.6|  0.3|INFORM|Transaction #3574 was successfully committed
2026-08-12 13:37:17|1413.1|  0.5|INFORM|Transaction #3575 was successfully committed
2026-08-12 13:37:17|1413.4|  0.3|INFORM|Transaction #3576 was successfully committed
2026-08-12 13:37:17|1413.7|  0.3|INFORM|Transaction #3577 was successfully committed
2026-08-12 13:37:18|1414.1|  0.4|INFORM|Transaction #3578 was successfully committed
2026-08-12 13:37:18|1414.4|  0.3|INFORM|Transaction #3579 was successfully committed
2026-08-12 13:37:18|1414.7|  0.3|INFORM|Transaction #3580 was successfully committed
2026-08-12 13:37:19|1415.0|  0.3|INFORM|Transaction #3581 was successfully committed
2026-08-12 13:37:19|1415.4|  0.4|INFORM|Transaction #3582 was successfully committed
2026-08-12 13:37:19|1415.8|  0.4|INFORM|Transaction #3583 was successfully committed
2026-08-12 13:37:20|1416.1|  0.3|INFORM|Transaction #3584 was successfully committed
2026-08-12 13:37:20|1416.4|  0.3|INFORM|Transaction #3585 was successfully committed
2026-08-12 13:37:20|1416.4|  0.0|INFORM|MULTI_WRITER writer: 29,296 of 97,337 features written
2026-08-12 13:37:20|1416.8|  0.4|INFORM|Transaction #3586 was successfully committed
2026-08-12 13:37:21|1417.1|  0.3|INFORM|Transaction #3587 was successfully committed
2026-08-12 13:37:21|1417.4|  0.3|INFORM|Transaction #3588 was successfully committed
2026-08-12 13:37:21|1417.8|  0.4|INFORM|Transaction #3589 was successfully committed
2026-08-12 13:37:22|1418.1|  0.3|INFORM|Transaction #3590 was successfully committed
2026-08-12 13:37:22|1418.5|  0.4|INFORM|Transaction #3591 was successfully committed
2026-08-12 13:37:22|1418.8|  0.3|INFORM|Transaction #3592 was successfully committed
2026-08-12 13:37:23|1419.1|  0.3|INFORM|Transaction #3593 was successfully committed
2026-08-12 13:37:23|1419.4|  0.3|INFORM|Transaction #3594 was successfully committed
2026-08-12 13:37:23|1419.8|  0.4|INFORM|Transaction #3595 was successfully committed
2026-08-12 13:37:24|1420.1|  0.3|INFORM|Transaction #3596 was successfully committed
2026-08-12 13:37:24|1420.5|  0.4|INFORM|Transaction #3597 was successfully committed
2026-08-12 13:37:24|1420.8|  0.3|INFORM|Transaction #3598 was successfully committed
2026-08-12 13:37:25|1421.2|  0.4|INFORM|Transaction #3599 was successfully committed
2026-08-12 13:37:25|1421.4|  0.2|INFORM|MULTI_WRITER writer: 43,985 of 97,337 features written
2026-08-12 13:37:25|1421.5|  0.1|INFORM|Transaction #3600 was successfully committed
2026-08-12 13:37:25|1421.8|  0.3|INFORM|Transaction #3601 was successfully committed
2026-08-12 13:37:26|1422.2|  0.4|INFORM|Transaction #3602 was successfully committed
2026-08-12 13:37:26|1422.5|  0.3|INFORM|Transaction #3603 was successfully committed
2026-08-12 13:37:26|1422.8|  0.3|INFORM|Transaction #3604 was successfully committed
2026-08-12 13:37:27|1423.2|  0.4|INFORM|Transaction #3605 was successfully committed
2026-08-12 13:37:27|1423.6|  0.4|INFORM|Transaction #3606 was successfully committed
2026-08-12 13:37:27|1423.9|  0.3|INFORM|Transaction #3607 was successfully committed
2026-08-12 13:37:28|1424.3|  0.4|INFORM|Transaction #3608 was successfully committed
2026-08-12 13:37:28|1424.6|  0.3|INFORM|Transaction #3609 was successfully committed
2026-08-12 13:37:28|1424.9|  0.3|INFORM|Transaction #3610 was successfully committed
2026-08-12 13:37:29|1425.3|  0.4|INFORM|Transaction #3611 was successfully committed
2026-08-12 13:37:29|1425.6|  0.3|INFORM|Transaction #3612 was successfully committed
2026-08-12 13:37:29|1425.9|  0.3|INFORM|Transaction #3613 was successfully committed
2026-08-12 13:37:30|1426.3|  0.4|INFORM|Transaction #3614 was successfully committed
2026-08-12 13:37:30|1426.4|  0.1|INFORM|MULTI_WRITER writer: 58,649 of 97,337 features written
2026-08-12 13:37:30|1426.6|  0.2|INFORM|Transaction #3615 was successfully committed
2026-08-12 13:37:31|1426.9|  0.3|INFORM|Transaction #3616 was successfully committed
2026-08-12 13:37:31|1427.3|  0.4|INFORM|Transaction #3617 was successfully committed
2026-08-12 13:37:31|1427.6|  0.3|INFORM|Transaction #3618 was successfully committed
2026-08-12 13:37:32|1427.9|  0.3|INFORM|Transaction #3619 was successfully committed
2026-08-12 13:37:32|1428.3|  0.4|INFORM|Transaction #3620 was successfully committed
2026-08-12 13:37:32|1428.7|  0.4|INFORM|Transaction #3621 was successfully committed
2026-08-12 13:37:33|1429.0|  0.3|INFORM|Transaction #3622 was successfully committed
2026-08-12 13:37:33|1429.3|  0.3|INFORM|Transaction #3623 was successfully committed
2026-08-12 13:37:33|1429.7|  0.4|INFORM|Transaction #3624 was successfully committed
2026-08-12 13:37:34|1430.0|  0.3|INFORM|Transaction #3625 was successfully committed
2026-08-12 13:37:34|1430.4|  0.4|INFORM|Transaction #3626 was successfully committed
2026-08-12 13:37:34|1430.7|  0.3|INFORM|Transaction #3627 was successfully committed
2026-08-12 13:37:35|1431.0|  0.3|INFORM|Transaction #3628 was successfully committed
2026-08-12 13:37:35|1431.4|  0.4|INFORM|Transaction #3629 was successfully committed
2026-08-12 13:37:35|1431.4|  0.0|INFORM|MULTI_WRITER writer: 73,329 of 97,337 features written
2026-08-12 13:37:35|1431.7|  0.3|INFORM|Transaction #3630 was successfully committed
2026-08-12 13:37:36|1432.0|  0.3|INFORM|Transaction #3631 was successfully committed
2026-08-12 13:37:36|1432.4|  0.4|INFORM|Transaction #3632 was successfully committed
2026-08-12 13:37:36|1432.7|  0.3|INFORM|Transaction #3633 was successfully committed
2026-08-12 13:37:37|1433.0|  0.3|INFORM|Transaction #3634 was successfully committed
2026-08-12 13:37:37|1433.4|  0.4|INFORM|Transaction #3635 was successfully committed
2026-08-12 13:37:37|1433.7|  0.3|INFORM|Transaction #3636 was successfully committed
2026-08-12 13:37:38|1434.1|  0.4|INFORM|Transaction #3637 was successfully committed
2026-08-12 13:37:38|1434.4|  0.3|INFORM|Transaction #3638 was successfully committed
2026-08-12 13:37:38|1434.7|  0.3|INFORM|Transaction #3639 was successfully committed
2026-08-12 13:37:39|1435.0|  0.3|INFORM|Transaction #3640 was successfully committed
2026-08-12 13:37:39|1435.3|  0.3|INFORM|Transaction #3641 was successfully committed
2026-08-12 13:37:39|1435.7|  0.4|INFORM|Transaction #3642 was successfully committed
2026-08-12 13:37:40|1436.1|  0.4|INFORM|Transaction #3643 was successfully committed
2026-08-12 13:37:40|1436.4|  0.3|INFORM|MULTI_WRITER writer: 88,097 of 97,337 features written
2026-08-12 13:37:40|1436.4|  0.0|INFORM|Transaction #3644 was successfully committed
2026-08-12 13:37:40|1436.7|  0.3|INFORM|Transaction #3645 was successfully committed
2026-08-12 13:37:41|1437.0|  0.3|INFORM|Transaction #3646 was successfully committed
2026-08-12 13:37:41|1437.4|  0.4|INFORM|Transaction #3647 was successfully committed
2026-08-12 13:37:41|1437.7|  0.3|INFORM|Transaction #3648 was successfully committed
2026-08-12 13:37:42|1438.1|  0.4|INFORM|Transaction #3649 was successfully committed
2026-08-12 13:37:42|1438.4|  0.3|INFORM|Transaction #3650 was successfully committed
2026-08-12 13:37:42|1438.8|  0.4|INFORM|Transaction #3651 was successfully committed
2026-08-12 13:37:43|1439.1|  0.3|INFORM|Transaction #3652 was successfully committed
2026-08-12 13:37:43|1439.4|  0.3|INFORM|Transaction #3653 was successfully committed
2026-08-12 13:37:43|1439.4|  0.0|INFORM|MULTI_WRITER writer: 97,337 of 97,337 features written
2026-08-12 13:37:44|1440.5|  1.1|INFORM|FFS writer: Writing 91710 feature(s) to file 'C:\Users\ASHTON~1.EAV\AppData\Local\Temp\wb-cache-LUS_PostProcessing_V01_ACE_25062-pwVrLI\Main_FeatureMerger -1 9 fo 0 MERGED  0  3bb0bff46fb22b1870d2b0394c88e7443c1c5b53_37.fts'
2026-08-12 13:37:44|1440.5|  0.0|INFORM|Spatial Index: Adding 91710 features
2026-08-12 13:37:44|1440.7|  0.2|INFORM|FFS writer: Writing 33609 feature(s) to file 'C:\Users\ASHTON~1.EAV\AppData\Local\Temp\wb-cache-LUS_PostProcessing_V01_ACE_25062-pwVrLI\Main_AttributeManager -1 38 fo 0 OUTPUT  0  71ef952938b38eff2ab0aa29d9504d1788ebbaa7_53.fts'
2026-08-12 13:37:44|1440.7|  0.0|INFORM|Spatial Index: Adding 33609 features
2026-08-12 13:37:44|1440.8|  0.1|INFORM|MULTI_WRITER writer: Splitting bulk features into individual features
2026-08-12 13:37:45|1441.1|  0.3|INFORM|Transaction #3654 was successfully committed
2026-08-12 13:37:45|1441.5|  0.4|INFORM|Transaction #3655 was successfully committed
2026-08-12 13:37:45|1441.8|  0.3|INFORM|Transaction #3656 was successfully committed
2026-08-12 13:37:46|1442.2|  0.4|INFORM|Transaction #3657 was successfully committed
2026-08-12 13:37:46|1442.5|  0.3|INFORM|Transaction #3658 was successfully committed
2026-08-12 13:37:46|1442.8|  0.3|INFORM|Transaction #3659 was successfully committed
2026-08-12 13:37:47|1443.2|  0.4|INFORM|Transaction #3660 was successfully committed
2026-08-12 13:37:47|1443.5|  0.3|INFORM|Transaction #3661 was successfully committed
2026-08-12 13:37:48|1443.8|  0.3|INFORM|Transaction #3662 was successfully committed
2026-08-12 13:37:48|1444.1|  0.3|INFORM|Transaction #3663 was successfully committed
2026-08-12 13:37:48|1444.5|  0.4|INFORM|Transaction #3664 was successfully committed
2026-08-12 13:37:49|1444.9|  0.4|INFORM|Transaction #3665 was successfully committed
2026-08-12 13:37:49|1445.2|  0.3|INFORM|Transaction #3666 was successfully committed
2026-08-12 13:37:49|1445.6|  0.4|INFORM|Transaction #3667 was successfully committed
2026-08-12 13:37:49|1445.8|  0.2|INFORM|MULTI_WRITER writer: 14,558 of 33,609 features written
2026-08-12 13:37:50|1445.9|  0.1|INFORM|Transaction #3668 was successfully committed
2026-08-12 13:37:50|1446.2|  0.3|INFORM|Transaction #3669 was successfully committed
2026-08-12 13:37:50|1446.6|  0.4|INFORM|Transaction #3670 was successfully committed
2026-08-12 13:37:51|1446.9|  0.3|INFORM|Transaction #3671 was successfully committed
2026-08-12 13:37:51|1447.3|  0.4|INFORM|Transaction #3672 was successfully committed
2026-08-12 13:37:51|1447.7|  0.4|INFORM|Transaction #3673 was successfully committed
2026-08-12 13:37:52|1448.0|  0.3|INFORM|Transaction #3674 was successfully committed
2026-08-12 13:37:52|1448.3|  0.3|INFORM|Transaction #3675 was successfully committed
2026-08-12 13:37:52|1448.7|  0.4|INFORM|Transaction #3676 was successfully committed
2026-08-12 13:37:53|1449.0|  0.3|INFORM|Transaction #3677 was successfully committed
2026-08-12 13:37:53|1449.3|  0.3|INFORM|Transaction #3678 was successfully committed
2026-08-12 13:37:53|1449.7|  0.4|INFORM|Transaction #3679 was successfully committed
2026-08-12 13:37:54|1450.1|  0.4|INFORM|Transaction #3680 was successfully committed
2026-08-12 13:37:54|1450.4|  0.3|INFORM|Transaction #3681 was successfully committed
2026-08-12 13:37:54|1450.7|  0.3|INFORM|Transaction #3682 was successfully committed
2026-08-12 13:37:54|1450.8|  0.1|INFORM|MULTI_WRITER writer: 29,094 of 33,609 features written
2026-08-12 13:37:55|1451.1|  0.3|INFORM|Transaction #3683 was successfully committed
2026-08-12 13:37:55|1451.4|  0.3|INFORM|Transaction #3684 was successfully committed
2026-08-12 13:37:55|1451.8|  0.4|INFORM|Transaction #3685 was successfully committed
2026-08-12 13:37:56|1452.1|  0.3|INFORM|Transaction #3686 was successfully committed
2026-08-12 13:37:56|1452.3|  0.2|INFORM|MULTI_WRITER writer: 33,609 of 33,609 features written
2026-08-12 13:37:56|1452.4|  0.1|INFORM|AttributeManager (AttrSetFactory): Processed 33,610 of 91,710 features
2026-08-12 13:37:56|1452.6|  0.2|INFORM|AttributeManager (AttrSetFactory): Processed 91,710 of 91,710 features
2026-08-12 13:37:56|1452.6|  0.0|INFORM|FFS writer: Writing 58101 feature(s) to file 'C:\Users\ASHTON~1.EAV\AppData\Local\Temp\wb-cache-LUS_PostProcessing_V01_ACE_25062-pwVrLI\Main_AttributeManager -1 38 fo 0 OUTPUT  0  71ef952938b38eff2ab0aa29d9504d1788ebbaa7_54.fts'
2026-08-12 13:37:56|1452.8|  0.2|INFORM|Spatial Index: Adding 58101 features
2026-08-12 13:37:56|1452.8|  0.0|INFORM|MULTI_WRITER writer: Splitting bulk features into individual features
2026-08-12 13:37:57|1452.8|  0.0|INFORM|Transaction #3687 was successfully committed
2026-08-12 13:37:57|1453.2|  0.4|INFORM|Transaction #3688 was successfully committed
2026-08-12 13:37:57|1453.5|  0.3|INFORM|Transaction #3689 was successfully committed
2026-08-12 13:37:58|1453.9|  0.4|INFORM|Transaction #3690 was successfully committed
2026-08-12 13:37:58|1454.2|  0.3|INFORM|Transaction #3691 was successfully committed
2026-08-12 13:37:58|1454.5|  0.3|INFORM|Transaction #3692 was successfully committed
2026-08-12 13:37:59|1454.9|  0.4|INFORM|Transaction #3693 was successfully committed
2026-08-12 13:37:59|1455.3|  0.4|INFORM|Transaction #3694 was successfully committed
2026-08-12 13:37:59|1455.6|  0.3|INFORM|Transaction #3695 was successfully committed
2026-08-12 13:38:00|1455.9|  0.3|INFORM|Transaction #3696 was successfully committed
2026-08-12 13:38:00|1456.2|  0.3|INFORM|Transaction #3697 was successfully committed
2026-08-12 13:38:00|1456.6|  0.4|INFORM|Transaction #3698 was successfully committed
2026-08-12 13:38:01|1457.0|  0.4|INFORM|Transaction #3699 was successfully committed
2026-08-12 13:38:01|1457.3|  0.3|INFORM|Transaction #3700 was successfully committed
2026-08-12 13:38:01|1457.7|  0.4|INFORM|Transaction #3701 was successfully committed
2026-08-12 13:38:01|1457.7|  0.0|INFORM|MULTI_WRITER writer: 14,511 of 58,101 features written
2026-08-12 13:38:02|1458.0|  0.3|INFORM|Transaction #3702 was successfully committed
2026-08-12 13:38:02|1458.3|  0.3|INFORM|Transaction #3703 was successfully committed
2026-08-12 13:38:02|1458.6|  0.3|INFORM|Transaction #3704 was successfully committed
2026-08-12 13:38:03|1459.1|  0.5|INFORM|Transaction #3705 was successfully committed
2026-08-12 13:38:03|1459.4|  0.3|INFORM|Transaction #3706 was successfully committed
2026-08-12 13:38:03|1459.7|  0.3|INFORM|Transaction #3707 was successfully committed
2026-08-12 13:38:04|1460.1|  0.4|INFORM|Transaction #3708 was successfully committed
2026-08-12 13:38:04|1460.4|  0.3|INFORM|Transaction #3709 was successfully committed
2026-08-12 13:38:04|1460.8|  0.4|INFORM|Transaction #3710 was successfully committed
2026-08-12 13:38:05|1461.0|  0.2|INFORM|Transaction #3711 was successfully committed
2026-08-12 13:38:05|1461.4|  0.4|INFORM|Transaction #3712 was successfully committed
2026-08-12 13:38:05|1461.7|  0.3|INFORM|Transaction #3713 was successfully committed
2026-08-12 13:38:06|1462.0|  0.3|INFORM|Transaction #3714 was successfully committed
2026-08-12 13:38:06|1462.4|  0.4|INFORM|Transaction #3715 was successfully committed
2026-08-12 13:38:06|1462.8|  0.4|INFORM|MULTI_WRITER writer: 29,122 of 58,101 features written
2026-08-12 13:38:06|1462.8|  0.0|INFORM|Transaction #3716 was successfully committed
2026-08-12 13:38:07|1463.2|  0.4|INFORM|Transaction #3717 was successfully committed
2026-08-12 13:38:07|1463.5|  0.3|INFORM|Transaction #3718 was successfully committed
2026-08-12 13:38:07|1463.8|  0.3|INFORM|Transaction #3719 was successfully committed
2026-08-12 13:38:08|1464.2|  0.4|INFORM|Transaction #3720 was successfully committed
2026-08-12 13:38:08|1464.5|  0.3|INFORM|Transaction #3721 was successfully committed
2026-08-12 13:38:09|1464.8|  0.3|INFORM|Transaction #3722 was successfully committed
2026-08-12 13:38:09|1465.1|  0.3|INFORM|Transaction #3723 was successfully committed
2026-08-12 13:38:09|1465.6|  0.5|INFORM|Transaction #3724 was successfully committed
2026-08-12 13:38:10|1465.9|  0.3|INFORM|Transaction #3725 was successfully committed
2026-08-12 13:38:10|1466.2|  0.3|INFORM|Transaction #3726 was successfully committed
2026-08-12 13:38:10|1466.6|  0.4|INFORM|Transaction #3727 was successfully committed
2026-08-12 13:38:11|1466.9|  0.3|INFORM|Transaction #3728 was successfully committed
2026-08-12 13:38:11|1467.2|  0.3|INFORM|Transaction #3729 was successfully committed
2026-08-12 13:38:11|1467.5|  0.3|INFORM|Transaction #3730 was successfully committed
2026-08-12 13:38:11|1467.7|  0.2|INFORM|MULTI_WRITER writer: 43,745 of 58,101 features written
2026-08-12 13:38:12|1467.8|  0.1|INFORM|Transaction #3731 was successfully committed
2026-08-12 13:38:12|1468.2|  0.4|INFORM|Transaction #3732 was successfully committed
2026-08-12 13:38:12|1468.6|  0.4|INFORM|Transaction #3733 was successfully committed
2026-08-12 13:38:13|1468.9|  0.3|INFORM|Transaction #3734 was successfully committed
2026-08-12 13:38:13|1469.3|  0.4|INFORM|Transaction #3735 was successfully committed
2026-08-12 13:38:13|1469.5|  0.2|INFORM|Transaction #3736 was successfully committed
2026-08-12 13:38:14|1470.0|  0.5|INFORM|Transaction #3737 was successfully committed
2026-08-12 13:38:14|1470.3|  0.3|INFORM|Transaction #3738 was successfully committed
2026-08-12 13:38:14|1470.6|  0.3|INFORM|Transaction #3739 was successfully committed
2026-08-12 13:38:15|1471.0|  0.4|INFORM|Transaction #3740 was successfully committed
2026-08-12 13:38:15|1471.3|  0.3|INFORM|Transaction #3741 was successfully committed
2026-08-12 13:38:15|1471.6|  0.3|INFORM|Transaction #3742 was successfully committed
2026-08-12 13:38:16|1472.0|  0.4|INFORM|Transaction #3743 was successfully committed
2026-08-12 13:38:16|1472.3|  0.3|INFORM|Transaction #3744 was successfully committed
2026-08-12 13:38:16|1472.6|  0.3|INFORM|MULTI_WRITER writer: 58,101 of 58,101 features written
2026-08-12 13:38:17|1473.5|  0.9|INFORM|FFS writer: Writing 95498 feature(s) to file 'C:\Users\ASHTON~1.EAV\AppData\Local\Temp\wb-cache-LUS_PostProcessing_V01_ACE_25062-pwVrLI\Main_FeatureMerger -1 9 fo 0 MERGED  0  3bb0bff46fb22b1870d2b0394c88e7443c1c5b53_38.fts'
2026-08-12 13:38:17|1473.6|  0.1|INFORM|Spatial Index: Adding 95498 features
2026-08-12 13:38:17|1473.7|  0.1|INFORM|FFS writer: Writing 12139 feature(s) to file 'C:\Users\ASHTON~1.EAV\AppData\Local\Temp\wb-cache-LUS_PostProcessing_V01_ACE_25062-pwVrLI\Main_AttributeManager -1 38 fo 0 OUTPUT  0  71ef952938b38eff2ab0aa29d9504d1788ebbaa7_55.fts'
2026-08-12 13:38:17|1473.7|  0.0|INFORM|Spatial Index: Adding 12139 features
2026-08-12 13:38:17|1473.7|  0.0|INFORM|MULTI_WRITER writer: Splitting bulk features into individual features
2026-08-12 13:38:18|1473.7|  0.0|INFORM|Transaction #3745 was successfully committed
2026-08-12 13:38:18|1474.1|  0.4|INFORM|Transaction #3746 was successfully committed
2026-08-12 13:38:18|1474.4|  0.3|INFORM|Transaction #3747 was successfully committed
2026-08-12 13:38:19|1474.8|  0.4|INFORM|Transaction #3748 was successfully committed
2026-08-12 13:38:19|1475.2|  0.4|INFORM|Transaction #3749 was successfully committed
2026-08-12 13:38:19|1475.5|  0.3|INFORM|Transaction #3750 was successfully committed
2026-08-12 13:38:20|1475.8|  0.3|INFORM|Transaction #3751 was successfully committed
2026-08-12 13:38:20|1476.2|  0.4|INFORM|Transaction #3752 was successfully committed
2026-08-12 13:38:20|1476.5|  0.3|INFORM|Transaction #3753 was successfully committed
2026-08-12 13:38:21|1476.8|  0.3|INFORM|Transaction #3754 was successfully committed
2026-08-12 13:38:21|1477.1|  0.3|INFORM|Transaction #3755 was successfully committed
2026-08-12 13:38:21|1477.5|  0.4|INFORM|Transaction #3756 was successfully committed
2026-08-12 13:38:22|1477.9|  0.4|INFORM|Transaction #3757 was successfully committed
2026-08-12 13:38:22|1478.1|  0.2|INFORM|FFS writer: Writing 83359 feature(s) to file 'C:\Users\ASHTON~1.EAV\AppData\Local\Temp\wb-cache-LUS_PostProcessing_V01_ACE_25062-pwVrLI\Main_AttributeManager -1 38 fo 0 OUTPUT  0  71ef952938b38eff2ab0aa29d9504d1788ebbaa7_56.fts'
2026-08-12 13:38:22|1478.3|  0.2|INFORM|Spatial Index: Adding 83359 features
2026-08-12 13:38:22|1478.3|  0.0|INFORM|MULTI_WRITER writer: Splitting bulk features into individual features
2026-08-12 13:38:22|1478.7|  0.4|INFORM|Transaction #3758 was successfully committed
2026-08-12 13:38:23|1479.0|  0.3|INFORM|Transaction #3759 was successfully committed
2026-08-12 13:38:23|1479.4|  0.4|INFORM|Transaction #3760 was successfully committed
2026-08-12 13:38:23|1479.8|  0.4|INFORM|Transaction #3761 was successfully committed
2026-08-12 13:38:24|1480.1|  0.3|INFORM|Transaction #3762 was successfully committed
2026-08-12 13:38:24|1480.4|  0.3|INFORM|Transaction #3763 was successfully committed
2026-08-12 13:38:25|1480.8|  0.4|INFORM|Transaction #3764 was successfully committed
2026-08-12 13:38:25|1481.1|  0.3|INFORM|Transaction #3765 was successfully committed
2026-08-12 13:38:25|1481.5|  0.4|INFORM|Transaction #3766 was successfully committed
2026-08-12 13:38:26|1481.9|  0.4|INFORM|Transaction #3767 was successfully committed
2026-08-12 13:38:26|1482.2|  0.3|INFORM|Transaction #3768 was successfully committed
2026-08-12 13:38:26|1482.6|  0.4|INFORM|Transaction #3769 was successfully committed
2026-08-12 13:38:27|1482.9|  0.3|INFORM|Transaction #3770 was successfully committed
2026-08-12 13:38:27|1483.3|  0.4|INFORM|Transaction #3771 was successfully committed
2026-08-12 13:38:27|1483.3|  0.0|INFORM|MULTI_WRITER writer: 14,032 of 83,359 features written
2026-08-12 13:38:27|1483.6|  0.3|INFORM|Transaction #3772 was successfully committed
2026-08-12 13:38:28|1484.0|  0.4|INFORM|Transaction #3773 was successfully committed
2026-08-12 13:38:28|1484.3|  0.3|INFORM|Transaction #3774 was successfully committed
2026-08-12 13:38:28|1484.7|  0.4|INFORM|Transaction #3775 was successfully committed
2026-08-12 13:38:29|1485.0|  0.3|INFORM|Transaction #3776 was successfully committed
2026-08-12 13:38:29|1485.4|  0.4|INFORM|Transaction #3777 was successfully committed
2026-08-12 13:38:30|1485.7|  0.3|INFORM|Transaction #3778 was successfully committed
2026-08-12 13:38:30|1486.1|  0.4|INFORM|Transaction #3779 was successfully committed
2026-08-12 13:38:30|1486.5|  0.4|INFORM|Transaction #3780 was successfully committed
2026-08-12 13:38:31|1486.8|  0.3|INFORM|Transaction #3781 was successfully committed
2026-08-12 13:38:31|1487.2|  0.4|INFORM|Transaction #3782 was successfully committed
2026-08-12 13:38:31|1487.5|  0.3|INFORM|Transaction #3783 was successfully committed
2026-08-12 13:38:32|1487.9|  0.4|INFORM|Transaction #3784 was successfully committed
2026-08-12 13:38:32|1488.3|  0.4|INFORM|Transaction #3785 was successfully committed
2026-08-12 13:38:32|1488.3|  0.0|INFORM|MULTI_WRITER writer: 28,093 of 83,359 features written
2026-08-12 13:38:32|1488.6|  0.3|INFORM|Transaction #3786 was successfully committed
2026-08-12 13:38:33|1489.0|  0.4|INFORM|Transaction #3787 was successfully committed
2026-08-12 13:38:33|1489.3|  0.3|INFORM|Transaction #3788 was successfully committed
2026-08-12 13:38:33|1489.7|  0.4|INFORM|Transaction #3789 was successfully committed
2026-08-12 13:38:34|1490.0|  0.3|INFORM|Transaction #3790 was successfully committed
2026-08-12 13:38:34|1490.4|  0.4|INFORM|Transaction #3791 was successfully committed
2026-08-12 13:38:35|1490.7|  0.3|INFORM|Transaction #3792 was successfully committed
2026-08-12 13:38:35|1491.1|  0.4|INFORM|Transaction #3793 was successfully committed
2026-08-12 13:38:35|1491.4|  0.3|INFORM|Transaction #3794 was successfully committed
2026-08-12 13:38:36|1491.8|  0.4|INFORM|Transaction #3795 was successfully committed
2026-08-12 13:38:36|1492.2|  0.4|INFORM|Transaction #3796 was successfully committed
2026-08-12 13:38:36|1492.5|  0.3|INFORM|Transaction #3797 was successfully committed
2026-08-12 13:38:37|1492.8|  0.3|INFORM|Transaction #3798 was successfully committed
2026-08-12 13:38:37|1493.2|  0.4|INFORM|Transaction #3799 was successfully committed
2026-08-12 13:38:37|1493.2|  0.0|INFORM|MULTI_WRITER writer: 42,061 of 83,359 features written
2026-08-12 13:38:37|1493.6|  0.4|INFORM|Transaction #3800 was successfully committed
2026-08-12 13:38:38|1494.0|  0.4|INFORM|Transaction #3801 was successfully committed
2026-08-12 13:38:38|1494.3|  0.3|INFORM|Transaction #3802 was successfully committed
2026-08-12 13:38:38|1494.7|  0.4|INFORM|Transaction #3803 was successfully committed
2026-08-12 13:38:39|1495.0|  0.3|INFORM|Transaction #3804 was successfully committed
2026-08-12 13:38:39|1495.4|  0.4|INFORM|Transaction #3805 was successfully committed
2026-08-12 13:38:40|1495.7|  0.3|INFORM|Transaction #3806 was successfully committed
2026-08-12 13:38:40|1496.1|  0.4|INFORM|Transaction #3807 was successfully committed
2026-08-12 13:38:40|1496.4|  0.3|INFORM|Transaction #3808 was successfully committed
2026-08-12 13:38:41|1496.9|  0.5|INFORM|Transaction #3809 was successfully committed
2026-08-12 13:38:41|1497.2|  0.3|INFORM|Transaction #3810 was successfully committed
2026-08-12 13:38:41|1497.5|  0.3|INFORM|Transaction #3811 was successfully committed
2026-08-12 13:38:42|1497.8|  0.3|INFORM|Transaction #3812 was successfully committed
2026-08-12 13:38:42|1498.2|  0.4|INFORM|Transaction #3813 was successfully committed
2026-08-12 13:38:42|1498.3|  0.1|INFORM|MULTI_WRITER writer: 56,025 of 83,359 features written
2026-08-12 13:38:42|1498.6|  0.3|INFORM|Transaction #3814 was successfully committed
2026-08-12 13:38:43|1499.0|  0.4|INFORM|Transaction #3815 was successfully committed
2026-08-12 13:38:43|1499.3|  0.3|INFORM|Transaction #3816 was successfully committed
2026-08-12 13:38:43|1499.6|  0.3|INFORM|Transaction #3817 was successfully committed
2026-08-12 13:38:44|1500.0|  0.4|INFORM|Transaction #3818 was successfully committed
2026-08-12 13:38:44|1500.4|  0.4|INFORM|Transaction #3819 was successfully committed
2026-08-12 13:38:45|1500.8|  0.4|INFORM|Transaction #3820 was successfully committed
2026-08-12 13:38:45|1501.1|  0.3|INFORM|Transaction #3821 was successfully committed
2026-08-12 13:38:45|1501.4|  0.3|INFORM|Transaction #3822 was successfully committed
2026-08-12 13:38:46|1501.8|  0.4|INFORM|Transaction #3823 was successfully committed
2026-08-12 13:38:46|1502.1|  0.3|INFORM|Transaction #3824 was successfully committed
2026-08-12 13:38:46|1502.5|  0.4|INFORM|Transaction #3825 was successfully committed
2026-08-12 13:38:47|1502.9|  0.4|INFORM|Transaction #3826 was successfully committed
2026-08-12 13:38:47|1503.2|  0.3|INFORM|Transaction #3827 was successfully committed
2026-08-12 13:38:47|1503.2|  0.0|INFORM|MULTI_WRITER writer: 70,052 of 83,359 features written
2026-08-12 13:38:47|1503.5|  0.3|INFORM|Transaction #3828 was successfully committed
2026-08-12 13:38:48|1503.9|  0.4|INFORM|Transaction #3829 was successfully committed
2026-08-12 13:38:48|1504.3|  0.4|INFORM|Transaction #3830 was successfully committed
2026-08-12 13:38:48|1504.7|  0.4|INFORM|Transaction #3831 was successfully committed
2026-08-12 13:38:49|1505.0|  0.3|INFORM|Transaction #3832 was successfully committed
2026-08-12 13:38:49|1505.4|  0.4|INFORM|Transaction #3833 was successfully committed
2026-08-12 13:38:50|1505.7|  0.3|INFORM|Transaction #3834 was successfully committed
2026-08-12 13:38:50|1506.1|  0.4|INFORM|Transaction #3835 was successfully committed
2026-08-12 13:38:50|1506.4|  0.3|INFORM|Transaction #3836 was successfully committed
2026-08-12 13:38:51|1506.8|  0.4|INFORM|Transaction #3837 was successfully committed
2026-08-12 13:38:51|1507.1|  0.3|INFORM|Transaction #3838 was successfully committed
2026-08-12 13:38:51|1507.5|  0.4|INFORM|Transaction #3839 was successfully committed
2026-08-12 13:38:52|1507.9|  0.4|INFORM|Transaction #3840 was successfully committed
2026-08-12 13:38:52|1508.0|  0.1|INFORM|MULTI_WRITER writer: 83,359 of 83,359 features written
2026-08-12 13:38:53|1508.9|  0.9|INFORM|FFS writer: Writing 97273 feature(s) to file 'C:\Users\ASHTON~1.EAV\AppData\Local\Temp\wb-cache-LUS_PostProcessing_V01_ACE_25062-pwVrLI\Main_FeatureMerger -1 9 fo 0 MERGED  0  3bb0bff46fb22b1870d2b0394c88e7443c1c5b53_39.fts'
2026-08-12 13:38:53|1509.1|  0.2|INFORM|Spatial Index: Adding 97273 features
2026-08-12 13:38:53|1509.2|  0.1|INFORM|FFS writer: Writing 7721 feature(s) to file 'C:\Users\ASHTON~1.EAV\AppData\Local\Temp\wb-cache-LUS_PostProcessing_V01_ACE_25062-pwVrLI\Main_AttributeManager -1 38 fo 0 OUTPUT  0  71ef952938b38eff2ab0aa29d9504d1788ebbaa7_57.fts'
2026-08-12 13:38:53|1509.2|  0.0|INFORM|Spatial Index: Adding 7721 features
2026-08-12 13:38:53|1509.2|  0.0|INFORM|MULTI_WRITER writer: Splitting bulk features into individual features
2026-08-12 13:38:53|1509.4|  0.2|INFORM|Transaction #3841 was successfully committed
2026-08-12 13:38:54|1509.8|  0.4|INFORM|Transaction #3842 was successfully committed
2026-08-12 13:38:54|1510.1|  0.3|INFORM|Transaction #3843 was successfully committed
2026-08-12 13:38:54|1510.4|  0.3|INFORM|Transaction #3844 was successfully committed
2026-08-12 13:38:55|1510.8|  0.4|INFORM|Transaction #3845 was successfully committed
2026-08-12 13:38:55|1511.1|  0.3|INFORM|Transaction #3846 was successfully committed
2026-08-12 13:38:55|1511.5|  0.4|INFORM|Transaction #3847 was successfully committed
2026-08-12 13:38:56|1511.8|  0.3|INFORM|Transaction #3848 was successfully committed
2026-08-12 13:38:56|1512.1|  0.3|INFORM|FFS writer: Writing 89552 feature(s) to file 'C:\Users\ASHTON~1.EAV\AppData\Local\Temp\wb-cache-LUS_PostProcessing_V01_ACE_25062-pwVrLI\Main_AttributeManager -1 38 fo 0 OUTPUT  0  71ef952938b38eff2ab0aa29d9504d1788ebbaa7_58.fts'
2026-08-12 13:38:56|1512.3|  0.2|INFORM|Spatial Index: Adding 89552 features
2026-08-12 13:38:56|1512.4|  0.1|INFORM|MULTI_WRITER writer: Splitting bulk features into individual features
2026-08-12 13:38:56|1512.7|  0.3|INFORM|Transaction #3849 was successfully committed
2026-08-12 13:38:57|1513.0|  0.3|INFORM|Transaction #3850 was successfully committed
2026-08-12 13:38:57|1513.3|  0.3|INFORM|Transaction #3851 was successfully committed
2026-08-12 13:38:58|1513.7|  0.4|INFORM|Transaction #3852 was successfully committed
2026-08-12 13:38:58|1514.1|  0.4|INFORM|Transaction #3853 was successfully committed
2026-08-12 13:38:58|1514.4|  0.3|INFORM|Transaction #3854 was successfully committed
2026-08-12 13:38:59|1514.8|  0.4|INFORM|Transaction #3855 was successfully committed
2026-08-12 13:38:59|1515.1|  0.3|INFORM|Transaction #3856 was successfully committed
2026-08-12 13:38:59|1515.5|  0.4|INFORM|Transaction #3857 was successfully committed
2026-08-12 13:39:00|1515.8|  0.3|INFORM|Transaction #3858 was successfully committed
2026-08-12 13:39:00|1516.2|  0.4|INFORM|Transaction #3859 was successfully committed
2026-08-12 13:39:00|1516.5|  0.3|INFORM|Transaction #3860 was successfully committed
2026-08-12 13:39:01|1516.9|  0.4|INFORM|Transaction #3861 was successfully committed
2026-08-12 13:39:01|1517.3|  0.4|INFORM|Transaction #3862 was successfully committed
2026-08-12 13:39:01|1517.3|  0.0|INFORM|MULTI_WRITER writer: 14,101 of 89,552 features written
2026-08-12 13:39:01|1517.6|  0.3|INFORM|Transaction #3863 was successfully committed
2026-08-12 13:39:02|1517.9|  0.3|INFORM|Transaction #3864 was successfully committed
2026-08-12 13:39:02|1518.3|  0.4|INFORM|Transaction #3865 was successfully committed
2026-08-12 13:39:02|1518.7|  0.4|INFORM|Transaction #3866 was successfully committed
2026-08-12 13:39:03|1519.0|  0.3|INFORM|Transaction #3867 was successfully committed
2026-08-12 13:39:03|1519.3|  0.3|INFORM|Transaction #3868 was successfully committed
2026-08-12 13:39:04|1519.7|  0.4|INFORM|Transaction #3869 was successfully committed
2026-08-12 13:39:04|1520.0|  0.3|INFORM|Transaction #3870 was successfully committed
2026-08-12 13:39:04|1520.4|  0.4|INFORM|Transaction #3871 was successfully committed
2026-08-12 13:39:05|1520.8|  0.4|INFORM|Transaction #3872 was successfully committed
2026-08-12 13:39:05|1521.1|  0.3|INFORM|Transaction #3873 was successfully committed
2026-08-12 13:39:05|1521.5|  0.4|INFORM|Transaction #3874 was successfully committed
2026-08-12 13:39:06|1521.8|  0.3|INFORM|Transaction #3875 was successfully committed
2026-08-12 13:39:06|1522.2|  0.4|INFORM|Transaction #3876 was successfully committed
2026-08-12 13:39:06|1522.3|  0.1|INFORM|MULTI_WRITER writer: 28,275 of 89,552 features written
2026-08-12 13:39:06|1522.5|  0.2|INFORM|Transaction #3877 was successfully committed
2026-08-12 13:39:07|1522.9|  0.4|INFORM|Transaction #3878 was successfully committed
2026-08-12 13:39:07|1523.2|  0.3|INFORM|Transaction #3879 was successfully committed
2026-08-12 13:39:07|1523.6|  0.4|INFORM|Transaction #3880 was successfully committed
2026-08-12 13:39:08|1523.9|  0.3|INFORM|Transaction #3881 was successfully committed
2026-08-12 13:39:08|1524.3|  0.4|INFORM|Transaction #3882 was successfully committed
2026-08-12 13:39:08|1524.7|  0.4|INFORM|Transaction #3883 was successfully committed
2026-08-12 13:39:09|1525.0|  0.3|INFORM|Transaction #3884 was successfully committed
2026-08-12 13:39:09|1525.4|  0.4|INFORM|Transaction #3885 was successfully committed
2026-08-12 13:39:10|1525.7|  0.3|INFORM|Transaction #3886 was successfully committed
2026-08-12 13:39:10|1526.1|  0.4|INFORM|Transaction #3887 was successfully committed
2026-08-12 13:39:10|1526.4|  0.3|INFORM|Transaction #3888 was successfully committed
2026-08-12 13:39:11|1526.7|  0.3|INFORM|Transaction #3889 was successfully committed
2026-08-12 13:39:11|1527.0|  0.3|INFORM|Transaction #3890 was successfully committed
2026-08-12 13:39:11|1527.3|  0.3|INFORM|MULTI_WRITER writer: 42,535 of 89,552 features written
2026-08-12 13:39:11|1527.4|  0.1|INFORM|Transaction #3891 was successfully committed
2026-08-12 13:39:12|1527.7|  0.3|INFORM|Transaction #3892 was successfully committed
2026-08-12 13:39:12|1528.2|  0.5|INFORM|Transaction #3893 was successfully committed
2026-08-12 13:39:12|1528.5|  0.3|INFORM|Transaction #3894 was successfully committed
2026-08-12 13:39:13|1528.8|  0.3|INFORM|Transaction #3895 was successfully committed
2026-08-12 13:39:13|1529.2|  0.4|INFORM|Transaction #3896 was successfully committed
2026-08-12 13:39:13|1529.5|  0.3|INFORM|Transaction #3897 was successfully committed
2026-08-12 13:39:14|1529.8|  0.3|INFORM|Transaction #3898 was successfully committed
2026-08-12 13:39:14|1530.3|  0.5|INFORM|Transaction #3899 was successfully committed
2026-08-12 13:39:14|1530.6|  0.3|INFORM|Transaction #3900 was successfully committed
2026-08-12 13:39:15|1530.9|  0.3|INFORM|Transaction #3901 was successfully committed
2026-08-12 13:39:15|1531.3|  0.4|INFORM|Transaction #3902 was successfully committed
2026-08-12 13:39:15|1531.6|  0.3|INFORM|Transaction #3903 was successfully committed
2026-08-12 13:39:16|1532.0|  0.4|INFORM|Transaction #3904 was successfully committed
2026-08-12 13:39:16|1532.3|  0.3|INFORM|Transaction #3905 was successfully committed
2026-08-12 13:39:16|1532.3|  0.0|INFORM|MULTI_WRITER writer: 57,076 of 89,552 features written
2026-08-12 13:39:16|1532.6|  0.3|INFORM|Transaction #3906 was successfully committed
2026-08-12 13:39:17|1532.9|  0.3|INFORM|Transaction #3907 was successfully committed
2026-08-12 13:39:17|1533.2|  0.3|INFORM|Transaction #3908 was successfully committed
2026-08-12 13:39:17|1533.6|  0.4|INFORM|Transaction #3909 was successfully committed
2026-08-12 13:39:18|1533.9|  0.3|INFORM|Transaction #3910 was successfully committed
2026-08-12 13:39:18|1534.2|  0.3|INFORM|Transaction #3911 was successfully committed
2026-08-12 13:39:18|1534.6|  0.4|INFORM|Transaction #3912 was successfully committed
2026-08-12 13:39:19|1534.9|  0.3|INFORM|Transaction #3913 was successfully committed
2026-08-12 13:39:19|1535.3|  0.4|INFORM|Transaction #3914 was successfully committed
2026-08-12 13:39:19|1535.6|  0.3|INFORM|Transaction #3915 was successfully committed
2026-08-12 13:39:20|1536.0|  0.4|INFORM|Transaction #3916 was successfully committed
2026-08-12 13:39:20|1536.3|  0.3|INFORM|Transaction #3917 was successfully committed
2026-08-12 13:39:21|1536.6|  0.3|INFORM|Transaction #3918 was successfully committed
2026-08-12 13:39:21|1537.0|  0.4|INFORM|Transaction #3919 was successfully committed
2026-08-12 13:39:21|1537.3|  0.3|INFORM|MULTI_WRITER writer: 71,816 of 89,552 features written
2026-08-12 13:39:21|1537.3|  0.0|INFORM|Transaction #3920 was successfully committed
2026-08-12 13:39:22|1537.7|  0.4|INFORM|Transaction #3921 was successfully committed
2026-08-12 13:39:22|1538.0|  0.3|INFORM|Transaction #3922 was successfully committed
2026-08-12 13:39:22|1538.3|  0.3|INFORM|Transaction #3923 was successfully committed
2026-08-12 13:39:23|1538.7|  0.4|INFORM|Transaction #3924 was successfully committed
2026-08-12 13:39:23|1539.0|  0.3|INFORM|Transaction #3925 was successfully committed
2026-08-12 13:39:23|1539.3|  0.3|INFORM|Transaction #3926 was successfully committed
2026-08-12 13:39:24|1539.7|  0.4|INFORM|Transaction #3927 was successfully committed
2026-08-12 13:39:24|1540.0|  0.3|INFORM|Transaction #3928 was successfully committed
2026-08-12 13:39:24|1540.3|  0.3|INFORM|Transaction #3929 was successfully committed
2026-08-12 13:39:25|1540.7|  0.4|INFORM|Transaction #3930 was successfully committed
2026-08-12 13:39:25|1541.0|  0.3|INFORM|Transaction #3931 was successfully committed
2026-08-12 13:39:25|1541.4|  0.4|INFORM|Transaction #3932 was successfully committed
2026-08-12 13:39:26|1541.8|  0.4|INFORM|Transaction #3933 was successfully committed
2026-08-12 13:39:26|1542.1|  0.3|INFORM|Transaction #3934 was successfully committed
2026-08-12 13:39:26|1542.3|  0.2|INFORM|MULTI_WRITER writer: 86,499 of 89,552 features written
2026-08-12 13:39:26|1542.4|  0.1|INFORM|Transaction #3935 was successfully committed
2026-08-12 13:39:27|1542.7|  0.3|INFORM|Transaction #3936 was successfully committed
2026-08-12 13:39:27|1543.1|  0.4|INFORM|Transaction #3937 was successfully committed
2026-08-12 13:39:27|1543.4|  0.3|INFORM|MULTI_WRITER writer: 89,552 of 89,552 features written
2026-08-12 13:39:28|1544.2|  0.8|INFORM|FFS writer: Writing 75272 feature(s) to file 'C:\Users\ASHTON~1.EAV\AppData\Local\Temp\wb-cache-LUS_PostProcessing_V01_ACE_25062-pwVrLI\Main_FeatureMerger -1 9 fo 0 MERGED  0  3bb0bff46fb22b1870d2b0394c88e7443c1c5b53_40.fts'
2026-08-12 13:39:28|1544.2|  0.0|INFORM|Spatial Index: Adding 75272 features
2026-08-12 13:39:28|1544.3|  0.1|INFORM|AttributeManager_OUTPUT Feature Recorder -1 2147614758 (RecorderFactory): Splitting bulk features into individual features
2026-08-12 13:39:28|1544.5|  0.2|INFORM|FFS writer: Writing 75220 feature(s) to file 'C:\Users\ASHTON~1.EAV\AppData\Local\Temp\wb-cache-LUS_PostProcessing_V01_ACE_25062-pwVrLI\Main_AttributeManager -1 38 fo 0 OUTPUT  0  71ef952938b38eff2ab0aa29d9504d1788ebbaa7_59.fts'
2026-08-12 13:39:29|1544.6|  0.1|INFORM|Spatial Index: Adding 75220 features
2026-08-12 13:39:29|1544.6|  0.0|INFORM|MULTI_WRITER writer: Splitting bulk features into individual features
2026-08-12 13:39:29|1544.8|  0.2|INFORM|Transaction #3938 was successfully committed
2026-08-12 13:39:29|1545.1|  0.3|INFORM|Transaction #3939 was successfully committed
2026-08-12 13:39:29|1545.4|  0.3|INFORM|Transaction #3940 was successfully committed
2026-08-12 13:39:30|1545.8|  0.4|INFORM|Transaction #3941 was successfully committed
2026-08-12 13:39:30|1546.1|  0.3|INFORM|Transaction #3942 was successfully committed
2026-08-12 13:39:30|1546.4|  0.3|INFORM|Transaction #3943 was successfully committed
2026-08-12 13:39:31|1546.7|  0.3|INFORM|Transaction #3944 was successfully committed
2026-08-12 13:39:31|1547.1|  0.4|INFORM|Transaction #3945 was successfully committed
2026-08-12 13:39:31|1547.4|  0.3|INFORM|Transaction #3946 was successfully committed
2026-08-12 13:39:32|1547.7|  0.3|INFORM|Transaction #3947 was successfully committed
2026-08-12 13:39:32|1548.2|  0.5|INFORM|Transaction #3948 was successfully committed
2026-08-12 13:39:32|1548.5|  0.3|INFORM|Transaction #3949 was successfully committed
2026-08-12 13:39:33|1548.9|  0.4|INFORM|Transaction #3950 was successfully committed
2026-08-12 13:39:33|1549.2|  0.3|INFORM|Transaction #3951 was successfully committed
2026-08-12 13:39:33|1549.5|  0.3|INFORM|Transaction #3952 was successfully committed
2026-08-12 13:39:34|1549.6|  0.1|INFORM|MULTI_WRITER writer: 14,655 of 75,220 features written
2026-08-12 13:39:34|1549.8|  0.2|INFORM|Transaction #3953 was successfully committed
2026-08-12 13:39:34|1550.2|  0.4|INFORM|Transaction #3954 was successfully committed
2026-08-12 13:39:34|1550.5|  0.3|INFORM|Transaction #3955 was successfully committed
2026-08-12 13:39:35|1550.9|  0.4|INFORM|Transaction #3956 was successfully committed
2026-08-12 13:39:35|1551.2|  0.3|INFORM|Transaction #3957 was successfully committed
2026-08-12 13:39:35|1551.5|  0.3|INFORM|Transaction #3958 was successfully committed
2026-08-12 13:39:36|1551.9|  0.4|INFORM|Transaction #3959 was successfully committed
2026-08-12 13:39:36|1552.2|  0.3|INFORM|Transaction #3960 was successfully committed
2026-08-12 13:39:37|1552.6|  0.4|INFORM|Transaction #3961 was successfully committed
2026-08-12 13:39:37|1552.9|  0.3|INFORM|Transaction #3962 was successfully committed
2026-08-12 13:39:37|1553.2|  0.3|INFORM|Transaction #3963 was successfully committed
2026-08-12 13:39:38|1553.6|  0.4|INFORM|Transaction #3964 was successfully committed
2026-08-12 13:39:38|1553.9|  0.3|INFORM|Transaction #3965 was successfully committed
2026-08-12 13:39:38|1554.2|  0.3|INFORM|Transaction #3966 was successfully committed
2026-08-12 13:39:39|1554.6|  0.4|INFORM|Transaction #3967 was successfully committed
2026-08-12 13:39:39|1554.6|  0.0|INFORM|MULTI_WRITER writer: 29,352 of 75,220 features written
2026-08-12 13:39:39|1555.0|  0.4|INFORM|Transaction #3968 was successfully committed
2026-08-12 13:39:39|1555.3|  0.3|INFORM|Transaction #3969 was successfully committed
2026-08-12 13:39:40|1555.6|  0.3|INFORM|Transaction #3970 was successfully committed
2026-08-12 13:39:40|1556.0|  0.4|INFORM|Transaction #3971 was successfully committed
2026-08-12 13:39:40|1556.3|  0.3|INFORM|Transaction #3972 was successfully committed
2026-08-12 13:39:41|1556.6|  0.3|INFORM|Transaction #3973 was successfully committed
2026-08-12 13:39:41|1557.0|  0.4|INFORM|Transaction #3974 was successfully committed
2026-08-12 13:39:41|1557.3|  0.3|INFORM|Transaction #3975 was successfully committed
2026-08-12 13:39:42|1557.6|  0.3|INFORM|Transaction #3976 was successfully committed
2026-08-12 13:39:42|1558.0|  0.4|INFORM|Transaction #3977 was successfully committed
2026-08-12 13:39:42|1558.3|  0.3|INFORM|Transaction #3978 was successfully committed
2026-08-12 13:39:43|1558.7|  0.4|INFORM|Transaction #3979 was successfully committed
2026-08-12 13:39:43|1559.0|  0.3|INFORM|Transaction #3980 was successfully committed
2026-08-12 13:39:43|1559.4|  0.4|INFORM|Transaction #3981 was successfully committed
2026-08-12 13:39:44|1559.7|  0.3|INFORM|MULTI_WRITER writer: 44,015 of 75,220 features written
2026-08-12 13:39:44|1559.8|  0.1|INFORM|Transaction #3982 was successfully committed
2026-08-12 13:39:44|1560.1|  0.3|INFORM|Transaction #3983 was successfully committed
2026-08-12 13:39:44|1560.4|  0.3|INFORM|Transaction #3984 was successfully committed
2026-08-12 13:39:45|1560.7|  0.3|INFORM|Transaction #3985 was successfully committed
2026-08-12 13:39:45|1561.0|  0.3|INFORM|Transaction #3986 was successfully committed
2026-08-12 13:39:45|1561.4|  0.4|INFORM|Transaction #3987 was successfully committed
2026-08-12 13:39:46|1561.8|  0.4|INFORM|Transaction #3988 was successfully committed
2026-08-12 13:39:46|1562.0|  0.2|INFORM|Transaction #3989 was successfully committed
2026-08-12 13:39:46|1562.5|  0.5|INFORM|Transaction #3990 was successfully committed
2026-08-12 13:39:47|1562.7|  0.2|INFORM|Transaction #3991 was successfully committed
2026-08-12 13:39:47|1563.1|  0.4|INFORM|Transaction #3992 was successfully committed
2026-08-12 13:39:47|1563.5|  0.4|INFORM|Transaction #3993 was successfully committed
2026-08-12 13:39:48|1563.8|  0.3|INFORM|Transaction #3994 was successfully committed
2026-08-12 13:39:48|1564.1|  0.3|INFORM|Transaction #3995 was successfully committed
2026-08-12 13:39:48|1564.5|  0.4|INFORM|Transaction #3996 was successfully committed
2026-08-12 13:39:49|1564.6|  0.1|INFORM|MULTI_WRITER writer: 58,710 of 75,220 features written
2026-08-12 13:39:49|1564.8|  0.2|INFORM|Transaction #3997 was successfully committed
2026-08-12 13:39:49|1565.1|  0.3|INFORM|Transaction #3998 was successfully committed
2026-08-12 13:39:49|1565.5|  0.4|INFORM|Transaction #3999 was successfully committed
2026-08-12 13:39:50|1565.8|  0.3|INFORM|Transaction #4000 was successfully committed
2026-08-12 13:39:50|1566.1|  0.3|INFORM|Transaction #4001 was successfully committed
2026-08-12 13:39:50|1566.5|  0.4|INFORM|Transaction #4002 was successfully committed
2026-08-12 13:39:51|1566.8|  0.3|INFORM|Transaction #4003 was successfully committed
2026-08-12 13:39:51|1567.2|  0.4|INFORM|Transaction #4004 was successfully committed
2026-08-12 13:39:51|1567.5|  0.3|INFORM|Transaction #4005 was successfully committed
2026-08-12 13:39:52|1567.8|  0.3|INFORM|Transaction #4006 was successfully committed
2026-08-12 13:39:52|1568.2|  0.4|INFORM|Transaction #4007 was successfully committed
2026-08-12 13:39:53|1568.5|  0.3|INFORM|Transaction #4008 was successfully committed
2026-08-12 13:39:53|1568.9|  0.4|INFORM|Transaction #4009 was successfully committed
2026-08-12 13:39:53|1569.2|  0.3|INFORM|Transaction #4010 was successfully committed
2026-08-12 13:39:54|1569.5|  0.3|INFORM|Transaction #4011 was successfully committed
2026-08-12 13:39:54|1569.6|  0.1|INFORM|MULTI_WRITER writer: 73,474 of 75,220 features written
2026-08-12 13:39:54|1569.9|  0.3|INFORM|Transaction #4012 was successfully committed
2026-08-12 13:39:54|1570.2|  0.3|INFORM|MULTI_WRITER writer: 75,220 of 75,220 features written
2026-08-12 13:39:55|1570.8|  0.6|INFORM|FFS writer: Writing 47562 feature(s) to file 'C:\Users\ASHTON~1.EAV\AppData\Local\Temp\wb-cache-LUS_PostProcessing_V01_ACE_25062-pwVrLI\Main_FeatureMerger -1 9 fo 0 MERGED  0  3bb0bff46fb22b1870d2b0394c88e7443c1c5b53_41.fts'
2026-08-12 13:39:55|1570.8|  0.0|INFORM|Spatial Index: Adding 47562 features
2026-08-12 13:39:55|1570.8|  0.0|INFORM|FFS writer: Writing 5508 feature(s) to file 'C:\Users\ASHTON~1.EAV\AppData\Local\Temp\wb-cache-LUS_PostProcessing_V01_ACE_25062-pwVrLI\Main_AttributeManager -1 38 fo 0 OUTPUT  0  71ef952938b38eff2ab0aa29d9504d1788ebbaa7_60.fts'
2026-08-12 13:39:55|1570.8|  0.0|INFORM|Spatial Index: Adding 5508 features
2026-08-12 13:39:55|1570.9|  0.1|INFORM|MULTI_WRITER writer: Splitting bulk features into individual features
2026-08-12 13:39:55|1570.9|  0.0|INFORM|Transaction #4013 was successfully committed
2026-08-12 13:39:55|1571.2|  0.3|INFORM|Transaction #4014 was successfully committed
2026-08-12 13:39:56|1571.6|  0.4|INFORM|Transaction #4015 was successfully committed
2026-08-12 13:39:56|1571.9|  0.3|INFORM|Transaction #4016 was successfully committed
2026-08-12 13:39:56|1572.2|  0.3|INFORM|Transaction #4017 was successfully committed
2026-08-12 13:39:57|1572.6|  0.4|INFORM|Transaction #4018 was successfully committed
2026-08-12 13:39:57|1572.8|  0.2|INFORM|FFS writer: Writing 42054 feature(s) to file 'C:\Users\ASHTON~1.EAV\AppData\Local\Temp\wb-cache-LUS_PostProcessing_V01_ACE_25062-pwVrLI\Main_AttributeManager -1 38 fo 0 OUTPUT  0  71ef952938b38eff2ab0aa29d9504d1788ebbaa7_61.fts'
2026-08-12 13:39:57|1572.9|  0.1|INFORM|Spatial Index: Adding 42054 features
2026-08-12 13:39:57|1572.9|  0.0|INFORM|MULTI_WRITER writer: Splitting bulk features into individual features
2026-08-12 13:39:57|1573.1|  0.2|INFORM|Transaction #4019 was successfully committed
2026-08-12 13:39:58|1573.5|  0.4|INFORM|Transaction #4020 was successfully committed
2026-08-12 13:39:58|1573.8|  0.3|INFORM|Transaction #4021 was successfully committed
2026-08-12 13:39:58|1574.1|  0.3|INFORM|Transaction #4022 was successfully committed
2026-08-12 13:39:59|1574.4|  0.3|INFORM|Transaction #4023 was successfully committed
2026-08-12 13:39:59|1574.9|  0.5|INFORM|Transaction #4024 was successfully committed
2026-08-12 13:39:59|1575.2|  0.3|INFORM|Transaction #4025 was successfully committed
2026-08-12 13:40:00|1575.5|  0.3|INFORM|Transaction #4026 was successfully committed
2026-08-12 13:40:00|1575.9|  0.4|INFORM|Transaction #4027 was successfully committed
2026-08-12 13:40:00|1576.2|  0.3|INFORM|Transaction #4028 was successfully committed
2026-08-12 13:40:01|1576.5|  0.3|INFORM|Transaction #4029 was successfully committed
2026-08-12 13:40:01|1576.9|  0.4|INFORM|Transaction #4030 was successfully committed
2026-08-12 13:40:01|1577.3|  0.4|INFORM|Transaction #4031 was successfully committed
2026-08-12 13:40:02|1577.6|  0.3|INFORM|Transaction #4032 was successfully committed
2026-08-12 13:40:02|1577.9|  0.3|INFORM|Transaction #4033 was successfully committed
2026-08-12 13:40:02|1577.9|  0.0|INFORM|MULTI_WRITER writer: 14,579 of 42,054 features written
2026-08-12 13:40:02|1578.2|  0.3|INFORM|Transaction #4034 was successfully committed
2026-08-12 13:40:03|1578.6|  0.4|INFORM|Transaction #4035 was successfully committed
2026-08-12 13:40:03|1579.0|  0.4|INFORM|Transaction #4036 was successfully committed
2026-08-12 13:40:03|1579.3|  0.3|INFORM|Transaction #4037 was successfully committed
2026-08-12 13:40:04|1579.6|  0.3|INFORM|Transaction #4038 was successfully committed
2026-08-12 13:40:04|1579.9|  0.3|INFORM|Transaction #4039 was successfully committed
2026-08-12 13:40:04|1580.3|  0.4|INFORM|Transaction #4040 was successfully committed
2026-08-12 13:40:05|1580.6|  0.3|INFORM|Transaction #4041 was successfully committed
2026-08-12 13:40:05|1581.0|  0.4|INFORM|Transaction #4042 was successfully committed
2026-08-12 13:40:05|1581.4|  0.4|INFORM|Transaction #4043 was successfully committed
2026-08-12 13:40:06|1581.7|  0.3|INFORM|Transaction #4044 was successfully committed
2026-08-12 13:40:06|1582.0|  0.3|INFORM|Transaction #4045 was successfully committed
2026-08-12 13:40:06|1582.4|  0.4|INFORM|Transaction #4046 was successfully committed
2026-08-12 13:40:07|1582.7|  0.3|INFORM|Transaction #4047 was successfully committed
2026-08-12 13:40:07|1582.9|  0.2|INFORM|MULTI_WRITER writer: 29,303 of 42,054 features written
2026-08-12 13:40:07|1583.1|  0.2|INFORM|Transaction #4048 was successfully committed
2026-08-12 13:40:07|1583.4|  0.3|INFORM|Transaction #4049 was successfully committed
2026-08-12 13:40:08|1583.7|  0.3|INFORM|Transaction #4050 was successfully committed
2026-08-12 13:40:08|1584.1|  0.4|INFORM|Transaction #4051 was successfully committed
2026-08-12 13:40:08|1584.4|  0.3|INFORM|Transaction #4052 was successfully committed
2026-08-12 13:40:09|1584.8|  0.4|INFORM|Transaction #4053 was successfully committed
2026-08-12 13:40:09|1585.1|  0.3|INFORM|Transaction #4054 was successfully committed
2026-08-12 13:40:09|1585.4|  0.3|INFORM|Transaction #4055 was successfully committed
2026-08-12 13:40:10|1585.8|  0.4|INFORM|Transaction #4056 was successfully committed
2026-08-12 13:40:10|1586.1|  0.3|INFORM|Transaction #4057 was successfully committed
2026-08-12 13:40:10|1586.4|  0.3|INFORM|Transaction #4058 was successfully committed
2026-08-12 13:40:11|1586.7|  0.3|INFORM|Transaction #4059 was successfully committed
2026-08-12 13:40:11|1587.1|  0.4|INFORM|Transaction #4060 was successfully committed
2026-08-12 13:40:11|1587.2|  0.1|INFORM|MULTI_WRITER writer: 42,054 of 42,054 features written
2026-08-12 13:40:12|1587.4|  0.2|INFORM|FFS writer: Writing 9534 feature(s) to file 'C:\Users\ASHTON~1.EAV\AppData\Local\Temp\wb-cache-LUS_PostProcessing_V01_ACE_25062-pwVrLI\Main_FeatureMerger -1 9 fo 0 MERGED  0  3bb0bff46fb22b1870d2b0394c88e7443c1c5b53_42.fts'
2026-08-12 13:40:12|1587.4|  0.0|INFORM|Spatial Index: Adding 9534 features
2026-08-12 13:40:12|1587.4|  0.0|INFORM|FFS writer: Writing 6027 feature(s) to file 'C:\Users\ASHTON~1.EAV\AppData\Local\Temp\wb-cache-LUS_PostProcessing_V01_ACE_25062-pwVrLI\Main_AttributeManager -1 38 fo 0 OUTPUT  0  71ef952938b38eff2ab0aa29d9504d1788ebbaa7_62.fts'
2026-08-12 13:40:12|1587.5|  0.1|INFORM|Spatial Index: Adding 6027 features
2026-08-12 13:40:12|1587.5|  0.0|INFORM|MULTI_WRITER writer: Splitting bulk features into individual features
2026-08-12 13:40:12|1587.7|  0.2|INFORM|Transaction #4061 was successfully committed
2026-08-12 13:40:12|1588.1|  0.4|INFORM|Transaction #4062 was successfully committed
2026-08-12 13:40:13|1588.4|  0.3|INFORM|Transaction #4063 was successfully committed
2026-08-12 13:40:13|1588.8|  0.4|INFORM|Transaction #4064 was successfully committed
2026-08-12 13:40:13|1589.1|  0.3|INFORM|Transaction #4065 was successfully committed
2026-08-12 13:40:14|1589.5|  0.4|INFORM|Transaction #4066 was successfully committed
2026-08-12 13:40:14|1589.7|  0.2|INFORM|FFS writer: Writing 3507 feature(s) to file 'C:\Users\ASHTON~1.EAV\AppData\Local\Temp\wb-cache-LUS_PostProcessing_V01_ACE_25062-pwVrLI\Main_AttributeManager -1 38 fo 0 OUTPUT  0  71ef952938b38eff2ab0aa29d9504d1788ebbaa7_63.fts'
2026-08-12 13:40:14|1589.7|  0.0|INFORM|Spatial Index: Adding 3507 features
2026-08-12 13:40:14|1589.7|  0.0|INFORM|MULTI_WRITER writer: Splitting bulk features into individual features
2026-08-12 13:40:14|1589.9|  0.2|INFORM|Transaction #4067 was successfully committed
2026-08-12 13:40:14|1590.2|  0.3|INFORM|Transaction #4068 was successfully committed
2026-08-12 13:40:15|1590.6|  0.4|INFORM|Transaction #4069 was successfully committed
2026-08-12 13:40:15|1590.9|  0.3|INFORM|Transaction #4070 was successfully committed
2026-08-12 13:40:15|1591.2|  0.3|INFORM|FFS writer: Writing 46360 feature(s) to file 'C:\Users\ASHTON~1.EAV\AppData\Local\Temp\wb-cache-LUS_PostProcessing_V01_ACE_25062-pwVrLI\Main_FeatureMerger -1 9 fo 0 MERGED  0  3bb0bff46fb22b1870d2b0394c88e7443c1c5b53_43.fts'
2026-08-12 13:40:15|1591.4|  0.2|INFORM|Spatial Index: Adding 46360 features
2026-08-12 13:40:16|1591.4|  0.0|INFORM|AttributeManager_OUTPUT Feature Recorder -1 2147614758 (RecorderFactory): Splitting bulk features into individual features
2026-08-12 13:40:16|1591.8|  0.4|INFORM|Transaction #4071 was successfully committed
2026-08-12 13:40:16|1592.1|  0.3|INFORM|FFS writer: Writing 45149 feature(s) to file 'C:\Users\ASHTON~1.EAV\AppData\Local\Temp\wb-cache-LUS_PostProcessing_V01_ACE_25062-pwVrLI\Main_AttributeManager -1 38 fo 0 OUTPUT  0  71ef952938b38eff2ab0aa29d9504d1788ebbaa7_64.fts'
2026-08-12 13:40:16|1592.1|  0.0|INFORM|Spatial Index: Adding 45149 features
2026-08-12 13:40:16|1592.1|  0.0|INFORM|MULTI_WRITER writer: Splitting bulk features into individual features
2026-08-12 13:40:17|1592.4|  0.3|INFORM|Transaction #4072 was successfully committed
2026-08-12 13:40:17|1592.8|  0.4|INFORM|Transaction #4073 was successfully committed
2026-08-12 13:40:17|1593.2|  0.4|INFORM|Transaction #4074 was successfully committed
2026-08-12 13:40:18|1593.5|  0.3|INFORM|Transaction #4075 was successfully committed
2026-08-12 13:40:18|1593.8|  0.3|INFORM|Transaction #4076 was successfully committed
2026-08-12 13:40:18|1594.2|  0.4|INFORM|Transaction #4077 was successfully committed
2026-08-12 13:40:19|1594.5|  0.3|INFORM|Transaction #4078 was successfully committed
2026-08-12 13:40:19|1594.9|  0.4|INFORM|Transaction #4079 was successfully committed
2026-08-12 13:40:19|1595.3|  0.4|INFORM|Transaction #4080 was successfully committed
2026-08-12 13:40:20|1595.6|  0.3|INFORM|Transaction #4081 was successfully committed
2026-08-12 13:40:20|1595.9|  0.3|INFORM|Transaction #4082 was successfully committed
2026-08-12 13:40:21|1596.3|  0.4|INFORM|Transaction #4083 was successfully committed
2026-08-12 13:40:21|1596.7|  0.4|INFORM|Transaction #4084 was successfully committed
2026-08-12 13:40:21|1597.0|  0.3|INFORM|Transaction #4085 was successfully committed
2026-08-12 13:40:21|1597.2|  0.2|INFORM|MULTI_WRITER writer: 13,984 of 45,149 features written
2026-08-12 13:40:22|1597.4|  0.2|INFORM|Transaction #4086 was successfully committed
2026-08-12 13:40:22|1597.7|  0.3|INFORM|Transaction #4087 was successfully committed
2026-08-12 13:40:22|1598.1|  0.4|INFORM|Transaction #4088 was successfully committed
2026-08-12 13:40:23|1598.5|  0.4|INFORM|Transaction #4089 was successfully committed
2026-08-12 13:40:23|1598.8|  0.3|INFORM|Transaction #4090 was successfully committed
2026-08-12 13:40:23|1599.2|  0.4|INFORM|Transaction #4091 was successfully committed
2026-08-12 13:40:24|1599.5|  0.3|INFORM|Transaction #4092 was successfully committed
2026-08-12 13:40:24|1599.9|  0.4|INFORM|Transaction #4093 was successfully committed
2026-08-12 13:40:24|1600.2|  0.3|INFORM|Transaction #4094 was successfully committed
2026-08-12 13:40:25|1600.7|  0.5|INFORM|Transaction #4095 was successfully committed
2026-08-12 13:40:25|1601.0|  0.3|INFORM|Transaction #4096 was successfully committed
2026-08-12 13:40:25|1601.3|  0.3|INFORM|Transaction #4097 was successfully committed
2026-08-12 13:40:26|1601.7|  0.4|INFORM|Transaction #4098 was successfully committed
2026-08-12 13:40:26|1602.0|  0.3|INFORM|Transaction #4099 was successfully committed
2026-08-12 13:40:26|1602.1|  0.1|INFORM|MULTI_WRITER writer: 28,022 of 45,149 features written
2026-08-12 13:40:27|1602.4|  0.3|INFORM|Transaction #4100 was successfully committed
2026-08-12 13:40:27|1602.7|  0.3|INFORM|Transaction #4101 was successfully committed
2026-08-12 13:40:27|1603.1|  0.4|INFORM|Transaction #4102 was successfully committed
2026-08-12 13:40:28|1603.5|  0.4|INFORM|Transaction #4103 was successfully committed
2026-08-12 13:40:28|1603.8|  0.3|INFORM|Transaction #4104 was successfully committed
2026-08-12 13:40:28|1604.2|  0.4|INFORM|Transaction #4105 was successfully committed
2026-08-12 13:40:29|1604.5|  0.3|INFORM|Transaction #4106 was successfully committed
2026-08-12 13:40:29|1604.9|  0.4|INFORM|Transaction #4107 was successfully committed
2026-08-12 13:40:29|1605.2|  0.3|INFORM|Transaction #4108 was successfully committed
2026-08-12 13:40:30|1605.6|  0.4|INFORM|Transaction #4109 was successfully committed
2026-08-12 13:40:30|1606.0|  0.4|INFORM|Transaction #4110 was successfully committed
2026-08-12 13:40:30|1606.4|  0.4|INFORM|Transaction #4111 was successfully committed
2026-08-12 13:40:31|1606.7|  0.3|INFORM|Transaction #4112 was successfully committed
2026-08-12 13:40:31|1607.1|  0.4|INFORM|Transaction #4113 was successfully committed
2026-08-12 13:40:31|1607.2|  0.1|INFORM|MULTI_WRITER writer: 42,110 of 45,149 features written
2026-08-12 13:40:32|1607.4|  0.2|INFORM|Transaction #4114 was successfully committed
2026-08-12 13:40:32|1607.7|  0.3|INFORM|Transaction #4115 was successfully committed
2026-08-12 13:40:32|1608.1|  0.4|INFORM|Transaction #4116 was successfully committed
2026-08-12 13:40:32|1608.2|  0.1|INFORM|MULTI_WRITER writer: 45,149 of 45,149 features written
2026-08-12 13:40:33|1608.8|  0.6|INFORM|FFS writer: Writing 68166 feature(s) to file 'C:\Users\ASHTON~1.EAV\AppData\Local\Temp\wb-cache-LUS_PostProcessing_V01_ACE_25062-pwVrLI\Main_FeatureMerger -1 9 fo 0 MERGED  0  3bb0bff46fb22b1870d2b0394c88e7443c1c5b53_44.fts'
2026-08-12 13:40:33|1609.0|  0.2|INFORM|Spatial Index: Adding 68166 features
2026-08-12 13:40:33|1609.0|  0.0|INFORM|AttributeManager_OUTPUT Feature Recorder -1 2147614758 (RecorderFactory): Splitting bulk features into individual features
2026-08-12 13:40:33|1609.3|  0.3|INFORM|Transaction #4117 was successfully committed
2026-08-12 13:40:34|1609.8|  0.5|INFORM|FFS writer: Writing 66646 feature(s) to file 'C:\Users\ASHTON~1.EAV\AppData\Local\Temp\wb-cache-LUS_PostProcessing_V01_ACE_25062-pwVrLI\Main_AttributeManager -1 38 fo 0 OUTPUT  0  71ef952938b38eff2ab0aa29d9504d1788ebbaa7_65.fts'
2026-08-12 13:40:34|1609.9|  0.1|INFORM|Spatial Index: Adding 66646 features
2026-08-12 13:40:34|1609.9|  0.0|INFORM|MULTI_WRITER writer: Splitting bulk features into individual features
2026-08-12 13:40:34|1610.0|  0.1|INFORM|Transaction #4118 was successfully committed
2026-08-12 13:40:35|1610.4|  0.4|INFORM|Transaction #4119 was successfully committed
2026-08-12 13:40:35|1610.7|  0.3|INFORM|Transaction #4120 was successfully committed
2026-08-12 13:40:35|1611.1|  0.4|INFORM|Transaction #4121 was successfully committed
2026-08-12 13:40:36|1611.4|  0.3|INFORM|Transaction #4122 was successfully committed
2026-08-12 13:40:36|1611.8|  0.4|INFORM|Transaction #4123 was successfully committed
2026-08-12 13:40:36|1612.2|  0.4|INFORM|Transaction #4124 was successfully committed
2026-08-12 13:40:37|1612.5|  0.3|INFORM|Transaction #4125 was successfully committed
2026-08-12 13:40:37|1612.9|  0.4|INFORM|Transaction #4126 was successfully committed
2026-08-12 13:40:37|1613.2|  0.3|INFORM|Transaction #4127 was successfully committed
2026-08-12 13:40:38|1613.6|  0.4|INFORM|Transaction #4128 was successfully committed
2026-08-12 13:40:38|1614.0|  0.4|INFORM|Transaction #4129 was successfully committed
2026-08-12 13:40:38|1614.3|  0.3|INFORM|Transaction #4130 was successfully committed
2026-08-12 13:40:39|1614.7|  0.4|INFORM|Transaction #4131 was successfully committed
2026-08-12 13:40:39|1614.9|  0.2|INFORM|MULTI_WRITER writer: 13,983 of 66,646 features written
2026-08-12 13:40:39|1615.0|  0.1|INFORM|Transaction #4132 was successfully committed
2026-08-12 13:40:40|1615.4|  0.4|INFORM|Transaction #4133 was successfully committed
2026-08-12 13:40:40|1615.8|  0.4|INFORM|Transaction #4134 was successfully committed
2026-08-12 13:40:40|1616.1|  0.3|INFORM|Transaction #4135 was successfully committed
2026-08-12 13:40:41|1616.4|  0.3|INFORM|Transaction #4136 was successfully committed
2026-08-12 13:40:41|1616.8|  0.4|INFORM|Transaction #4137 was successfully committed
2026-08-12 13:40:41|1617.1|  0.3|INFORM|Transaction #4138 was successfully committed
2026-08-12 13:40:42|1617.5|  0.4|INFORM|Transaction #4139 was successfully committed
2026-08-12 13:40:42|1617.9|  0.4|INFORM|Transaction #4140 was successfully committed
2026-08-12 13:40:42|1618.2|  0.3|INFORM|Transaction #4141 was successfully committed
2026-08-12 13:40:43|1618.5|  0.3|INFORM|Transaction #4142 was successfully committed
2026-08-12 13:40:43|1618.9|  0.4|INFORM|Transaction #4143 was successfully committed
2026-08-12 13:40:43|1619.3|  0.4|INFORM|Transaction #4144 was successfully committed
2026-08-12 13:40:44|1619.7|  0.4|INFORM|Transaction #4145 was successfully committed
2026-08-12 13:40:44|1620.0|  0.3|INFORM|MULTI_WRITER writer: 27,987 of 66,646 features written
2026-08-12 13:40:44|1620.0|  0.0|INFORM|Transaction #4146 was successfully committed
2026-08-12 13:40:45|1620.4|  0.4|INFORM|Transaction #4147 was successfully committed
2026-08-12 13:40:45|1620.7|  0.3|INFORM|Transaction #4148 was successfully committed
2026-08-12 13:40:45|1621.1|  0.4|INFORM|Transaction #4149 was successfully committed
2026-08-12 13:40:46|1621.4|  0.3|INFORM|Transaction #4150 was successfully committed
2026-08-12 13:40:46|1621.7|  0.3|INFORM|Transaction #4151 was successfully committed
2026-08-12 13:40:46|1622.1|  0.4|INFORM|Transaction #4152 was successfully committed
2026-08-12 13:40:47|1622.4|  0.3|INFORM|Transaction #4153 was successfully committed
2026-08-12 13:40:47|1622.7|  0.3|INFORM|Transaction #4154 was successfully committed
2026-08-12 13:40:47|1623.2|  0.5|INFORM|Transaction #4155 was successfully committed
2026-08-12 13:40:48|1623.5|  0.3|INFORM|Transaction #4156 was successfully committed
2026-08-12 13:40:48|1623.9|  0.4|INFORM|Transaction #4157 was successfully committed
2026-08-12 13:40:48|1624.2|  0.3|INFORM|Transaction #4158 was successfully committed
2026-08-12 13:40:49|1624.6|  0.4|INFORM|Transaction #4159 was successfully committed
2026-08-12 13:40:49|1624.9|  0.3|INFORM|MULTI_WRITER writer: 42,028 of 66,646 features written
2026-08-12 13:40:49|1624.9|  0.0|INFORM|Transaction #4160 was successfully committed
2026-08-12 13:40:49|1625.3|  0.4|INFORM|Transaction #4161 was successfully committed
2026-08-12 13:40:50|1625.6|  0.3|INFORM|Transaction #4162 was successfully committed
2026-08-12 13:40:50|1626.0|  0.4|INFORM|Transaction #4163 was successfully committed
2026-08-12 13:40:51|1626.3|  0.3|INFORM|Transaction #4164 was successfully committed
2026-08-12 13:40:51|1626.7|  0.4|INFORM|Transaction #4165 was successfully committed
2026-08-12 13:40:51|1627.0|  0.3|INFORM|Transaction #4166 was successfully committed
2026-08-12 13:40:52|1627.4|  0.4|INFORM|Transaction #4167 was successfully committed
2026-08-12 13:40:52|1627.7|  0.3|INFORM|Transaction #4168 was successfully committed
2026-08-12 13:40:52|1628.1|  0.4|INFORM|Transaction #4169 was successfully committed
2026-08-12 13:40:53|1628.5|  0.4|INFORM|Transaction #4170 was successfully committed
2026-08-12 13:40:53|1628.9|  0.4|INFORM|Transaction #4171 was successfully committed
2026-08-12 13:40:53|1629.2|  0.3|INFORM|Transaction #4172 was successfully committed
2026-08-12 13:40:54|1629.6|  0.4|INFORM|Transaction #4173 was successfully committed
2026-08-12 13:40:54|1629.9|  0.3|INFORM|MULTI_WRITER writer: 56,037 of 66,646 features written
2026-08-12 13:40:54|1629.9|  0.0|INFORM|Transaction #4174 was successfully committed
2026-08-12 13:40:54|1630.3|  0.4|INFORM|Transaction #4175 was successfully committed
2026-08-12 13:40:55|1630.6|  0.3|INFORM|Transaction #4176 was successfully committed
2026-08-12 13:40:55|1631.0|  0.4|INFORM|Transaction #4177 was successfully committed
2026-08-12 13:40:56|1631.4|  0.4|INFORM|Transaction #4178 was successfully committed
2026-08-12 13:40:56|1631.7|  0.3|INFORM|Transaction #4179 was successfully committed
2026-08-12 13:40:56|1632.1|  0.4|INFORM|Transaction #4180 was successfully committed
2026-08-12 13:40:57|1632.4|  0.3|INFORM|Transaction #4181 was successfully committed
2026-08-12 13:40:57|1632.8|  0.4|INFORM|Transaction #4182 was successfully committed
2026-08-12 13:40:57|1633.1|  0.3|INFORM|Transaction #4183 was successfully committed
2026-08-12 13:40:58|1633.5|  0.4|INFORM|Transaction #4184 was successfully committed
2026-08-12 13:40:58|1633.6|  0.1|INFORM|MULTI_WRITER writer: 66,646 of 66,646 features written
2026-08-12 13:40:59|1634.3|  0.7|INFORM|FFS writer: Writing 58924 feature(s) to file 'C:\Users\ASHTON~1.EAV\AppData\Local\Temp\wb-cache-LUS_PostProcessing_V01_ACE_25062-pwVrLI\Main_FeatureMerger -1 9 fo 0 MERGED  0  3bb0bff46fb22b1870d2b0394c88e7443c1c5b53_45.fts'
2026-08-12 13:40:59|1634.4|  0.1|INFORM|Spatial Index: Adding 58924 features
2026-08-12 13:40:59|1634.4|  0.0|INFORM|AttributeManager_OUTPUT Feature Recorder -1 2147614758 (RecorderFactory): Splitting bulk features into individual features
2026-08-12 13:40:59|1634.7|  0.3|INFORM|FFS writer: Writing 58715 feature(s) to file 'C:\Users\ASHTON~1.EAV\AppData\Local\Temp\wb-cache-LUS_PostProcessing_V01_ACE_25062-pwVrLI\Main_AttributeManager -1 38 fo 0 OUTPUT  0  71ef952938b38eff2ab0aa29d9504d1788ebbaa7_66.fts'
2026-08-12 13:40:59|1634.7|  0.0|INFORM|Spatial Index: Adding 58715 features
2026-08-12 13:40:59|1634.7|  0.0|INFORM|MULTI_WRITER writer: Splitting bulk features into individual features
2026-08-12 13:40:59|1634.9|  0.2|INFORM|Transaction #4185 was successfully committed
2026-08-12 13:40:59|1635.3|  0.4|INFORM|Transaction #4186 was successfully committed
2026-08-12 13:41:00|1635.6|  0.3|INFORM|Transaction #4187 was successfully committed
2026-08-12 13:41:00|1636.0|  0.4|INFORM|Transaction #4188 was successfully committed
2026-08-12 13:41:01|1636.3|  0.3|INFORM|Transaction #4189 was successfully committed
2026-08-12 13:41:01|1636.7|  0.4|INFORM|Transaction #4190 was successfully committed
2026-08-12 13:41:01|1637.0|  0.3|INFORM|Transaction #4191 was successfully committed
2026-08-12 13:41:02|1637.4|  0.4|INFORM|Transaction #4192 was successfully committed
2026-08-12 13:41:02|1637.8|  0.4|INFORM|Transaction #4193 was successfully committed
2026-08-12 13:41:02|1638.1|  0.3|INFORM|Transaction #4194 was successfully committed
2026-08-12 13:41:03|1638.4|  0.3|INFORM|Transaction #4195 was successfully committed
2026-08-12 13:41:03|1638.9|  0.5|INFORM|Transaction #4196 was successfully committed
2026-08-12 13:41:03|1639.2|  0.3|INFORM|Transaction #4197 was successfully committed
2026-08-12 13:41:04|1639.6|  0.4|INFORM|Transaction #4198 was successfully committed
2026-08-12 13:41:04|1639.8|  0.2|INFORM|MULTI_WRITER writer: 13,934 of 58,715 features written
2026-08-12 13:41:04|1639.9|  0.1|INFORM|Transaction #4199 was successfully committed
2026-08-12 13:41:05|1640.2|  0.3|INFORM|Transaction #4200 was successfully committed
2026-08-12 13:41:05|1640.6|  0.4|INFORM|Transaction #4201 was successfully committed
2026-08-12 13:41:05|1640.9|  0.3|INFORM|Transaction #4202 was successfully committed
2026-08-12 13:41:06|1641.3|  0.4|INFORM|Transaction #4203 was successfully committed
2026-08-12 13:41:06|1641.7|  0.4|INFORM|Transaction #4204 was successfully committed
2026-08-12 13:41:06|1642.1|  0.4|INFORM|Transaction #4205 was successfully committed
2026-08-12 13:41:07|1642.4|  0.3|INFORM|Transaction #4206 was successfully committed
2026-08-12 13:41:07|1642.8|  0.4|INFORM|Transaction #4207 was successfully committed
2026-08-12 13:41:07|1643.1|  0.3|INFORM|Transaction #4208 was successfully committed
2026-08-12 13:41:08|1643.4|  0.3|INFORM|Transaction #4209 was successfully committed
2026-08-12 13:41:08|1643.9|  0.5|INFORM|Transaction #4210 was successfully committed
2026-08-12 13:41:08|1644.2|  0.3|INFORM|Transaction #4211 was successfully committed
2026-08-12 13:41:09|1644.6|  0.4|INFORM|Transaction #4212 was successfully committed
2026-08-12 13:41:09|1644.8|  0.2|INFORM|MULTI_WRITER writer: 27,948 of 58,715 features written
2026-08-12 13:41:09|1644.9|  0.1|INFORM|Transaction #4213 was successfully committed
2026-08-12 13:41:10|1645.3|  0.4|INFORM|Transaction #4214 was successfully committed
2026-08-12 13:41:10|1645.6|  0.3|INFORM|Transaction #4215 was successfully committed
2026-08-12 13:41:10|1646.0|  0.4|INFORM|Transaction #4216 was successfully committed
2026-08-12 13:41:11|1646.3|  0.3|INFORM|Transaction #4217 was successfully committed
2026-08-12 13:41:11|1646.7|  0.4|INFORM|Transaction #4218 was successfully committed
2026-08-12 13:41:11|1647.0|  0.3|INFORM|Transaction #4219 was successfully committed
2026-08-12 13:41:12|1647.4|  0.4|INFORM|Transaction #4220 was successfully committed
2026-08-12 13:41:12|1647.7|  0.3|INFORM|Transaction #4221 was successfully committed
2026-08-12 13:41:12|1648.1|  0.4|INFORM|Transaction #4222 was successfully committed
2026-08-12 13:41:13|1648.5|  0.4|INFORM|Transaction #4223 was successfully committed
2026-08-12 13:41:13|1648.9|  0.4|INFORM|Transaction #4224 was successfully committed
2026-08-12 13:41:13|1649.2|  0.3|INFORM|Transaction #4225 was successfully committed
2026-08-12 13:41:14|1649.6|  0.4|INFORM|Transaction #4226 was successfully committed
2026-08-12 13:41:14|1649.8|  0.2|INFORM|MULTI_WRITER writer: 41,897 of 58,715 features written
2026-08-12 13:41:14|1649.9|  0.1|INFORM|Transaction #4227 was successfully committed
2026-08-12 13:41:15|1650.3|  0.4|INFORM|Transaction #4228 was successfully committed
2026-08-12 13:41:15|1650.6|  0.3|INFORM|Transaction #4229 was successfully committed
2026-08-12 13:41:15|1651.0|  0.4|INFORM|Transaction #4230 was successfully committed
2026-08-12 13:41:16|1651.4|  0.4|INFORM|Transaction #4231 was successfully committed
2026-08-12 13:41:16|1651.7|  0.3|INFORM|Transaction #4232 was successfully committed
2026-08-12 13:41:16|1652.1|  0.4|INFORM|Transaction #4233 was successfully committed
2026-08-12 13:41:17|1652.4|  0.3|INFORM|Transaction #4234 was successfully committed
2026-08-12 13:41:17|1652.7|  0.3|INFORM|Transaction #4235 was successfully committed
2026-08-12 13:41:17|1653.2|  0.5|INFORM|Transaction #4236 was successfully committed
2026-08-12 13:41:18|1653.5|  0.3|INFORM|Transaction #4237 was successfully committed
2026-08-12 13:41:18|1653.8|  0.3|INFORM|Transaction #4238 was successfully committed
2026-08-12 13:41:18|1654.2|  0.4|INFORM|Transaction #4239 was successfully committed
2026-08-12 13:41:19|1654.5|  0.3|INFORM|Transaction #4240 was successfully committed
2026-08-12 13:41:19|1654.8|  0.3|INFORM|MULTI_WRITER writer: 55,898 of 58,715 features written
2026-08-12 13:41:19|1654.9|  0.1|INFORM|Transaction #4241 was successfully committed
2026-08-12 13:41:20|1655.2|  0.3|INFORM|Transaction #4242 was successfully committed
2026-08-12 13:41:20|1655.6|  0.4|INFORM|Transaction #4243 was successfully committed
2026-08-12 13:41:20|1655.8|  0.2|INFORM|MULTI_WRITER writer: 58,715 of 58,715 features written
2026-08-12 13:41:20|1656.1|  0.3|INFORM|FFS writer: Writing 10895 feature(s) to file 'C:\Users\ASHTON~1.EAV\AppData\Local\Temp\wb-cache-LUS_PostProcessing_V01_ACE_25062-pwVrLI\Main_FeatureMerger -1 9 fo 0 MERGED  0  3bb0bff46fb22b1870d2b0394c88e7443c1c5b53_46.fts'
2026-08-12 13:41:20|1656.1|  0.0|INFORM|Spatial Index: Adding 10895 features
2026-08-12 13:41:20|1656.1|  0.0|INFORM|FFS writer: Writing 3137 feature(s) to file 'C:\Users\ASHTON~1.EAV\AppData\Local\Temp\wb-cache-LUS_PostProcessing_V01_ACE_25062-pwVrLI\Main_AttributeManager -1 38 fo 0 OUTPUT  0  71ef952938b38eff2ab0aa29d9504d1788ebbaa7_67.fts'
2026-08-12 13:41:20|1656.1|  0.0|INFORM|Spatial Index: Adding 3137 features
2026-08-12 13:41:20|1656.1|  0.0|INFORM|MULTI_WRITER writer: Splitting bulk features into individual features
2026-08-12 13:41:21|1656.3|  0.2|INFORM|Transaction #4244 was successfully committed
2026-08-12 13:41:21|1656.6|  0.3|INFORM|Transaction #4245 was successfully committed
2026-08-12 13:41:21|1657.0|  0.4|INFORM|Transaction #4246 was successfully committed
2026-08-12 13:41:22|1657.3|  0.3|INFORM|FFS writer: Writing 7758 feature(s) to file 'C:\Users\ASHTON~1.EAV\AppData\Local\Temp\wb-cache-LUS_PostProcessing_V01_ACE_25062-pwVrLI\Main_AttributeManager -1 38 fo 0 OUTPUT  0  71ef952938b38eff2ab0aa29d9504d1788ebbaa7_68.fts'
2026-08-12 13:41:22|1657.3|  0.0|INFORM|Spatial Index: Adding 7758 features
2026-08-12 13:41:22|1657.3|  0.0|INFORM|MULTI_WRITER writer: Splitting bulk features into individual features
2026-08-12 13:41:22|1657.5|  0.2|INFORM|Transaction #4247 was successfully committed
2026-08-12 13:41:22|1657.8|  0.3|INFORM|Transaction #4248 was successfully committed
2026-08-12 13:41:22|1658.2|  0.4|INFORM|Transaction #4249 was successfully committed
2026-08-12 13:41:23|1658.6|  0.4|INFORM|Transaction #4250 was successfully committed
2026-08-12 13:41:23|1658.9|  0.3|INFORM|Transaction #4251 was successfully committed
2026-08-12 13:41:24|1659.2|  0.3|INFORM|Transaction #4252 was successfully committed
2026-08-12 13:41:24|1659.5|  0.3|INFORM|Transaction #4253 was successfully committed
2026-08-12 13:41:24|1660.0|  0.5|INFORM|Transaction #4254 was successfully committed
2026-08-12 13:41:25|1660.6|  0.6|INFORM|FFS writer: Writing 76480 feature(s) to file 'C:\Users\ASHTON~1.EAV\AppData\Local\Temp\wb-cache-LUS_PostProcessing_V01_ACE_25062-pwVrLI\Main_FeatureMerger -1 9 fo 0 MERGED  0  3bb0bff46fb22b1870d2b0394c88e7443c1c5b53_47.fts'
2026-08-12 13:41:25|1660.7|  0.1|INFORM|Spatial Index: Adding 76480 features
2026-08-12 13:41:25|1660.7|  0.0|INFORM|AttributeManager_OUTPUT Feature Recorder -1 2147614758 (RecorderFactory): Splitting bulk features into individual features
2026-08-12 13:41:25|1661.0|  0.3|INFORM|Transaction #4255 was successfully committed
2026-08-12 13:41:26|1661.4|  0.4|INFORM|FFS writer: Writing 75566 feature(s) to file 'C:\Users\ASHTON~1.EAV\AppData\Local\Temp\wb-cache-LUS_PostProcessing_V01_ACE_25062-pwVrLI\Main_AttributeManager -1 38 fo 0 OUTPUT  0  71ef952938b38eff2ab0aa29d9504d1788ebbaa7_69.fts'
2026-08-12 13:41:26|1661.5|  0.1|INFORM|Spatial Index: Adding 75566 features
2026-08-12 13:41:26|1661.5|  0.0|INFORM|MULTI_WRITER writer: Splitting bulk features into individual features
2026-08-12 13:41:26|1661.8|  0.3|INFORM|Transaction #4256 was successfully committed
2026-08-12 13:41:26|1662.1|  0.3|INFORM|Transaction #4257 was successfully committed
2026-08-12 13:41:27|1662.5|  0.4|INFORM|Transaction #4258 was successfully committed
2026-08-12 13:41:27|1662.9|  0.4|INFORM|Transaction #4259 was successfully committed
2026-08-12 13:41:28|1663.2|  0.3|INFORM|Transaction #4260 was successfully committed
2026-08-12 13:41:28|1663.6|  0.4|INFORM|Transaction #4261 was successfully committed
2026-08-12 13:41:28|1663.9|  0.3|INFORM|Transaction #4262 was successfully committed
2026-08-12 13:41:29|1664.3|  0.4|INFORM|Transaction #4263 was successfully committed
2026-08-12 13:41:29|1664.6|  0.3|INFORM|Transaction #4264 was successfully committed
2026-08-12 13:41:29|1665.0|  0.4|INFORM|Transaction #4265 was successfully committed
2026-08-12 13:41:30|1665.3|  0.3|INFORM|Transaction #4266 was successfully committed
2026-08-12 13:41:30|1665.7|  0.4|INFORM|Transaction #4267 was successfully committed
2026-08-12 13:41:30|1666.1|  0.4|INFORM|Transaction #4268 was successfully committed
2026-08-12 13:41:31|1666.4|  0.3|INFORM|Transaction #4269 was successfully committed
2026-08-12 13:41:31|1666.5|  0.1|INFORM|MULTI_WRITER writer: 14,018 of 75,566 features written
2026-08-12 13:41:31|1666.7|  0.2|INFORM|Transaction #4270 was successfully committed
2026-08-12 13:41:31|1667.2|  0.5|INFORM|Transaction #4271 was successfully committed
2026-08-12 13:41:32|1667.5|  0.3|INFORM|Transaction #4272 was successfully committed
2026-08-12 13:41:32|1667.9|  0.4|INFORM|Transaction #4273 was successfully committed
2026-08-12 13:41:33|1668.2|  0.3|INFORM|Transaction #4274 was successfully committed
2026-08-12 13:41:33|1668.5|  0.3|INFORM|Transaction #4275 was successfully committed
2026-08-12 13:41:33|1668.9|  0.4|INFORM|Transaction #4276 was successfully committed
2026-08-12 13:41:34|1669.3|  0.4|INFORM|Transaction #4277 was successfully committed
2026-08-12 13:41:34|1669.7|  0.4|INFORM|Transaction #4278 was successfully committed
2026-08-12 13:41:34|1670.0|  0.3|INFORM|Transaction #4279 was successfully committed
2026-08-12 13:41:35|1670.3|  0.3|INFORM|Transaction #4280 was successfully committed
2026-08-12 13:41:35|1670.7|  0.4|INFORM|Transaction #4281 was successfully committed
2026-08-12 13:41:35|1671.0|  0.3|INFORM|Transaction #4282 was successfully committed
2026-08-12 13:41:36|1671.4|  0.4|INFORM|Transaction #4283 was successfully committed
2026-08-12 13:41:36|1671.5|  0.1|INFORM|MULTI_WRITER writer: 28,049 of 75,566 features written
2026-08-12 13:41:36|1671.8|  0.3|INFORM|Transaction #4284 was successfully committed
2026-08-12 13:41:36|1672.2|  0.4|INFORM|Transaction #4285 was successfully committed
2026-08-12 13:41:37|1672.5|  0.3|INFORM|Transaction #4286 was successfully committed
2026-08-12 13:41:37|1672.8|  0.3|INFORM|Transaction #4287 was successfully committed
2026-08-12 13:41:37|1673.2|  0.4|INFORM|Transaction #4288 was successfully committed
2026-08-12 13:41:38|1673.5|  0.3|INFORM|Transaction #4289 was successfully committed
2026-08-12 13:41:38|1673.9|  0.4|INFORM|Transaction #4290 was successfully committed
2026-08-12 13:41:39|1674.3|  0.4|INFORM|Transaction #4291 was successfully committed
2026-08-12 13:41:39|1674.6|  0.3|INFORM|Transaction #4292 was successfully committed
2026-08-12 13:41:39|1675.0|  0.4|INFORM|Transaction #4293 was successfully committed
2026-08-12 13:41:40|1675.3|  0.3|INFORM|Transaction #4294 was successfully committed
2026-08-12 13:41:40|1675.7|  0.4|INFORM|Transaction #4295 was successfully committed
2026-08-12 13:41:40|1676.1|  0.4|INFORM|Transaction #4296 was successfully committed
2026-08-12 13:41:41|1676.4|  0.3|INFORM|Transaction #4297 was successfully committed
2026-08-12 13:41:41|1676.5|  0.1|INFORM|MULTI_WRITER writer: 42,105 of 75,566 features written
2026-08-12 13:41:41|1676.8|  0.3|INFORM|Transaction #4298 was successfully committed
2026-08-12 13:41:41|1677.1|  0.3|INFORM|Transaction #4299 was successfully committed
2026-08-12 13:41:42|1677.4|  0.3|INFORM|Transaction #4300 was successfully committed
2026-08-12 13:41:42|1677.8|  0.4|INFORM|Transaction #4301 was successfully committed
2026-08-12 13:41:42|1678.1|  0.3|INFORM|Transaction #4302 was successfully committed
2026-08-12 13:41:43|1678.5|  0.4|INFORM|Transaction #4303 was successfully committed
2026-08-12 13:41:43|1678.8|  0.3|INFORM|Transaction #4304 was successfully committed
2026-08-12 13:41:44|1679.3|  0.5|INFORM|Transaction #4305 was successfully committed
2026-08-12 13:41:44|1679.6|  0.3|INFORM|Transaction #4306 was successfully committed
2026-08-12 13:41:44|1679.9|  0.3|INFORM|Transaction #4307 was successfully committed
2026-08-12 13:41:45|1680.3|  0.4|INFORM|Transaction #4308 was successfully committed
2026-08-12 13:41:45|1680.6|  0.3|INFORM|Transaction #4309 was successfully committed
2026-08-12 13:41:45|1680.9|  0.3|INFORM|Transaction #4310 was successfully committed
2026-08-12 13:41:46|1681.3|  0.4|INFORM|Transaction #4311 was successfully committed
2026-08-12 13:41:46|1681.5|  0.2|INFORM|MULTI_WRITER writer: 56,210 of 75,566 features written
2026-08-12 13:41:46|1681.7|  0.2|INFORM|Transaction #4312 was successfully committed
2026-08-12 13:41:46|1682.0|  0.3|INFORM|Transaction #4313 was successfully committed
2026-08-12 13:41:47|1682.4|  0.4|INFORM|Transaction #4314 was successfully committed
2026-08-12 13:41:47|1682.8|  0.4|INFORM|Transaction #4315 was successfully committed
2026-08-12 13:41:47|1683.1|  0.3|INFORM|Transaction #4316 was successfully committed
2026-08-12 13:41:48|1683.5|  0.4|INFORM|Transaction #4317 was successfully committed
2026-08-12 13:41:48|1683.8|  0.3|INFORM|Transaction #4318 was successfully committed
2026-08-12 13:41:48|1684.1|  0.3|INFORM|Transaction #4319 was successfully committed
2026-08-12 13:41:49|1684.5|  0.4|INFORM|Transaction #4320 was successfully committed
2026-08-12 13:41:49|1684.9|  0.4|INFORM|Transaction #4321 was successfully committed
2026-08-12 13:41:50|1685.3|  0.4|INFORM|Transaction #4322 was successfully committed
2026-08-12 13:41:50|1685.6|  0.3|INFORM|Transaction #4323 was successfully committed
2026-08-12 13:41:50|1686.0|  0.4|INFORM|Transaction #4324 was successfully committed
2026-08-12 13:41:51|1686.3|  0.3|INFORM|Transaction #4325 was successfully committed
2026-08-12 13:41:51|1686.5|  0.2|INFORM|MULTI_WRITER writer: 70,301 of 75,566 features written
2026-08-12 13:41:51|1686.7|  0.2|INFORM|Transaction #4326 was successfully committed
2026-08-12 13:41:51|1687.0|  0.3|INFORM|Transaction #4327 was successfully committed
2026-08-12 13:41:52|1687.4|  0.4|INFORM|Transaction #4328 was successfully committed
2026-08-12 13:41:52|1687.7|  0.3|INFORM|Transaction #4329 was successfully committed
2026-08-12 13:41:52|1688.1|  0.4|INFORM|Transaction #4330 was successfully committed
2026-08-12 13:41:53|1688.3|  0.2|INFORM|MULTI_WRITER writer: 75,566 of 75,566 features written
2026-08-12 13:41:54|1689.3|  1.0|INFORM|FFS writer: Writing 100000 feature(s) to file 'C:\Users\ASHTON~1.EAV\AppData\Local\Temp\wb-cache-LUS_PostProcessing_V01_ACE_25062-pwVrLI\Main_FeatureMerger -1 9 fo 0 MERGED  0  3bb0bff46fb22b1870d2b0394c88e7443c1c5b53_48.fts'
2026-08-12 13:41:54|1689.4|  0.1|INFORM|Spatial Index: Adding 100000 features
2026-08-12 13:41:54|1689.5|  0.1|INFORM|AttributeManager_OUTPUT Feature Recorder -1 2147614758 (RecorderFactory): Splitting bulk features into individual features
2026-08-12 13:41:54|1689.6|  0.1|INFORM|Transaction #4331 was successfully committed
2026-08-12 13:41:54|1689.9|  0.3|INFORM|FFS writer: Writing 99588 feature(s) to file 'C:\Users\ASHTON~1.EAV\AppData\Local\Temp\wb-cache-LUS_PostProcessing_V01_ACE_25062-pwVrLI\Main_AttributeManager -1 38 fo 0 OUTPUT  0  71ef952938b38eff2ab0aa29d9504d1788ebbaa7_70.fts'
2026-08-12 13:41:54|1690.0|  0.1|INFORM|Spatial Index: Adding 99588 features
2026-08-12 13:41:54|1690.2|  0.2|INFORM|MULTI_WRITER writer: Splitting bulk features into individual features
2026-08-12 13:41:55|1690.4|  0.2|INFORM|Transaction #4332 was successfully committed
2026-08-12 13:41:55|1690.8|  0.4|INFORM|Transaction #4333 was successfully committed
2026-08-12 13:41:55|1691.1|  0.3|INFORM|Transaction #4334 was successfully committed
2026-08-12 13:41:56|1691.5|  0.4|INFORM|Transaction #4335 was successfully committed
2026-08-12 13:41:56|1691.8|  0.3|INFORM|Transaction #4336 was successfully committed
2026-08-12 13:41:57|1692.1|  0.3|INFORM|Transaction #4337 was successfully committed
2026-08-12 13:41:57|1692.5|  0.4|INFORM|Transaction #4338 was successfully committed
2026-08-12 13:41:57|1692.9|  0.4|INFORM|Transaction #4339 was successfully committed
2026-08-12 13:41:58|1693.2|  0.3|INFORM|Transaction #4340 was successfully committed
2026-08-12 13:41:58|1693.5|  0.3|INFORM|Transaction #4341 was successfully committed
2026-08-12 13:41:58|1694.0|  0.5|INFORM|Transaction #4342 was successfully committed
2026-08-12 13:41:59|1694.3|  0.3|INFORM|Transaction #4343 was successfully committed
2026-08-12 13:41:59|1694.6|  0.3|INFORM|Transaction #4344 was successfully committed
2026-08-12 13:41:59|1695.0|  0.4|INFORM|Transaction #4345 was successfully committed
2026-08-12 13:41:59|1695.1|  0.1|INFORM|MULTI_WRITER writer: 14,170 of 99,588 features written
2026-08-12 13:42:00|1695.4|  0.3|INFORM|Transaction #4346 was successfully committed
2026-08-12 13:42:00|1695.7|  0.3|INFORM|Transaction #4347 was successfully committed
2026-08-12 13:42:00|1696.1|  0.4|INFORM|Transaction #4348 was successfully committed
2026-08-12 13:42:01|1696.4|  0.3|INFORM|Transaction #4349 was successfully committed
2026-08-12 13:42:01|1696.7|  0.3|INFORM|Transaction #4350 was successfully committed
2026-08-12 13:42:01|1697.1|  0.4|INFORM|Transaction #4351 was successfully committed
2026-08-12 13:42:02|1697.4|  0.3|INFORM|Transaction #4352 was successfully committed
2026-08-12 13:42:02|1697.8|  0.4|INFORM|Transaction #4353 was successfully committed
2026-08-12 13:42:03|1698.1|  0.3|INFORM|Transaction #4354 was successfully committed
2026-08-12 13:42:03|1698.5|  0.4|INFORM|Transaction #4355 was successfully committed
2026-08-12 13:42:03|1698.8|  0.3|INFORM|Transaction #4356 was successfully committed
2026-08-12 13:42:04|1699.2|  0.4|INFORM|Transaction #4357 was successfully committed
2026-08-12 13:42:04|1699.6|  0.4|INFORM|Transaction #4358 was successfully committed
2026-08-12 13:42:04|1699.9|  0.3|INFORM|Transaction #4359 was successfully committed
2026-08-12 13:42:04|1700.1|  0.2|INFORM|MULTI_WRITER writer: 28,327 of 99,588 features written
2026-08-12 13:42:05|1700.3|  0.2|INFORM|Transaction #4360 was successfully committed
2026-08-12 13:42:05|1700.6|  0.3|INFORM|Transaction #4361 was successfully committed
2026-08-12 13:42:05|1701.0|  0.4|INFORM|Transaction #4362 was successfully committed
2026-08-12 13:42:06|1701.3|  0.3|INFORM|Transaction #4363 was successfully committed
2026-08-12 13:42:06|1701.7|  0.4|INFORM|Transaction #4364 was successfully committed
2026-08-12 13:42:06|1702.0|  0.3|INFORM|Transaction #4365 was successfully committed
2026-08-12 13:42:07|1702.3|  0.3|INFORM|Transaction #4366 was successfully committed
2026-08-12 13:42:07|1702.7|  0.4|INFORM|Transaction #4367 was successfully committed
2026-08-12 13:42:07|1703.1|  0.4|INFORM|Transaction #4368 was successfully committed
2026-08-12 13:42:08|1703.5|  0.4|INFORM|Transaction #4369 was successfully committed
2026-08-12 13:42:08|1703.8|  0.3|INFORM|Transaction #4370 was successfully committed
2026-08-12 13:42:09|1704.2|  0.4|INFORM|Transaction #4371 was successfully committed
2026-08-12 13:42:09|1704.5|  0.3|INFORM|Transaction #4372 was successfully committed
2026-08-12 13:42:09|1704.9|  0.4|INFORM|Transaction #4373 was successfully committed
2026-08-12 13:42:09|1705.1|  0.2|INFORM|MULTI_WRITER writer: 42,457 of 99,588 features written
2026-08-12 13:42:10|1705.2|  0.1|INFORM|Transaction #4374 was successfully committed
2026-08-12 13:42:10|1705.6|  0.4|INFORM|Transaction #4375 was successfully committed
2026-08-12 13:42:10|1706.0|  0.4|INFORM|Transaction #4376 was successfully committed
2026-08-12 13:42:11|1706.3|  0.3|INFORM|Transaction #4377 was successfully committed
2026-08-12 13:42:11|1706.6|  0.3|INFORM|Transaction #4378 was successfully committed
2026-08-12 13:42:11|1707.0|  0.4|INFORM|Transaction #4379 was successfully committed
2026-08-12 13:42:12|1707.4|  0.4|INFORM|Transaction #4380 was successfully committed
2026-08-12 13:42:12|1707.7|  0.3|INFORM|Transaction #4381 was successfully committed
2026-08-12 13:42:12|1708.0|  0.3|INFORM|Transaction #4382 was successfully committed
2026-08-12 13:42:13|1708.5|  0.5|INFORM|Transaction #4383 was successfully committed
2026-08-12 13:42:13|1708.8|  0.3|INFORM|Transaction #4384 was successfully committed
2026-08-12 13:42:13|1709.2|  0.4|INFORM|Transaction #4385 was successfully committed
2026-08-12 13:42:14|1709.5|  0.3|INFORM|Transaction #4386 was successfully committed
2026-08-12 13:42:14|1709.9|  0.4|INFORM|Transaction #4387 was successfully committed
2026-08-12 13:42:14|1710.1|  0.2|INFORM|MULTI_WRITER writer: 56,558 of 99,588 features written
2026-08-12 13:42:15|1710.2|  0.1|INFORM|Transaction #4388 was successfully committed
2026-08-12 13:42:15|1710.5|  0.3|INFORM|Transaction #4389 was successfully committed
2026-08-12 13:42:15|1710.9|  0.4|INFORM|Transaction #4390 was successfully committed
2026-08-12 13:42:16|1711.3|  0.4|INFORM|Transaction #4391 was successfully committed
2026-08-12 13:42:16|1711.6|  0.3|INFORM|Transaction #4392 was successfully committed
2026-08-12 13:42:16|1712.0|  0.4|INFORM|Transaction #4393 was successfully committed
2026-08-12 13:42:17|1712.3|  0.3|INFORM|Transaction #4394 was successfully committed
2026-08-12 13:42:17|1712.7|  0.4|INFORM|Transaction #4395 was successfully committed
2026-08-12 13:42:17|1713.0|  0.3|INFORM|Transaction #4396 was successfully committed
2026-08-12 13:42:18|1713.4|  0.4|INFORM|Transaction #4397 was successfully committed
2026-08-12 13:42:18|1713.7|  0.3|INFORM|Transaction #4398 was successfully committed
2026-08-12 13:42:18|1714.0|  0.3|INFORM|Transaction #4399 was successfully committed
2026-08-12 13:42:19|1714.5|  0.5|INFORM|Transaction #4400 was successfully committed
2026-08-12 13:42:19|1714.8|  0.3|INFORM|Transaction #4401 was successfully committed
2026-08-12 13:42:19|1715.2|  0.4|INFORM|MULTI_WRITER writer: 70,642 of 99,588 features written
2026-08-12 13:42:20|1715.2|  0.0|INFORM|Transaction #4402 was successfully committed
2026-08-12 13:42:20|1715.5|  0.3|INFORM|Transaction #4403 was successfully committed
2026-08-12 13:42:20|1715.9|  0.4|INFORM|Transaction #4404 was successfully committed
2026-08-12 13:42:21|1716.2|  0.3|INFORM|Transaction #4405 was successfully committed
2026-08-12 13:42:21|1716.6|  0.4|INFORM|Transaction #4406 was successfully committed
2026-08-12 13:42:21|1716.9|  0.3|INFORM|Transaction #4407 was successfully committed
2026-08-12 13:42:22|1717.2|  0.3|INFORM|Transaction #4408 was successfully committed
2026-08-12 13:42:22|1717.6|  0.4|INFORM|Transaction #4409 was successfully committed
2026-08-12 13:42:22|1718.0|  0.4|INFORM|Transaction #4410 was successfully committed
2026-08-12 13:42:23|1718.4|  0.4|INFORM|Transaction #4411 was successfully committed
2026-08-12 13:42:23|1718.7|  0.3|INFORM|Transaction #4412 was successfully committed
2026-08-12 13:42:23|1719.1|  0.4|INFORM|Transaction #4413 was successfully committed
2026-08-12 13:42:24|1719.4|  0.3|INFORM|Transaction #4414 was successfully committed
2026-08-12 13:42:24|1719.7|  0.3|INFORM|Transaction #4415 was successfully committed
2026-08-12 13:42:24|1720.2|  0.5|INFORM|Transaction #4416 was successfully committed
2026-08-12 13:42:24|1720.2|  0.0|INFORM|MULTI_WRITER writer: 84,761 of 99,588 features written
2026-08-12 13:42:25|1720.5|  0.3|INFORM|Transaction #4417 was successfully committed
2026-08-12 13:42:25|1720.8|  0.3|INFORM|Transaction #4418 was successfully committed
2026-08-12 13:42:26|1721.2|  0.4|INFORM|Transaction #4419 was successfully committed
2026-08-12 13:42:26|1721.5|  0.3|INFORM|Transaction #4420 was successfully committed
2026-08-12 13:42:26|1721.8|  0.3|INFORM|Transaction #4421 was successfully committed
2026-08-12 13:42:27|1722.2|  0.4|INFORM|Transaction #4422 was successfully committed
2026-08-12 13:42:27|1722.5|  0.3|INFORM|Transaction #4423 was successfully committed
2026-08-12 13:42:27|1722.9|  0.4|INFORM|Transaction #4424 was successfully committed
2026-08-12 13:42:28|1723.3|  0.4|INFORM|Transaction #4425 was successfully committed
2026-08-12 13:42:28|1723.7|  0.4|INFORM|Transaction #4426 was successfully committed
2026-08-12 13:42:28|1724.0|  0.3|INFORM|Transaction #4427 was successfully committed
2026-08-12 13:42:29|1724.4|  0.4|INFORM|Transaction #4428 was successfully committed
2026-08-12 13:42:29|1724.7|  0.3|INFORM|Transaction #4429 was successfully committed
2026-08-12 13:42:29|1725.1|  0.4|INFORM|Transaction #4430 was successfully committed
2026-08-12 13:42:29|1725.1|  0.0|INFORM|MULTI_WRITER writer: 98,943 of 99,588 features written
2026-08-12 13:42:30|1725.3|  0.2|INFORM|MULTI_WRITER writer: 99,588 of 99,588 features written
2026-08-12 13:42:31|1726.3|  1.0|INFORM|FFS writer: Writing 100000 feature(s) to file 'C:\Users\ASHTON~1.EAV\AppData\Local\Temp\wb-cache-LUS_PostProcessing_V01_ACE_25062-pwVrLI\Main_FeatureMerger -1 9 fo 0 MERGED  0  3bb0bff46fb22b1870d2b0394c88e7443c1c5b53_49.fts'
2026-08-12 13:42:31|1726.5|  0.2|INFORM|Spatial Index: Adding 100000 features
2026-08-12 13:42:31|1726.5|  0.0|INFORM|AttributeManager_OUTPUT Feature Recorder -1 2147614758 (RecorderFactory): Splitting bulk features into individual features
2026-08-12 13:42:31|1726.8|  0.3|INFORM|FFS writer: Writing 99999 feature(s) to file 'C:\Users\ASHTON~1.EAV\AppData\Local\Temp\wb-cache-LUS_PostProcessing_V01_ACE_25062-pwVrLI\Main_AttributeManager -1 38 fo 0 OUTPUT  0  71ef952938b38eff2ab0aa29d9504d1788ebbaa7_71.fts'
2026-08-12 13:42:31|1726.9|  0.1|INFORM|Spatial Index: Adding 99999 features
2026-08-12 13:42:31|1727.0|  0.1|INFORM|MULTI_WRITER writer: Splitting bulk features into individual features
2026-08-12 13:42:31|1727.0|  0.0|INFORM|Transaction #4431 was successfully committed
2026-08-12 13:42:32|1727.4|  0.4|INFORM|Transaction #4432 was successfully committed
2026-08-12 13:42:32|1727.7|  0.3|INFORM|Transaction #4433 was successfully committed
2026-08-12 13:42:32|1728.0|  0.3|INFORM|Transaction #4434 was successfully committed
2026-08-12 13:42:33|1728.5|  0.5|INFORM|Transaction #4435 was successfully committed
2026-08-12 13:42:33|1728.8|  0.3|INFORM|Transaction #4436 was successfully committed
2026-08-12 13:42:34|1729.1|  0.3|INFORM|Transaction #4437 was successfully committed
2026-08-12 13:42:34|1729.5|  0.4|INFORM|Transaction #4438 was successfully committed
2026-08-12 13:42:34|1729.8|  0.3|INFORM|Transaction #4439 was successfully committed
2026-08-12 13:42:35|1730.1|  0.3|INFORM|Transaction #4440 was successfully committed
2026-08-12 13:42:35|1730.5|  0.4|INFORM|Transaction #4441 was successfully committed
2026-08-12 13:42:35|1730.8|  0.3|INFORM|Transaction #4442 was successfully committed
2026-08-12 13:42:36|1731.2|  0.4|INFORM|Transaction #4443 was successfully committed
2026-08-12 13:42:36|1731.5|  0.3|INFORM|Transaction #4444 was successfully committed
2026-08-12 13:42:36|1731.8|  0.3|INFORM|Transaction #4445 was successfully committed
2026-08-12 13:42:36|1732.0|  0.2|INFORM|MULTI_WRITER writer: 14,688 of 99,999 features written
2026-08-12 13:42:37|1732.1|  0.1|INFORM|Transaction #4446 was successfully committed
2026-08-12 13:42:37|1732.5|  0.4|INFORM|Transaction #4447 was successfully committed
2026-08-12 13:42:37|1732.9|  0.4|INFORM|Transaction #4448 was successfully committed
2026-08-12 13:42:38|1733.2|  0.3|INFORM|Transaction #4449 was successfully committed
2026-08-12 13:42:38|1733.5|  0.3|INFORM|Transaction #4450 was successfully committed
2026-08-12 13:42:38|1733.9|  0.4|INFORM|Transaction #4451 was successfully committed
2026-08-12 13:42:39|1734.3|  0.4|INFORM|Transaction #4452 was successfully committed
2026-08-12 13:42:39|1734.6|  0.3|INFORM|Transaction #4453 was successfully committed
2026-08-12 13:42:39|1734.9|  0.3|INFORM|Transaction #4454 was successfully committed
2026-08-12 13:42:40|1735.2|  0.3|INFORM|Transaction #4455 was successfully committed
2026-08-12 13:42:40|1735.5|  0.3|INFORM|Transaction #4456 was successfully committed
2026-08-12 13:42:40|1735.9|  0.4|INFORM|Transaction #4457 was successfully committed
2026-08-12 13:42:41|1736.3|  0.4|INFORM|Transaction #4458 was successfully committed
2026-08-12 13:42:41|1736.6|  0.3|INFORM|Transaction #4459 was successfully committed
2026-08-12 13:42:41|1737.0|  0.4|INFORM|Transaction #4460 was successfully committed
2026-08-12 13:42:41|1737.0|  0.0|INFORM|MULTI_WRITER writer: 29,407 of 99,999 features written
2026-08-12 13:42:42|1737.2|  0.2|INFORM|Transaction #4461 was successfully committed
2026-08-12 13:42:42|1737.6|  0.4|INFORM|Transaction #4462 was successfully committed
2026-08-12 13:42:42|1737.9|  0.3|INFORM|Transaction #4463 was successfully committed
2026-08-12 13:42:43|1738.3|  0.4|INFORM|Transaction #4464 was successfully committed
2026-08-12 13:42:43|1738.6|  0.3|INFORM|Transaction #4465 was successfully committed
2026-08-12 13:42:43|1738.9|  0.3|INFORM|Transaction #4466 was successfully committed
2026-08-12 13:42:44|1739.3|  0.4|INFORM|Transaction #4467 was successfully committed
2026-08-12 13:42:44|1739.7|  0.4|INFORM|Transaction #4468 was successfully committed
2026-08-12 13:42:44|1740.0|  0.3|INFORM|Transaction #4469 was successfully committed
2026-08-12 13:42:45|1740.3|  0.3|INFORM|Transaction #4470 was successfully committed
2026-08-12 13:42:45|1740.7|  0.4|INFORM|Transaction #4471 was successfully committed
2026-08-12 13:42:45|1741.0|  0.3|INFORM|Transaction #4472 was successfully committed
2026-08-12 13:42:46|1741.3|  0.3|INFORM|Transaction #4473 was successfully committed
2026-08-12 13:42:46|1741.7|  0.4|INFORM|Transaction #4474 was successfully committed
2026-08-12 13:42:46|1742.0|  0.3|INFORM|MULTI_WRITER writer: 44,164 of 99,999 features written
2026-08-12 13:42:46|1742.0|  0.0|INFORM|Transaction #4475 was successfully committed
2026-08-12 13:42:47|1742.3|  0.3|INFORM|Transaction #4476 was successfully committed
2026-08-12 13:42:47|1742.7|  0.4|INFORM|Transaction #4477 was successfully committed
2026-08-12 13:42:47|1743.0|  0.3|INFORM|Transaction #4478 was successfully committed
2026-08-12 13:42:48|1743.3|  0.3|INFORM|Transaction #4479 was successfully committed
2026-08-12 13:42:48|1743.7|  0.4|INFORM|Transaction #4480 was successfully committed
2026-08-12 13:42:48|1744.0|  0.3|INFORM|Transaction #4481 was successfully committed
2026-08-12 13:42:49|1744.4|  0.4|INFORM|Transaction #4482 was successfully committed
2026-08-12 13:42:49|1744.7|  0.3|INFORM|Transaction #4483 was successfully committed
2026-08-12 13:42:49|1745.1|  0.4|INFORM|Transaction #4484 was successfully committed
2026-08-12 13:42:50|1745.4|  0.3|INFORM|Transaction #4485 was successfully committed
2026-08-12 13:42:50|1745.7|  0.3|INFORM|Transaction #4486 was successfully committed
2026-08-12 13:42:50|1746.1|  0.4|INFORM|Transaction #4487 was successfully committed
2026-08-12 13:42:51|1746.4|  0.3|INFORM|Transaction #4488 was successfully committed
2026-08-12 13:42:51|1746.7|  0.3|INFORM|Transaction #4489 was successfully committed
2026-08-12 13:42:51|1747.0|  0.3|INFORM|MULTI_WRITER writer: 58,864 of 99,999 features written
2026-08-12 13:42:52|1747.2|  0.2|INFORM|Transaction #4490 was successfully committed
2026-08-12 13:42:52|1747.5|  0.3|INFORM|Transaction #4491 was successfully committed
2026-08-12 13:42:52|1747.8|  0.3|INFORM|Transaction #4492 was successfully committed
2026-08-12 13:42:53|1748.2|  0.4|INFORM|Transaction #4493 was successfully committed
2026-08-12 13:42:53|1748.4|  0.2|INFORM|Transaction #4494 was successfully committed
2026-08-12 13:42:53|1748.8|  0.4|INFORM|Transaction #4495 was successfully committed
2026-08-12 13:42:54|1749.1|  0.3|INFORM|Transaction #4496 was successfully committed
2026-08-12 13:42:54|1749.4|  0.3|INFORM|Transaction #4497 was successfully committed
2026-08-12 13:42:54|1749.8|  0.4|INFORM|Transaction #4498 was successfully committed
2026-08-12 13:42:55|1750.1|  0.3|INFORM|Transaction #4499 was successfully committed
2026-08-12 13:42:55|1750.5|  0.4|INFORM|Transaction #4500 was successfully committed
2026-08-12 13:42:55|1750.8|  0.3|INFORM|Transaction #4501 was successfully committed
2026-08-12 13:42:56|1751.1|  0.3|INFORM|Transaction #4502 was successfully committed
2026-08-12 13:42:56|1751.5|  0.4|INFORM|Transaction #4503 was successfully committed
2026-08-12 13:42:56|1751.9|  0.4|INFORM|Transaction #4504 was successfully committed
2026-08-12 13:42:56|1752.0|  0.1|INFORM|MULTI_WRITER writer: 73,503 of 99,999 features written
2026-08-12 13:42:57|1752.2|  0.2|INFORM|Transaction #4505 was successfully committed
2026-08-12 13:42:57|1752.5|  0.3|INFORM|Transaction #4506 was successfully committed
2026-08-12 13:42:57|1752.9|  0.4|INFORM|Transaction #4507 was successfully committed
2026-08-12 13:42:58|1753.2|  0.3|INFORM|Transaction #4508 was successfully committed
2026-08-12 13:42:58|1753.6|  0.4|INFORM|Transaction #4509 was successfully committed
2026-08-12 13:42:58|1753.9|  0.3|INFORM|Transaction #4510 was successfully committed
2026-08-12 13:42:59|1754.3|  0.4|INFORM|Transaction #4511 was successfully committed
2026-08-12 13:42:59|1754.6|  0.3|INFORM|Transaction #4512 was successfully committed
2026-08-12 13:42:59|1754.9|  0.3|INFORM|Transaction #4513 was successfully committed
2026-08-12 13:43:00|1755.3|  0.4|INFORM|Transaction #4514 was successfully committed
2026-08-12 13:43:00|1755.6|  0.3|INFORM|Transaction #4515 was successfully committed
2026-08-12 13:43:00|1756.0|  0.4|INFORM|Transaction #4516 was successfully committed
2026-08-12 13:43:01|1756.3|  0.3|INFORM|Transaction #4517 was successfully committed
2026-08-12 13:43:01|1756.7|  0.4|INFORM|Transaction #4518 was successfully committed
2026-08-12 13:43:01|1757.0|  0.3|INFORM|Transaction #4519 was successfully committed
2026-08-12 13:43:01|1757.0|  0.0|INFORM|MULTI_WRITER writer: 88,172 of 99,999 features written
2026-08-12 13:43:02|1757.3|  0.3|INFORM|Transaction #4520 was successfully committed
2026-08-12 13:43:02|1757.7|  0.4|INFORM|Transaction #4521 was successfully committed
2026-08-12 13:43:02|1758.0|  0.3|INFORM|Transaction #4522 was successfully committed
2026-08-12 13:43:03|1758.3|  0.3|INFORM|Transaction #4523 was successfully committed
2026-08-12 13:43:03|1758.7|  0.4|INFORM|Transaction #4524 was successfully committed
2026-08-12 13:43:03|1759.0|  0.3|INFORM|Transaction #4525 was successfully committed
2026-08-12 13:43:04|1759.4|  0.4|INFORM|Transaction #4526 was successfully committed
2026-08-12 13:43:04|1759.7|  0.3|INFORM|Transaction #4527 was successfully committed
2026-08-12 13:43:04|1760.0|  0.3|INFORM|Transaction #4528 was successfully committed
2026-08-12 13:43:05|1760.3|  0.3|INFORM|Transaction #4529 was successfully committed
2026-08-12 13:43:05|1760.7|  0.4|INFORM|Transaction #4530 was successfully committed
2026-08-12 13:43:05|1761.0|  0.3|INFORM|MULTI_WRITER writer: 99,999 of 99,999 features written
2026-08-12 13:43:07|1762.1|  1.1|INFORM|FFS writer: Writing 100000 feature(s) to file 'C:\Users\ASHTON~1.EAV\AppData\Local\Temp\wb-cache-LUS_PostProcessing_V01_ACE_25062-pwVrLI\Main_FeatureMerger -1 9 fo 0 MERGED  0  3bb0bff46fb22b1870d2b0394c88e7443c1c5b53_50.fts'
2026-08-12 13:43:07|1762.2|  0.1|INFORM|Spatial Index: Adding 100000 features
2026-08-12 13:43:07|1762.3|  0.1|INFORM|AttributeManager_OUTPUT Feature Recorder -1 2147614758 (RecorderFactory): Splitting bulk features into individual features
2026-08-12 13:43:07|1762.4|  0.1|INFORM|Transaction #4531 was successfully committed
2026-08-12 13:43:07|1762.8|  0.4|INFORM|FFS writer: Writing 99374 feature(s) to file 'C:\Users\ASHTON~1.EAV\AppData\Local\Temp\wb-cache-LUS_PostProcessing_V01_ACE_25062-pwVrLI\Main_AttributeManager -1 38 fo 0 OUTPUT  0  71ef952938b38eff2ab0aa29d9504d1788ebbaa7_72.fts'
2026-08-12 13:43:07|1762.9|  0.1|INFORM|Spatial Index: Adding 99374 features
2026-08-12 13:43:07|1763.0|  0.1|INFORM|MULTI_WRITER writer: Splitting bulk features into individual features
2026-08-12 13:43:08|1763.3|  0.3|INFORM|Transaction #4532 was successfully committed
2026-08-12 13:43:08|1763.6|  0.3|INFORM|Transaction #4533 was successfully committed
2026-08-12 13:43:08|1763.9|  0.3|INFORM|Transaction #4534 was successfully committed
2026-08-12 13:43:09|1764.3|  0.4|INFORM|Transaction #4535 was successfully committed
2026-08-12 13:43:09|1764.6|  0.3|INFORM|Transaction #4536 was successfully committed
2026-08-12 13:43:09|1764.9|  0.3|INFORM|Transaction #4537 was successfully committed
2026-08-12 13:43:10|1765.2|  0.3|INFORM|Transaction #4538 was successfully committed
2026-08-12 13:43:10|1765.6|  0.4|INFORM|Transaction #4539 was successfully committed
2026-08-12 13:43:10|1766.0|  0.4|INFORM|Transaction #4540 was successfully committed
2026-08-12 13:43:11|1766.3|  0.3|INFORM|Transaction #4541 was successfully committed
2026-08-12 13:43:11|1766.6|  0.3|INFORM|Transaction #4542 was successfully committed
2026-08-12 13:43:11|1767.0|  0.4|INFORM|Transaction #4543 was successfully committed
2026-08-12 13:43:12|1767.3|  0.3|INFORM|Transaction #4544 was successfully committed
2026-08-12 13:43:12|1767.7|  0.4|INFORM|Transaction #4545 was successfully committed
2026-08-12 13:43:12|1768.0|  0.3|INFORM|Transaction #4546 was successfully committed
2026-08-12 13:43:12|1768.0|  0.0|INFORM|MULTI_WRITER writer: 14,544 of 99,374 features written
2026-08-12 13:43:13|1768.4|  0.4|INFORM|Transaction #4547 was successfully committed
2026-08-12 13:43:13|1768.7|  0.3|INFORM|Transaction #4548 was successfully committed
2026-08-12 13:43:14|1769.0|  0.3|INFORM|Transaction #4549 was successfully committed
2026-08-12 13:43:14|1769.4|  0.4|INFORM|Transaction #4550 was successfully committed
2026-08-12 13:43:14|1769.7|  0.3|INFORM|Transaction #4551 was successfully committed
2026-08-12 13:43:15|1770.1|  0.4|INFORM|Transaction #4552 was successfully committed
2026-08-12 13:43:15|1770.4|  0.3|INFORM|Transaction #4553 was successfully committed
2026-08-12 13:43:15|1770.8|  0.4|INFORM|Transaction #4554 was successfully committed
2026-08-12 13:43:16|1771.1|  0.3|INFORM|Transaction #4555 was successfully committed
2026-08-12 13:43:16|1771.5|  0.4|INFORM|Transaction #4556 was successfully committed
2026-08-12 13:43:16|1771.9|  0.4|INFORM|Transaction #4557 was successfully committed
2026-08-12 13:43:17|1772.2|  0.3|INFORM|Transaction #4558 was successfully committed
2026-08-12 13:43:17|1772.6|  0.4|INFORM|Transaction #4559 was successfully committed
2026-08-12 13:43:17|1772.9|  0.3|INFORM|Transaction #4560 was successfully committed
2026-08-12 13:43:17|1773.0|  0.1|INFORM|MULTI_WRITER writer: 28,774 of 99,374 features written
2026-08-12 13:43:18|1773.3|  0.3|INFORM|Transaction #4561 was successfully committed
2026-08-12 13:43:18|1773.6|  0.3|INFORM|Transaction #4562 was successfully committed
2026-08-12 13:43:18|1773.9|  0.3|INFORM|Transaction #4563 was successfully committed
2026-08-12 13:43:19|1774.3|  0.4|INFORM|Transaction #4564 was successfully committed
2026-08-12 13:43:19|1774.6|  0.3|INFORM|Transaction #4565 was successfully committed
2026-08-12 13:43:19|1775.0|  0.4|INFORM|Transaction #4566 was successfully committed
2026-08-12 13:43:20|1775.3|  0.3|INFORM|Transaction #4567 was successfully committed
2026-08-12 13:43:20|1775.7|  0.4|INFORM|Transaction #4568 was successfully committed
2026-08-12 13:43:20|1776.0|  0.3|INFORM|Transaction #4569 was successfully committed
2026-08-12 13:43:21|1776.3|  0.3|INFORM|Transaction #4570 was successfully committed
2026-08-12 13:43:21|1776.7|  0.4|INFORM|Transaction #4571 was successfully committed
2026-08-12 13:43:22|1777.0|  0.3|INFORM|Transaction #4572 was successfully committed
2026-08-12 13:43:22|1777.4|  0.4|INFORM|Transaction #4573 was successfully committed
2026-08-12 13:43:22|1777.7|  0.3|INFORM|Transaction #4574 was successfully committed
2026-08-12 13:43:22|1778.0|  0.3|INFORM|MULTI_WRITER writer: 43,414 of 99,374 features written
2026-08-12 13:43:23|1778.0|  0.0|INFORM|Transaction #4575 was successfully committed
2026-08-12 13:43:23|1778.4|  0.4|INFORM|Transaction #4576 was successfully committed
2026-08-12 13:43:23|1778.7|  0.3|INFORM|Transaction #4577 was successfully committed
2026-08-12 13:43:24|1779.1|  0.4|INFORM|Transaction #4578 was successfully committed
2026-08-12 13:43:24|1779.4|  0.3|INFORM|Transaction #4579 was successfully committed
2026-08-12 13:43:24|1779.7|  0.3|INFORM|Transaction #4580 was successfully committed
2026-08-12 13:43:25|1780.2|  0.5|INFORM|Transaction #4581 was successfully committed
2026-08-12 13:43:25|1780.5|  0.3|INFORM|Transaction #4582 was successfully committed
2026-08-12 13:43:25|1780.8|  0.3|INFORM|Transaction #4583 was successfully committed
2026-08-12 13:43:26|1781.2|  0.4|INFORM|Transaction #4584 was successfully committed
2026-08-12 13:43:26|1781.5|  0.3|INFORM|Transaction #4585 was successfully committed
2026-08-12 13:43:26|1781.9|  0.4|INFORM|Transaction #4586 was successfully committed
2026-08-12 13:43:27|1782.2|  0.3|INFORM|Transaction #4587 was successfully committed
2026-08-12 13:43:27|1782.5|  0.3|INFORM|Transaction #4588 was successfully committed
2026-08-12 13:43:27|1782.9|  0.4|INFORM|Transaction #4589 was successfully committed
2026-08-12 13:43:27|1783.0|  0.1|INFORM|MULTI_WRITER writer: 58,059 of 99,374 features written
2026-08-12 13:43:28|1783.2|  0.2|INFORM|Transaction #4590 was successfully committed
2026-08-12 13:43:28|1783.5|  0.3|INFORM|Transaction #4591 was successfully committed
2026-08-12 13:43:28|1783.9|  0.4|INFORM|Transaction #4592 was successfully committed
2026-08-12 13:43:29|1784.2|  0.3|INFORM|Transaction #4593 was successfully committed
2026-08-12 13:43:29|1784.5|  0.3|INFORM|Transaction #4594 was successfully committed
2026-08-12 13:43:29|1784.9|  0.4|INFORM|Transaction #4595 was successfully committed
2026-08-12 13:43:30|1785.2|  0.3|INFORM|Transaction #4596 was successfully committed
2026-08-12 13:43:30|1785.5|  0.3|INFORM|Transaction #4597 was successfully committed
2026-08-12 13:43:30|1785.9|  0.4|INFORM|Transaction #4598 was successfully committed
2026-08-12 13:43:31|1786.2|  0.3|INFORM|Transaction #4599 was successfully committed
2026-08-12 13:43:31|1786.6|  0.4|INFORM|Transaction #4600 was successfully committed
2026-08-12 13:43:31|1786.9|  0.3|INFORM|Transaction #4601 was successfully committed
2026-08-12 13:43:32|1787.2|  0.3|INFORM|Transaction #4602 was successfully committed
2026-08-12 13:43:32|1787.6|  0.4|INFORM|Transaction #4603 was successfully committed
2026-08-12 13:43:32|1787.9|  0.3|INFORM|Transaction #4604 was successfully committed
2026-08-12 13:43:32|1788.0|  0.1|INFORM|MULTI_WRITER writer: 72,720 of 99,374 features written
2026-08-12 13:43:33|1788.2|  0.2|INFORM|Transaction #4605 was successfully committed
2026-08-12 13:43:33|1788.6|  0.4|INFORM|Transaction #4606 was successfully committed
2026-08-12 13:43:33|1789.0|  0.4|INFORM|Transaction #4607 was successfully committed
2026-08-12 13:43:34|1789.3|  0.3|INFORM|Transaction #4608 was successfully committed
2026-08-12 13:43:34|1789.6|  0.3|INFORM|Transaction #4609 was successfully committed
2026-08-12 13:43:34|1790.0|  0.4|INFORM|Transaction #4610 was successfully committed
2026-08-12 13:43:35|1790.3|  0.3|INFORM|Transaction #4611 was successfully committed
2026-08-12 13:43:35|1790.6|  0.3|INFORM|Transaction #4612 was successfully committed
2026-08-12 13:43:35|1790.9|  0.3|INFORM|Transaction #4613 was successfully committed
2026-08-12 13:43:36|1791.3|  0.4|INFORM|Transaction #4614 was successfully committed
2026-08-12 13:43:36|1791.7|  0.4|INFORM|Transaction #4615 was successfully committed
2026-08-12 13:43:37|1792.0|  0.3|INFORM|Transaction #4616 was successfully committed
2026-08-12 13:43:37|1792.4|  0.4|INFORM|Transaction #4617 was successfully committed
2026-08-12 13:43:37|1792.7|  0.3|INFORM|Transaction #4618 was successfully committed
2026-08-12 13:43:37|1793.0|  0.3|INFORM|MULTI_WRITER writer: 87,461 of 99,374 features written
2026-08-12 13:43:38|1793.0|  0.0|INFORM|Transaction #4619 was successfully committed
2026-08-12 13:43:38|1793.3|  0.3|INFORM|Transaction #4620 was successfully committed
2026-08-12 13:43:38|1793.7|  0.4|INFORM|Transaction #4621 was successfully committed
2026-08-12 13:43:39|1794.0|  0.3|INFORM|Transaction #4622 was successfully committed
2026-08-12 13:43:39|1794.3|  0.3|INFORM|Transaction #4623 was successfully committed
2026-08-12 13:43:39|1794.7|  0.4|INFORM|Transaction #4624 was successfully committed
2026-08-12 13:43:40|1795.0|  0.3|INFORM|Transaction #4625 was successfully committed
2026-08-12 13:43:40|1795.3|  0.3|INFORM|Transaction #4626 was successfully committed
2026-08-12 13:43:40|1795.7|  0.4|INFORM|Transaction #4627 was successfully committed
2026-08-12 13:43:41|1796.0|  0.3|INFORM|Transaction #4628 was successfully committed
2026-08-12 13:43:41|1796.3|  0.3|INFORM|Transaction #4629 was successfully committed
2026-08-12 13:43:41|1796.7|  0.4|INFORM|Transaction #4630 was successfully committed
2026-08-12 13:43:42|1796.9|  0.2|INFORM|MULTI_WRITER writer: 99,374 of 99,374 features written
2026-08-12 13:43:43|1798.0|  1.1|INFORM|FFS writer: Writing 100000 feature(s) to file 'C:\Users\ASHTON~1.EAV\AppData\Local\Temp\wb-cache-LUS_PostProcessing_V01_ACE_25062-pwVrLI\Main_FeatureMerger -1 9 fo 0 MERGED  0  3bb0bff46fb22b1870d2b0394c88e7443c1c5b53_51.fts'
2026-08-12 13:43:43|1798.1|  0.1|INFORM|Spatial Index: Adding 100000 features
2026-08-12 13:43:43|1798.1|  0.0|INFORM|FFS writer: Writing 2880 feature(s) to file 'C:\Users\ASHTON~1.EAV\AppData\Local\Temp\wb-cache-LUS_PostProcessing_V01_ACE_25062-pwVrLI\Main_AttributeManager -1 38 fo 0 OUTPUT  0  71ef952938b38eff2ab0aa29d9504d1788ebbaa7_73.fts'
2026-08-12 13:43:43|1798.1|  0.0|INFORM|Spatial Index: Adding 2880 features
2026-08-12 13:43:43|1798.1|  0.0|INFORM|MULTI_WRITER writer: Splitting bulk features into individual features
2026-08-12 13:43:43|1798.2|  0.1|INFORM|Transaction #4631 was successfully committed
2026-08-12 13:43:43|1798.6|  0.4|INFORM|Transaction #4632 was successfully committed
2026-08-12 13:43:44|1799.0|  0.4|INFORM|Transaction #4633 was successfully committed
2026-08-12 13:43:44|1799.5|  0.5|INFORM|FFS writer: Writing 97120 feature(s) to file 'C:\Users\ASHTON~1.EAV\AppData\Local\Temp\wb-cache-LUS_PostProcessing_V01_ACE_25062-pwVrLI\Main_AttributeManager -1 38 fo 0 OUTPUT  0  71ef952938b38eff2ab0aa29d9504d1788ebbaa7_74.fts'
2026-08-12 13:43:44|1799.7|  0.2|INFORM|Spatial Index: Adding 97120 features
2026-08-12 13:43:44|1799.7|  0.0|INFORM|MULTI_WRITER writer: Splitting bulk features into individual features
2026-08-12 13:43:44|1799.9|  0.2|INFORM|Transaction #4634 was successfully committed
2026-08-12 13:43:45|1800.2|  0.3|INFORM|Transaction #4635 was successfully committed
2026-08-12 13:43:45|1800.6|  0.4|INFORM|Transaction #4636 was successfully committed
2026-08-12 13:43:46|1800.9|  0.3|INFORM|Transaction #4637 was successfully committed
2026-08-12 13:43:46|1801.3|  0.4|INFORM|Transaction #4638 was successfully committed
2026-08-12 13:43:46|1801.6|  0.3|INFORM|Transaction #4639 was successfully committed
2026-08-12 13:43:47|1802.0|  0.4|INFORM|Transaction #4640 was successfully committed
2026-08-12 13:43:47|1802.3|  0.3|INFORM|Transaction #4641 was successfully committed
2026-08-12 13:43:47|1802.6|  0.3|INFORM|Transaction #4642 was successfully committed
2026-08-12 13:43:48|1803.0|  0.4|INFORM|Transaction #4643 was successfully committed
2026-08-12 13:43:48|1803.3|  0.3|INFORM|Transaction #4644 was successfully committed
2026-08-12 13:43:48|1803.7|  0.4|INFORM|Transaction #4645 was successfully committed
2026-08-12 13:43:49|1804.1|  0.4|INFORM|Transaction #4646 was successfully committed
2026-08-12 13:43:49|1804.5|  0.4|INFORM|Transaction #4647 was successfully committed
2026-08-12 13:43:49|1804.7|  0.2|INFORM|MULTI_WRITER writer: 14,097 of 97,120 features written
2026-08-12 13:43:49|1804.8|  0.1|INFORM|Transaction #4648 was successfully committed
2026-08-12 13:43:50|1805.1|  0.3|INFORM|Transaction #4649 was successfully committed
2026-08-12 13:43:50|1805.5|  0.4|INFORM|Transaction #4650 was successfully committed
2026-08-12 13:43:50|1805.8|  0.3|INFORM|Transaction #4651 was successfully committed
2026-08-12 13:43:51|1806.2|  0.4|INFORM|Transaction #4652 was successfully committed
2026-08-12 13:43:51|1806.6|  0.4|INFORM|Transaction #4653 was successfully committed
2026-08-12 13:43:52|1806.9|  0.3|INFORM|Transaction #4654 was successfully committed
2026-08-12 13:43:52|1807.3|  0.4|INFORM|Transaction #4655 was successfully committed
2026-08-12 13:43:52|1807.7|  0.4|INFORM|Transaction #4656 was successfully committed
2026-08-12 13:43:53|1808.0|  0.3|INFORM|Transaction #4657 was successfully committed
2026-08-12 13:43:53|1808.4|  0.4|INFORM|Transaction #4658 was successfully committed
2026-08-12 13:43:53|1808.7|  0.3|INFORM|Transaction #4659 was successfully committed
2026-08-12 13:43:54|1809.0|  0.3|INFORM|Transaction #4660 was successfully committed
2026-08-12 13:43:54|1809.4|  0.4|INFORM|Transaction #4661 was successfully committed
2026-08-12 13:43:54|1809.7|  0.3|INFORM|MULTI_WRITER writer: 28,155 of 97,120 features written
2026-08-12 13:43:54|1809.7|  0.0|INFORM|Transaction #4662 was successfully committed
2026-08-12 13:43:55|1810.1|  0.4|INFORM|Transaction #4663 was successfully committed
2026-08-12 13:43:55|1810.5|  0.4|INFORM|Transaction #4664 was successfully committed
2026-08-12 13:43:55|1810.9|  0.4|INFORM|Transaction #4665 was successfully committed
2026-08-12 13:43:56|1811.2|  0.3|INFORM|Transaction #4666 was successfully committed
2026-08-12 13:43:56|1811.5|  0.3|INFORM|Transaction #4667 was successfully committed
2026-08-12 13:43:57|1811.9|  0.4|INFORM|Transaction #4668 was successfully committed
2026-08-12 13:43:57|1812.3|  0.4|INFORM|Transaction #4669 was successfully committed
2026-08-12 13:43:57|1812.6|  0.3|INFORM|Transaction #4670 was successfully committed
2026-08-12 13:43:58|1813.0|  0.4|INFORM|Transaction #4671 was successfully committed
2026-08-12 13:43:58|1813.3|  0.3|INFORM|Transaction #4672 was successfully committed
2026-08-12 13:43:58|1813.7|  0.4|INFORM|Transaction #4673 was successfully committed
2026-08-12 13:43:59|1814.0|  0.3|INFORM|Transaction #4674 was successfully committed
2026-08-12 13:43:59|1814.3|  0.3|INFORM|Transaction #4675 was successfully committed
2026-08-12 13:43:59|1814.7|  0.4|INFORM|MULTI_WRITER writer: 42,246 of 97,120 features written
2026-08-12 13:43:59|1814.7|  0.0|INFORM|Transaction #4676 was successfully committed
2026-08-12 13:44:00|1815.1|  0.4|INFORM|Transaction #4677 was successfully committed
2026-08-12 13:44:00|1815.5|  0.4|INFORM|Transaction #4678 was successfully committed
2026-08-12 13:44:00|1815.8|  0.3|INFORM|Transaction #4679 was successfully committed
2026-08-12 13:44:01|1816.2|  0.4|INFORM|Transaction #4680 was successfully committed
2026-08-12 13:44:01|1816.5|  0.3|INFORM|Transaction #4681 was successfully committed
2026-08-12 13:44:01|1816.9|  0.4|INFORM|Transaction #4682 was successfully committed
2026-08-12 13:44:02|1817.2|  0.3|INFORM|Transaction #4683 was successfully committed
2026-08-12 13:44:02|1817.5|  0.3|INFORM|Transaction #4684 was successfully committed
2026-08-12 13:44:03|1817.9|  0.4|INFORM|Transaction #4685 was successfully committed
2026-08-12 13:44:03|1818.2|  0.3|INFORM|Transaction #4686 was successfully committed
2026-08-12 13:44:03|1818.6|  0.4|INFORM|Transaction #4687 was successfully committed
2026-08-12 13:44:04|1819.0|  0.4|INFORM|Transaction #4688 was successfully committed
2026-08-12 13:44:04|1819.3|  0.3|INFORM|Transaction #4689 was successfully committed
2026-08-12 13:44:04|1819.7|  0.4|INFORM|Transaction #4690 was successfully committed
2026-08-12 13:44:04|1819.7|  0.0|INFORM|MULTI_WRITER writer: 56,331 of 97,120 features written
2026-08-12 13:44:05|1820.1|  0.4|INFORM|Transaction #4691 was successfully committed
2026-08-12 13:44:05|1820.4|  0.3|INFORM|Transaction #4692 was successfully committed
2026-08-12 13:44:05|1820.8|  0.4|INFORM|Transaction #4693 was successfully committed
2026-08-12 13:44:06|1821.1|  0.3|INFORM|Transaction #4694 was successfully committed
2026-08-12 13:44:06|1821.5|  0.4|INFORM|Transaction #4695 was successfully committed
2026-08-12 13:44:06|1821.8|  0.3|INFORM|Transaction #4696 was successfully committed
2026-08-12 13:44:07|1822.2|  0.4|INFORM|Transaction #4697 was successfully committed
2026-08-12 13:44:07|1822.5|  0.3|INFORM|Transaction #4698 was successfully committed
2026-08-12 13:44:07|1822.8|  0.3|INFORM|Transaction #4699 was successfully committed
2026-08-12 13:44:08|1823.1|  0.3|INFORM|Transaction #4700 was successfully committed
2026-08-12 13:44:08|1823.5|  0.4|INFORM|Transaction #4701 was successfully committed
2026-08-12 13:44:09|1823.9|  0.4|INFORM|Transaction #4702 was successfully committed
2026-08-12 13:44:09|1824.3|  0.4|INFORM|Transaction #4703 was successfully committed
2026-08-12 13:44:09|1824.6|  0.3|INFORM|Transaction #4704 was successfully committed
2026-08-12 13:44:09|1824.6|  0.0|INFORM|MULTI_WRITER writer: 70,421 of 97,120 features written
2026-08-12 13:44:10|1825.0|  0.4|INFORM|Transaction #4705 was successfully committed
2026-08-12 13:44:10|1825.3|  0.3|INFORM|Transaction #4706 was successfully committed
2026-08-12 13:44:10|1825.7|  0.4|INFORM|Transaction #4707 was successfully committed
2026-08-12 13:44:11|1826.0|  0.3|INFORM|Transaction #4708 was successfully committed
2026-08-12 13:44:11|1826.4|  0.4|INFORM|Transaction #4709 was successfully committed
2026-08-12 13:44:11|1826.7|  0.3|INFORM|Transaction #4710 was successfully committed
2026-08-12 13:44:12|1827.1|  0.4|INFORM|Transaction #4711 was successfully committed
2026-08-12 13:44:12|1827.4|  0.3|INFORM|Transaction #4712 was successfully committed
2026-08-12 13:44:12|1827.8|  0.4|INFORM|Transaction #4713 was successfully committed
2026-08-12 13:44:13|1828.2|  0.4|INFORM|Transaction #4714 was successfully committed
2026-08-12 13:44:13|1828.5|  0.3|INFORM|Transaction #4715 was successfully committed
2026-08-12 13:44:14|1828.8|  0.3|INFORM|Transaction #4716 was successfully committed
2026-08-12 13:44:14|1829.2|  0.4|INFORM|Transaction #4717 was successfully committed
2026-08-12 13:44:14|1829.5|  0.3|INFORM|Transaction #4718 was successfully committed
2026-08-12 13:44:14|1829.6|  0.1|INFORM|MULTI_WRITER writer: 84,699 of 97,120 features written
2026-08-12 13:44:15|1829.8|  0.2|INFORM|Transaction #4719 was successfully committed
2026-08-12 13:44:15|1830.2|  0.4|INFORM|Transaction #4720 was successfully committed
2026-08-12 13:44:15|1830.6|  0.4|INFORM|Transaction #4721 was successfully committed
2026-08-12 13:44:16|1830.9|  0.3|INFORM|Transaction #4722 was successfully committed
2026-08-12 13:44:16|1831.3|  0.4|INFORM|Transaction #4723 was successfully committed
2026-08-12 13:44:16|1831.6|  0.3|INFORM|Transaction #4724 was successfully committed
2026-08-12 13:44:17|1831.9|  0.3|INFORM|Transaction #4725 was successfully committed
2026-08-12 13:44:17|1832.3|  0.4|INFORM|Transaction #4726 was successfully committed
2026-08-12 13:44:17|1832.6|  0.3|INFORM|Transaction #4727 was successfully committed
2026-08-12 13:44:18|1832.9|  0.3|INFORM|Transaction #4728 was successfully committed
2026-08-12 13:44:18|1833.3|  0.4|INFORM|Transaction #4729 was successfully committed
2026-08-12 13:44:18|1833.6|  0.3|INFORM|Transaction #4730 was successfully committed
2026-08-12 13:44:19|1833.9|  0.3|INFORM|MULTI_WRITER writer: 97,120 of 97,120 features written
2026-08-12 13:44:20|1834.9|  1.0|INFORM|FFS writer: Writing 100000 feature(s) to file 'C:\Users\ASHTON~1.EAV\AppData\Local\Temp\wb-cache-LUS_PostProcessing_V01_ACE_25062-pwVrLI\Main_FeatureMerger -1 9 fo 0 MERGED  0  3bb0bff46fb22b1870d2b0394c88e7443c1c5b53_52.fts'
2026-08-12 13:44:20|1835.0|  0.1|INFORM|Spatial Index: Adding 100000 features
2026-08-12 13:44:20|1835.1|  0.1|INFORM|FFS writer: Writing 9667 feature(s) to file 'C:\Users\ASHTON~1.EAV\AppData\Local\Temp\wb-cache-LUS_PostProcessing_V01_ACE_25062-pwVrLI\Main_AttributeManager -1 38 fo 0 OUTPUT  0  71ef952938b38eff2ab0aa29d9504d1788ebbaa7_75.fts'
2026-08-12 13:44:20|1835.1|  0.0|INFORM|Spatial Index: Adding 9667 features
2026-08-12 13:44:20|1835.1|  0.0|INFORM|MULTI_WRITER writer: Splitting bulk features into individual features
2026-08-12 13:44:20|1835.3|  0.2|INFORM|Transaction #4731 was successfully committed
2026-08-12 13:44:20|1835.6|  0.3|INFORM|Transaction #4732 was successfully committed
2026-08-12 13:44:21|1835.9|  0.3|INFORM|Transaction #4733 was successfully committed
2026-08-12 13:44:21|1836.3|  0.4|INFORM|Transaction #4734 was successfully committed
2026-08-12 13:44:21|1836.6|  0.3|INFORM|Transaction #4735 was successfully committed
2026-08-12 13:44:22|1837.0|  0.4|INFORM|Transaction #4736 was successfully committed
2026-08-12 13:44:22|1837.3|  0.3|INFORM|Transaction #4737 was successfully committed
2026-08-12 13:44:22|1837.6|  0.3|INFORM|Transaction #4738 was successfully committed
2026-08-12 13:44:23|1838.0|  0.4|INFORM|Transaction #4739 was successfully committed
2026-08-12 13:44:23|1838.3|  0.3|INFORM|Transaction #4740 was successfully committed
2026-08-12 13:44:23|1838.7|  0.4|INFORM|FFS writer: Writing 90333 feature(s) to file 'C:\Users\ASHTON~1.EAV\AppData\Local\Temp\wb-cache-LUS_PostProcessing_V01_ACE_25062-pwVrLI\Main_AttributeManager -1 38 fo 0 OUTPUT  0  71ef952938b38eff2ab0aa29d9504d1788ebbaa7_76.fts'
2026-08-12 13:44:24|1839.0|  0.3|INFORM|Spatial Index: Adding 90333 features
2026-08-12 13:44:24|1839.0|  0.0|INFORM|MULTI_WRITER writer: Splitting bulk features into individual features
2026-08-12 13:44:24|1839.2|  0.2|INFORM|Transaction #4741 was successfully committed
2026-08-12 13:44:24|1839.5|  0.3|INFORM|Transaction #4742 was successfully committed
2026-08-12 13:44:25|1839.9|  0.4|INFORM|Transaction #4743 was successfully committed
2026-08-12 13:44:25|1840.2|  0.3|INFORM|Transaction #4744 was successfully committed
2026-08-12 13:44:25|1840.6|  0.4|INFORM|Transaction #4745 was successfully committed
2026-08-12 13:44:26|1840.9|  0.3|INFORM|Transaction #4746 was successfully committed
2026-08-12 13:44:26|1841.2|  0.3|INFORM|Transaction #4747 was successfully committed
2026-08-12 13:44:26|1841.6|  0.4|INFORM|Transaction #4748 was successfully committed
2026-08-12 13:44:27|1841.9|  0.3|INFORM|Transaction #4749 was successfully committed
2026-08-12 13:44:27|1842.2|  0.3|INFORM|Transaction #4750 was successfully committed
2026-08-12 13:44:27|1842.6|  0.4|INFORM|Transaction #4751 was successfully committed
2026-08-12 13:44:28|1842.9|  0.3|INFORM|Transaction #4752 was successfully committed
2026-08-12 13:44:28|1843.3|  0.4|INFORM|Transaction #4753 was successfully committed
2026-08-12 13:44:28|1843.7|  0.4|INFORM|Transaction #4754 was successfully committed
2026-08-12 13:44:29|1844.0|  0.3|INFORM|Transaction #4755 was successfully committed
2026-08-12 13:44:29|1844.0|  0.0|INFORM|MULTI_WRITER writer: 14,584 of 90,333 features written
2026-08-12 13:44:29|1844.3|  0.3|INFORM|Transaction #4756 was successfully committed
2026-08-12 13:44:29|1844.6|  0.3|INFORM|Transaction #4757 was successfully committed
2026-08-12 13:44:30|1845.0|  0.4|INFORM|Transaction #4758 was successfully committed
2026-08-12 13:44:30|1845.4|  0.4|INFORM|Transaction #4759 was successfully committed
2026-08-12 13:44:30|1845.7|  0.3|INFORM|Transaction #4760 was successfully committed
2026-08-12 13:44:31|1846.1|  0.4|INFORM|Transaction #4761 was successfully committed
2026-08-12 13:44:31|1846.4|  0.3|INFORM|Transaction #4762 was successfully committed
2026-08-12 13:44:31|1846.7|  0.3|INFORM|Transaction #4763 was successfully committed
2026-08-12 13:44:32|1847.0|  0.3|INFORM|Transaction #4764 was successfully committed
2026-08-12 13:44:32|1847.4|  0.4|INFORM|Transaction #4765 was successfully committed
2026-08-12 13:44:32|1847.8|  0.4|INFORM|Transaction #4766 was successfully committed
2026-08-12 13:44:33|1848.1|  0.3|INFORM|Transaction #4767 was successfully committed
2026-08-12 13:44:33|1848.4|  0.3|INFORM|Transaction #4768 was successfully committed
2026-08-12 13:44:33|1848.8|  0.4|INFORM|Transaction #4769 was successfully committed
2026-08-12 13:44:34|1849.0|  0.2|INFORM|MULTI_WRITER writer: 29,235 of 90,333 features written
2026-08-12 13:44:34|1849.1|  0.1|INFORM|Transaction #4770 was successfully committed
2026-08-12 13:44:34|1849.4|  0.3|INFORM|Transaction #4771 was successfully committed
2026-08-12 13:44:34|1849.8|  0.4|INFORM|Transaction #4772 was successfully committed
2026-08-12 13:44:35|1850.2|  0.4|INFORM|Transaction #4773 was successfully committed
2026-08-12 13:44:35|1850.5|  0.3|INFORM|Transaction #4774 was successfully committed
2026-08-12 13:44:36|1850.8|  0.3|INFORM|Transaction #4775 was successfully committed
2026-08-12 13:44:36|1851.2|  0.4|INFORM|Transaction #4776 was successfully committed
2026-08-12 13:44:36|1851.5|  0.3|INFORM|Transaction #4777 was successfully committed
2026-08-12 13:44:37|1851.8|  0.3|INFORM|Transaction #4778 was successfully committed
2026-08-12 13:44:37|1852.1|  0.3|INFORM|Transaction #4779 was successfully committed
2026-08-12 13:44:37|1852.5|  0.4|INFORM|Transaction #4780 was successfully committed
2026-08-12 13:44:38|1852.9|  0.4|INFORM|Transaction #4781 was successfully committed
2026-08-12 13:44:38|1853.3|  0.4|INFORM|Transaction #4782 was successfully committed
2026-08-12 13:44:38|1853.6|  0.3|INFORM|Transaction #4783 was successfully committed
2026-08-12 13:44:39|1854.0|  0.4|INFORM|Transaction #4784 was successfully committed
2026-08-12 13:44:39|1854.0|  0.0|INFORM|MULTI_WRITER writer: 43,790 of 90,333 features written
2026-08-12 13:44:39|1854.3|  0.3|INFORM|Transaction #4785 was successfully committed
2026-08-12 13:44:39|1854.6|  0.3|INFORM|Transaction #4786 was successfully committed
2026-08-12 13:44:40|1855.0|  0.4|INFORM|Transaction #4787 was successfully committed
2026-08-12 13:44:40|1855.3|  0.3|INFORM|Transaction #4788 was successfully committed
2026-08-12 13:44:40|1855.6|  0.3|INFORM|Transaction #4789 was successfully committed
2026-08-12 13:44:41|1856.0|  0.4|INFORM|Transaction #4790 was successfully committed
2026-08-12 13:44:41|1856.3|  0.3|INFORM|Transaction #4791 was successfully committed
2026-08-12 13:44:41|1856.6|  0.3|INFORM|Transaction #4792 was successfully committed
2026-08-12 13:44:42|1857.0|  0.4|INFORM|Transaction #4793 was successfully committed
2026-08-12 13:44:42|1857.4|  0.4|INFORM|Transaction #4794 was successfully committed
2026-08-12 13:44:42|1857.7|  0.3|INFORM|Transaction #4795 was successfully committed
2026-08-12 13:44:43|1858.0|  0.3|INFORM|Transaction #4796 was successfully committed
2026-08-12 13:44:43|1858.4|  0.4|INFORM|Transaction #4797 was successfully committed
2026-08-12 13:44:43|1858.7|  0.3|INFORM|Transaction #4798 was successfully committed
2026-08-12 13:44:44|1859.0|  0.3|INFORM|MULTI_WRITER writer: 58,098 of 90,333 features written
2026-08-12 13:44:44|1859.2|  0.2|INFORM|Transaction #4799 was successfully committed
2026-08-12 13:44:44|1859.5|  0.3|INFORM|Transaction #4800 was successfully committed
2026-08-12 13:44:45|1859.9|  0.4|INFORM|Transaction #4801 was successfully committed
2026-08-12 13:44:45|1860.2|  0.3|INFORM|Transaction #4802 was successfully committed
2026-08-12 13:44:45|1860.5|  0.3|INFORM|Transaction #4803 was successfully committed
2026-08-12 13:44:46|1860.9|  0.4|INFORM|Transaction #4804 was successfully committed
2026-08-12 13:44:46|1861.2|  0.3|INFORM|Transaction #4805 was successfully committed
2026-08-12 13:44:46|1861.6|  0.4|INFORM|Transaction #4806 was successfully committed
2026-08-12 13:44:47|1862.0|  0.4|INFORM|Transaction #4807 was successfully committed
2026-08-12 13:44:47|1862.3|  0.3|INFORM|Transaction #4808 was successfully committed
2026-08-12 13:44:47|1862.7|  0.4|INFORM|Transaction #4809 was successfully committed
2026-08-12 13:44:48|1863.0|  0.3|INFORM|Transaction #4810 was successfully committed
2026-08-12 13:44:48|1863.4|  0.4|INFORM|Transaction #4811 was successfully committed
2026-08-12 13:44:48|1863.7|  0.3|INFORM|Transaction #4812 was successfully committed
2026-08-12 13:44:49|1864.0|  0.3|INFORM|MULTI_WRITER writer: 72,254 of 90,333 features written
2026-08-12 13:44:49|1864.1|  0.1|INFORM|Transaction #4813 was successfully committed
2026-08-12 13:44:49|1864.4|  0.3|INFORM|Transaction #4814 was successfully committed
2026-08-12 13:44:50|1864.8|  0.4|INFORM|Transaction #4815 was successfully committed
2026-08-12 13:44:50|1865.1|  0.3|INFORM|Transaction #4816 was successfully committed
2026-08-12 13:44:50|1865.6|  0.5|INFORM|Transaction #4817 was successfully committed
2026-08-12 13:44:51|1865.9|  0.3|INFORM|Transaction #4818 was successfully committed
2026-08-12 13:44:51|1866.3|  0.4|INFORM|Transaction #4819 was successfully committed
2026-08-12 13:44:51|1866.6|  0.3|INFORM|Transaction #4820 was successfully committed
2026-08-12 13:44:52|1867.0|  0.4|INFORM|Transaction #4821 was successfully committed
2026-08-12 13:44:52|1867.3|  0.3|INFORM|Transaction #4822 was successfully committed
2026-08-12 13:44:52|1867.6|  0.3|INFORM|Transaction #4823 was successfully committed
2026-08-12 13:44:53|1867.9|  0.3|INFORM|Transaction #4824 was successfully committed
2026-08-12 13:44:53|1868.4|  0.5|INFORM|Transaction #4825 was successfully committed
2026-08-12 13:44:53|1868.7|  0.3|INFORM|Transaction #4826 was successfully committed
2026-08-12 13:44:54|1869.0|  0.3|INFORM|MULTI_WRITER writer: 86,453 of 90,333 features written
2026-08-12 13:44:54|1869.0|  0.0|INFORM|Transaction #4827 was successfully committed
2026-08-12 13:44:54|1869.4|  0.4|INFORM|Transaction #4828 was successfully committed
2026-08-12 13:44:54|1869.7|  0.3|INFORM|Transaction #4829 was successfully committed
2026-08-12 13:44:55|1870.0|  0.3|INFORM|Transaction #4830 was successfully committed
2026-08-12 13:44:55|1870.3|  0.3|INFORM|MULTI_WRITER writer: 90,333 of 90,333 features written
2026-08-12 13:44:56|1871.4|  1.1|INFORM|FFS writer: Writing 100000 feature(s) to file 'C:\Users\ASHTON~1.EAV\AppData\Local\Temp\wb-cache-LUS_PostProcessing_V01_ACE_25062-pwVrLI\Main_FeatureMerger -1 9 fo 0 MERGED  0  3bb0bff46fb22b1870d2b0394c88e7443c1c5b53_53.fts'
2026-08-12 13:44:56|1871.5|  0.1|INFORM|Spatial Index: Adding 100000 features
2026-08-12 13:44:56|1871.6|  0.1|INFORM|FFS writer: Writing 6172 feature(s) to file 'C:\Users\ASHTON~1.EAV\AppData\Local\Temp\wb-cache-LUS_PostProcessing_V01_ACE_25062-pwVrLI\Main_AttributeManager -1 38 fo 0 OUTPUT  0  71ef952938b38eff2ab0aa29d9504d1788ebbaa7_77.fts'
2026-08-12 13:44:56|1871.6|  0.0|INFORM|Spatial Index: Adding 6172 features
2026-08-12 13:44:56|1871.6|  0.0|INFORM|MULTI_WRITER writer: Splitting bulk features into individual features
2026-08-12 13:44:56|1871.6|  0.0|INFORM|Transaction #4831 was successfully committed
2026-08-12 13:44:57|1872.0|  0.4|INFORM|Transaction #4832 was successfully committed
2026-08-12 13:44:57|1872.4|  0.4|INFORM|Transaction #4833 was successfully committed
2026-08-12 13:44:57|1872.7|  0.3|INFORM|Transaction #4834 was successfully committed
2026-08-12 13:44:58|1873.1|  0.4|INFORM|Transaction #4835 was successfully committed
2026-08-12 13:44:58|1873.4|  0.3|INFORM|Transaction #4836 was successfully committed
2026-08-12 13:44:59|1873.7|  0.3|INFORM|Transaction #4837 was successfully committed
2026-08-12 13:44:59|1874.1|  0.4|INFORM|FFS writer: Writing 93828 feature(s) to file 'C:\Users\ASHTON~1.EAV\AppData\Local\Temp\wb-cache-LUS_PostProcessing_V01_ACE_25062-pwVrLI\Main_AttributeManager -1 38 fo 0 OUTPUT  0  71ef952938b38eff2ab0aa29d9504d1788ebbaa7_78.fts'
2026-08-12 13:44:59|1874.2|  0.1|INFORM|Spatial Index: Adding 93828 features
2026-08-12 13:44:59|1874.4|  0.2|INFORM|MULTI_WRITER writer: Splitting bulk features into individual features
2026-08-12 13:44:59|1874.7|  0.3|INFORM|Transaction #4838 was successfully committed
2026-08-12 13:45:00|1875.0|  0.3|INFORM|Transaction #4839 was successfully committed
2026-08-12 13:45:00|1875.4|  0.4|INFORM|Transaction #4840 was successfully committed
2026-08-12 13:45:00|1875.8|  0.4|INFORM|Transaction #4841 was successfully committed
2026-08-12 13:45:01|1876.1|  0.3|INFORM|Transaction #4842 was successfully committed
2026-08-12 13:45:01|1876.5|  0.4|INFORM|Transaction #4843 was successfully committed
2026-08-12 13:45:02|1876.8|  0.3|INFORM|Transaction #4844 was successfully committed
2026-08-12 13:45:02|1877.2|  0.4|INFORM|Transaction #4845 was successfully committed
2026-08-12 13:45:02|1877.5|  0.3|INFORM|Transaction #4846 was successfully committed
2026-08-12 13:45:03|1877.8|  0.3|INFORM|Transaction #4847 was successfully committed
2026-08-12 13:45:03|1878.2|  0.4|INFORM|Transaction #4848 was successfully committed
2026-08-12 13:45:03|1878.5|  0.3|INFORM|Transaction #4849 was successfully committed
2026-08-12 13:45:04|1878.8|  0.3|INFORM|Transaction #4850 was successfully committed
2026-08-12 13:45:04|1879.2|  0.4|INFORM|Transaction #4851 was successfully committed
2026-08-12 13:45:04|1879.3|  0.1|INFORM|MULTI_WRITER writer: 14,328 of 93,828 features written
2026-08-12 13:45:04|1879.5|  0.2|INFORM|Transaction #4852 was successfully committed
2026-08-12 13:45:05|1879.8|  0.3|INFORM|Transaction #4853 was successfully committed
2026-08-12 13:45:05|1880.2|  0.4|INFORM|Transaction #4854 was successfully committed
2026-08-12 13:45:05|1880.6|  0.4|INFORM|Transaction #4855 was successfully committed
2026-08-12 13:45:06|1880.9|  0.3|INFORM|Transaction #4856 was successfully committed
2026-08-12 13:45:06|1881.3|  0.4|INFORM|Transaction #4857 was successfully committed
2026-08-12 13:45:06|1881.6|  0.3|INFORM|Transaction #4858 was successfully committed
2026-08-12 13:45:07|1881.9|  0.3|INFORM|Transaction #4859 was successfully committed
2026-08-12 13:45:07|1882.2|  0.3|INFORM|Transaction #4860 was successfully committed
2026-08-12 13:45:07|1882.6|  0.4|INFORM|Transaction #4861 was successfully committed
2026-08-12 13:45:08|1882.9|  0.3|INFORM|Transaction #4862 was successfully committed
2026-08-12 13:45:08|1883.2|  0.3|INFORM|Transaction #4863 was successfully committed
2026-08-12 13:45:08|1883.6|  0.4|INFORM|Transaction #4864 was successfully committed
2026-08-12 13:45:09|1884.0|  0.4|INFORM|Transaction #4865 was successfully committed
2026-08-12 13:45:09|1884.3|  0.3|INFORM|Transaction #4866 was successfully committed
2026-08-12 13:45:09|1884.3|  0.0|INFORM|MULTI_WRITER writer: 29,012 of 93,828 features written
2026-08-12 13:45:09|1884.6|  0.3|INFORM|Transaction #4867 was successfully committed
2026-08-12 13:45:10|1885.0|  0.4|INFORM|Transaction #4868 was successfully committed
2026-08-12 13:45:10|1885.3|  0.3|INFORM|Transaction #4869 was successfully committed
2026-08-12 13:45:10|1885.7|  0.4|INFORM|Transaction #4870 was successfully committed
2026-08-12 13:45:11|1886.0|  0.3|INFORM|Transaction #4871 was successfully committed
2026-08-12 13:45:11|1886.3|  0.3|INFORM|Transaction #4872 was successfully committed
2026-08-12 13:45:11|1886.6|  0.3|INFORM|Transaction #4873 was successfully committed
2026-08-12 13:45:12|1887.0|  0.4|INFORM|Transaction #4874 was successfully committed
2026-08-12 13:45:12|1887.3|  0.3|INFORM|Transaction #4875 was successfully committed
2026-08-12 13:45:12|1887.6|  0.3|INFORM|Transaction #4876 was successfully committed
2026-08-12 13:45:13|1888.0|  0.4|INFORM|Transaction #4877 was successfully committed
2026-08-12 13:45:13|1888.4|  0.4|INFORM|Transaction #4878 was successfully committed
2026-08-12 13:45:14|1888.7|  0.3|INFORM|Transaction #4879 was successfully committed
2026-08-12 13:45:14|1889.0|  0.3|INFORM|Transaction #4880 was successfully committed
2026-08-12 13:45:14|1889.2|  0.2|INFORM|MULTI_WRITER writer: 43,683 of 93,828 features written
2026-08-12 13:45:14|1889.3|  0.1|INFORM|Transaction #4881 was successfully committed
2026-08-12 13:45:15|1889.7|  0.4|INFORM|Transaction #4882 was successfully committed
2026-08-12 13:45:15|1890.1|  0.4|INFORM|Transaction #4883 was successfully committed
2026-08-12 13:45:15|1890.4|  0.3|INFORM|Transaction #4884 was successfully committed
2026-08-12 13:45:16|1890.7|  0.3|INFORM|Transaction #4885 was successfully committed
2026-08-12 13:45:16|1891.1|  0.4|INFORM|Transaction #4886 was successfully committed
2026-08-12 13:45:16|1891.5|  0.4|INFORM|Transaction #4887 was successfully committed
2026-08-12 13:45:17|1891.8|  0.3|INFORM|Transaction #4888 was successfully committed
2026-08-12 13:45:17|1892.1|  0.3|INFORM|Transaction #4889 was successfully committed
2026-08-12 13:45:17|1892.5|  0.4|INFORM|Transaction #4890 was successfully committed
2026-08-12 13:45:18|1892.8|  0.3|INFORM|Transaction #4891 was successfully committed
2026-08-12 13:45:18|1893.1|  0.3|INFORM|Transaction #4892 was successfully committed
2026-08-12 13:45:18|1893.5|  0.4|INFORM|Transaction #4893 was successfully committed
2026-08-12 13:45:19|1893.8|  0.3|INFORM|Transaction #4894 was successfully committed
2026-08-12 13:45:19|1894.1|  0.3|INFORM|Transaction #4895 was successfully committed
2026-08-12 13:45:19|1894.2|  0.1|INFORM|MULTI_WRITER writer: 58,334 of 93,828 features written
2026-08-12 13:45:19|1894.4|  0.2|INFORM|Transaction #4896 was successfully committed
2026-08-12 13:45:20|1894.9|  0.5|INFORM|Transaction #4897 was successfully committed
2026-08-12 13:45:20|1895.2|  0.3|INFORM|Transaction #4898 was successfully committed
2026-08-12 13:45:20|1895.5|  0.3|INFORM|Transaction #4899 was successfully committed
2026-08-12 13:45:21|1895.9|  0.4|INFORM|Transaction #4900 was successfully committed
2026-08-12 13:45:21|1896.2|  0.3|INFORM|Transaction #4901 was successfully committed
2026-08-12 13:45:21|1896.6|  0.4|INFORM|Transaction #4902 was successfully committed
2026-08-12 13:45:22|1896.9|  0.3|INFORM|Transaction #4903 was successfully committed
2026-08-12 13:45:22|1897.2|  0.3|INFORM|Transaction #4904 was successfully committed
2026-08-12 13:45:22|1897.5|  0.3|INFORM|Transaction #4905 was successfully committed
2026-08-12 13:45:23|1897.9|  0.4|INFORM|Transaction #4906 was successfully committed
2026-08-12 13:45:23|1898.3|  0.4|INFORM|Transaction #4907 was successfully committed
2026-08-12 13:45:23|1898.6|  0.3|INFORM|Transaction #4908 was successfully committed
2026-08-12 13:45:24|1898.9|  0.3|INFORM|Transaction #4909 was successfully committed
2026-08-12 13:45:24|1899.3|  0.4|INFORM|Transaction #4910 was successfully committed
2026-08-12 13:45:24|1899.3|  0.0|INFORM|MULTI_WRITER writer: 73,007 of 93,828 features written
2026-08-12 13:45:24|1899.6|  0.3|INFORM|Transaction #4911 was successfully committed
2026-08-12 13:45:25|1899.9|  0.3|INFORM|Transaction #4912 was successfully committed
2026-08-12 13:45:25|1900.3|  0.4|INFORM|Transaction #4913 was successfully committed
2026-08-12 13:45:25|1900.7|  0.4|INFORM|Transaction #4914 was successfully committed
2026-08-12 13:45:26|1901.0|  0.3|INFORM|Transaction #4915 was successfully committed
2026-08-12 13:45:26|1901.3|  0.3|INFORM|Transaction #4916 was successfully committed
2026-08-12 13:45:26|1901.7|  0.4|INFORM|Transaction #4917 was successfully committed
2026-08-12 13:45:27|1902.0|  0.3|INFORM|Transaction #4918 was successfully committed
2026-08-12 13:45:27|1902.3|  0.3|INFORM|Transaction #4919 was successfully committed
2026-08-12 13:45:27|1902.7|  0.4|INFORM|Transaction #4920 was successfully committed
2026-08-12 13:45:28|1903.0|  0.3|INFORM|Transaction #4921 was successfully committed
2026-08-12 13:45:28|1903.4|  0.4|INFORM|Transaction #4922 was successfully committed
2026-08-12 13:45:29|1903.7|  0.3|INFORM|Transaction #4923 was successfully committed
2026-08-12 13:45:29|1904.0|  0.3|INFORM|Transaction #4924 was successfully committed
2026-08-12 13:45:29|1904.2|  0.2|INFORM|MULTI_WRITER writer: 87,667 of 93,828 features written
2026-08-12 13:45:29|1904.4|  0.2|INFORM|Transaction #4925 was successfully committed
2026-08-12 13:45:30|1904.8|  0.4|INFORM|Transaction #4926 was successfully committed
2026-08-12 13:45:30|1905.1|  0.3|INFORM|Transaction #4927 was successfully committed
2026-08-12 13:45:30|1905.4|  0.3|INFORM|Transaction #4928 was successfully committed
2026-08-12 13:45:31|1905.7|  0.3|INFORM|Transaction #4929 was successfully committed
2026-08-12 13:45:31|1906.0|  0.3|INFORM|Transaction #4930 was successfully committed
2026-08-12 13:45:31|1906.4|  0.4|INFORM|MULTI_WRITER writer: 93,828 of 93,828 features written
2026-08-12 13:45:32|1907.4|  1.0|INFORM|FFS writer: Writing 100000 feature(s) to file 'C:\Users\ASHTON~1.EAV\AppData\Local\Temp\wb-cache-LUS_PostProcessing_V01_ACE_25062-pwVrLI\Main_FeatureMerger -1 9 fo 0 MERGED  0  3bb0bff46fb22b1870d2b0394c88e7443c1c5b53_54.fts'
2026-08-12 13:45:32|1907.5|  0.1|INFORM|Spatial Index: Adding 100000 features
2026-08-12 13:45:32|1907.6|  0.1|INFORM|FFS writer: Writing 2883 feature(s) to file 'C:\Users\ASHTON~1.EAV\AppData\Local\Temp\wb-cache-LUS_PostProcessing_V01_ACE_25062-pwVrLI\Main_AttributeManager -1 38 fo 0 OUTPUT  0  71ef952938b38eff2ab0aa29d9504d1788ebbaa7_79.fts'
2026-08-12 13:45:32|1907.6|  0.0|INFORM|Spatial Index: Adding 2883 features
2026-08-12 13:45:32|1907.6|  0.0|INFORM|MULTI_WRITER writer: Splitting bulk features into individual features
2026-08-12 13:45:33|1907.7|  0.1|INFORM|Transaction #4931 was successfully committed
2026-08-12 13:45:33|1908.0|  0.3|INFORM|Transaction #4932 was successfully committed
2026-08-12 13:45:33|1908.4|  0.4|INFORM|Transaction #4933 was successfully committed
2026-08-12 13:45:34|1908.9|  0.5|INFORM|FFS writer: Writing 97117 feature(s) to file 'C:\Users\ASHTON~1.EAV\AppData\Local\Temp\wb-cache-LUS_PostProcessing_V01_ACE_25062-pwVrLI\Main_AttributeManager -1 38 fo 0 OUTPUT  0  71ef952938b38eff2ab0aa29d9504d1788ebbaa7_80.fts'
2026-08-12 13:45:34|1909.0|  0.1|INFORM|Spatial Index: Adding 97117 features
2026-08-12 13:45:34|1909.1|  0.1|INFORM|MULTI_WRITER writer: Splitting bulk features into individual features
2026-08-12 13:45:34|1909.2|  0.1|INFORM|Transaction #4934 was successfully committed
2026-08-12 13:45:34|1909.5|  0.3|INFORM|Transaction #4935 was successfully committed
2026-08-12 13:45:35|1909.8|  0.3|INFORM|Transaction #4936 was successfully committed
2026-08-12 13:45:35|1910.2|  0.4|INFORM|Transaction #4937 was successfully committed
2026-08-12 13:45:35|1910.5|  0.3|INFORM|Transaction #4938 was successfully committed
2026-08-12 13:45:36|1910.9|  0.4|INFORM|Transaction #4939 was successfully committed
2026-08-12 13:45:36|1911.3|  0.4|INFORM|Transaction #4940 was successfully committed
2026-08-12 13:45:36|1911.6|  0.3|INFORM|Transaction #4941 was successfully committed
2026-08-12 13:45:37|1911.9|  0.3|INFORM|Transaction #4942 was successfully committed
2026-08-12 13:45:37|1912.3|  0.4|INFORM|Transaction #4943 was successfully committed
2026-08-12 13:45:37|1912.6|  0.3|INFORM|Transaction #4944 was successfully committed
2026-08-12 13:45:38|1913.0|  0.4|INFORM|Transaction #4945 was successfully committed
2026-08-12 13:45:38|1913.3|  0.3|INFORM|Transaction #4946 was successfully committed
2026-08-12 13:45:38|1913.6|  0.3|INFORM|Transaction #4947 was successfully committed
2026-08-12 13:45:39|1914.0|  0.4|INFORM|Transaction #4948 was successfully committed
2026-08-12 13:45:39|1914.1|  0.1|INFORM|MULTI_WRITER writer: 14,664 of 97,117 features written
2026-08-12 13:45:39|1914.3|  0.2|INFORM|Transaction #4949 was successfully committed
2026-08-12 13:45:39|1914.6|  0.3|INFORM|Transaction #4950 was successfully committed
2026-08-12 13:45:40|1915.0|  0.4|INFORM|Transaction #4951 was successfully committed
2026-08-12 13:45:40|1915.3|  0.3|INFORM|Transaction #4952 was successfully committed
2026-08-12 13:45:41|1915.7|  0.4|INFORM|Transaction #4953 was successfully committed
2026-08-12 13:45:41|1916.0|  0.3|INFORM|Transaction #4954 was successfully committed
2026-08-12 13:45:41|1916.3|  0.3|INFORM|Transaction #4955 was successfully committed
2026-08-12 13:45:42|1916.6|  0.3|INFORM|Transaction #4956 was successfully committed
2026-08-12 13:45:42|1917.0|  0.4|INFORM|Transaction #4957 was successfully committed
2026-08-12 13:45:42|1917.3|  0.3|INFORM|Transaction #4958 was successfully committed
2026-08-12 13:45:43|1917.7|  0.4|INFORM|Transaction #4959 was successfully committed
2026-08-12 13:45:43|1918.1|  0.4|INFORM|Transaction #4960 was successfully committed
2026-08-12 13:45:43|1918.4|  0.3|INFORM|Transaction #4961 was successfully committed
2026-08-12 13:45:44|1918.7|  0.3|INFORM|Transaction #4962 was successfully committed
2026-08-12 13:45:44|1919.0|  0.3|INFORM|Transaction #4963 was successfully committed
2026-08-12 13:45:44|1919.1|  0.1|INFORM|MULTI_WRITER writer: 29,390 of 97,117 features written
2026-08-12 13:45:44|1919.4|  0.3|INFORM|Transaction #4964 was successfully committed
2026-08-12 13:45:45|1919.7|  0.3|INFORM|Transaction #4965 was successfully committed
2026-08-12 13:45:45|1920.0|  0.3|INFORM|Transaction #4966 was successfully committed
2026-08-12 13:45:45|1920.4|  0.4|INFORM|Transaction #4967 was successfully committed
2026-08-12 13:45:46|1920.7|  0.3|INFORM|Transaction #4968 was successfully committed
2026-08-12 13:45:46|1921.1|  0.4|INFORM|Transaction #4969 was successfully committed
2026-08-12 13:45:46|1921.4|  0.3|INFORM|Transaction #4970 was successfully committed
2026-08-12 13:45:47|1921.7|  0.3|INFORM|Transaction #4971 was successfully committed
2026-08-12 13:45:47|1922.1|  0.4|INFORM|Transaction #4972 was successfully committed
2026-08-12 13:45:47|1922.4|  0.3|INFORM|Transaction #4973 was successfully committed
2026-08-12 13:45:48|1922.8|  0.4|INFORM|Transaction #4974 was successfully committed
2026-08-12 13:45:48|1923.1|  0.3|INFORM|Transaction #4975 was successfully committed
2026-08-12 13:45:48|1923.4|  0.3|INFORM|Transaction #4976 was successfully committed
2026-08-12 13:45:49|1923.8|  0.4|INFORM|Transaction #4977 was successfully committed
2026-08-12 13:45:49|1924.0|  0.2|INFORM|MULTI_WRITER writer: 44,104 of 97,117 features written
2026-08-12 13:45:49|1924.1|  0.1|INFORM|Transaction #4978 was successfully committed
2026-08-12 13:45:49|1924.5|  0.4|INFORM|Transaction #4979 was successfully committed
2026-08-12 13:45:50|1924.8|  0.3|INFORM|Transaction #4980 was successfully committed
2026-08-12 13:45:50|1925.1|  0.3|INFORM|Transaction #4981 was successfully committed
2026-08-12 13:45:50|1925.5|  0.4|INFORM|Transaction #4982 was successfully committed
2026-08-12 13:45:51|1925.8|  0.3|INFORM|Transaction #4983 was successfully committed
2026-08-12 13:45:51|1926.2|  0.4|INFORM|Transaction #4984 was successfully committed
2026-08-12 13:45:51|1926.5|  0.3|INFORM|Transaction #4985 was successfully committed
2026-08-12 13:45:52|1926.9|  0.4|INFORM|Transaction #4986 was successfully committed
2026-08-12 13:45:52|1927.2|  0.3|INFORM|Transaction #4987 was successfully committed
2026-08-12 13:45:52|1927.5|  0.3|INFORM|Transaction #4988 was successfully committed
2026-08-12 13:45:53|1927.9|  0.4|INFORM|Transaction #4989 was successfully committed
2026-08-12 13:45:53|1928.2|  0.3|INFORM|Transaction #4990 was successfully committed
2026-08-12 13:45:53|1928.5|  0.3|INFORM|Transaction #4991 was successfully committed
2026-08-12 13:45:54|1928.9|  0.4|INFORM|Transaction #4992 was successfully committed
2026-08-12 13:45:54|1929.0|  0.1|INFORM|MULTI_WRITER writer: 58,788 of 97,117 features written
2026-08-12 13:45:54|1929.2|  0.2|INFORM|Transaction #4993 was successfully committed
2026-08-12 13:45:54|1929.5|  0.3|INFORM|Transaction #4994 was successfully committed
2026-08-12 13:45:55|1929.9|  0.4|INFORM|Transaction #4995 was successfully committed
2026-08-12 13:45:55|1930.2|  0.3|INFORM|Transaction #4996 was successfully committed
2026-08-12 13:45:55|1930.5|  0.3|INFORM|Transaction #4997 was successfully committed
2026-08-12 13:45:56|1930.9|  0.4|INFORM|Transaction #4998 was successfully committed
2026-08-12 13:45:56|1931.2|  0.3|INFORM|Transaction #4999 was successfully committed
2026-08-12 13:45:56|1931.6|  0.4|INFORM|Transaction #5000 was successfully committed
2026-08-12 13:45:57|1932.0|  0.4|INFORM|Transaction #5001 was successfully committed
2026-08-12 13:45:57|1932.3|  0.3|INFORM|Transaction #5002 was successfully committed
2026-08-12 13:45:58|1932.6|  0.3|INFORM|Transaction #5003 was successfully committed
2026-08-12 13:45:58|1933.0|  0.4|INFORM|Transaction #5004 was successfully committed
2026-08-12 13:45:58|1933.3|  0.3|INFORM|Transaction #5005 was successfully committed
2026-08-12 13:45:59|1933.7|  0.4|INFORM|Transaction #5006 was successfully committed
2026-08-12 13:45:59|1934.0|  0.3|INFORM|Transaction #5007 was successfully committed
2026-08-12 13:45:59|1934.0|  0.0|INFORM|MULTI_WRITER writer: 73,335 of 97,117 features written
2026-08-12 13:45:59|1934.3|  0.3|INFORM|Transaction #5008 was successfully committed
2026-08-12 13:46:00|1934.8|  0.5|INFORM|Transaction #5009 was successfully committed
2026-08-12 13:46:00|1935.1|  0.3|INFORM|Transaction #5010 was successfully committed
2026-08-12 13:46:00|1935.4|  0.3|INFORM|Transaction #5011 was successfully committed
2026-08-12 13:46:01|1935.8|  0.4|INFORM|Transaction #5012 was successfully committed
2026-08-12 13:46:01|1936.2|  0.4|INFORM|Transaction #5013 was successfully committed
2026-08-12 13:46:01|1936.6|  0.4|INFORM|Transaction #5014 was successfully committed
2026-08-12 13:46:02|1936.9|  0.3|INFORM|Transaction #5015 was successfully committed
2026-08-12 13:46:02|1937.3|  0.4|INFORM|Transaction #5016 was successfully committed
2026-08-12 13:46:02|1937.6|  0.3|INFORM|Transaction #5017 was successfully committed
2026-08-12 13:46:03|1937.9|  0.3|INFORM|Transaction #5018 was successfully committed
2026-08-12 13:46:03|1938.3|  0.4|INFORM|Transaction #5019 was successfully committed
2026-08-12 13:46:04|1938.6|  0.3|INFORM|Transaction #5020 was successfully committed
2026-08-12 13:46:04|1939.0|  0.4|INFORM|Transaction #5021 was successfully committed
2026-08-12 13:46:04|1939.0|  0.0|INFORM|MULTI_WRITER writer: 87,408 of 97,117 features written
2026-08-12 13:46:04|1939.4|  0.4|INFORM|Transaction #5022 was successfully committed
2026-08-12 13:46:05|1939.7|  0.3|INFORM|Transaction #5023 was successfully committed
2026-08-12 13:46:05|1940.0|  0.3|INFORM|Transaction #5024 was successfully committed
2026-08-12 13:46:05|1940.4|  0.4|INFORM|Transaction #5025 was successfully committed
2026-08-12 13:46:06|1940.7|  0.3|INFORM|Transaction #5026 was successfully committed
2026-08-12 13:46:06|1941.1|  0.4|INFORM|Transaction #5027 was successfully committed
2026-08-12 13:46:06|1941.5|  0.4|INFORM|Transaction #5028 was successfully committed
2026-08-12 13:46:07|1941.8|  0.3|INFORM|Transaction #5029 was successfully committed
2026-08-12 13:46:07|1942.2|  0.4|INFORM|Transaction #5030 was successfully committed
2026-08-12 13:46:07|1942.5|  0.3|INFORM|MULTI_WRITER writer: 97,117 of 97,117 features written
2026-08-12 13:46:08|1943.4|  0.9|INFORM|FFS writer: Writing 99563 feature(s) to file 'C:\Users\ASHTON~1.EAV\AppData\Local\Temp\wb-cache-LUS_PostProcessing_V01_ACE_25062-pwVrLI\Main_FeatureMerger -1 9 fo 0 MERGED  0  3bb0bff46fb22b1870d2b0394c88e7443c1c5b53_55.fts'
2026-08-12 13:46:09|1943.6|  0.2|INFORM|Spatial Index: Adding 99563 features
2026-08-12 13:46:09|1943.7|  0.1|INFORM|AttributeManager_OUTPUT Feature Recorder -1 2147614758 (RecorderFactory): Splitting bulk features into individual features
2026-08-12 13:46:09|1943.7|  0.0|INFORM|Transaction #5031 was successfully committed
2026-08-12 13:46:09|1944.2|  0.5|INFORM|Transaction #5032 was successfully committed
2026-08-12 13:46:09|1944.5|  0.3|INFORM|FFS writer: Writing 98125 feature(s) to file 'C:\Users\ASHTON~1.EAV\AppData\Local\Temp\wb-cache-LUS_PostProcessing_V01_ACE_25062-pwVrLI\Main_AttributeManager -1 38 fo 0 OUTPUT  0  71ef952938b38eff2ab0aa29d9504d1788ebbaa7_81.fts'
2026-08-12 13:46:10|1944.7|  0.2|INFORM|Spatial Index: Adding 98125 features
2026-08-12 13:46:10|1944.8|  0.1|INFORM|MULTI_WRITER writer: Splitting bulk features into individual features
2026-08-12 13:46:10|1945.0|  0.2|INFORM|Transaction #5033 was successfully committed
2026-08-12 13:46:10|1945.4|  0.4|INFORM|Transaction #5034 was successfully committed
2026-08-12 13:46:11|1945.7|  0.3|INFORM|Transaction #5035 was successfully committed
2026-08-12 13:46:11|1946.0|  0.3|INFORM|Transaction #5036 was successfully committed
2026-08-12 13:46:11|1946.4|  0.4|INFORM|Transaction #5037 was successfully committed
2026-08-12 13:46:12|1946.7|  0.3|INFORM|Transaction #5038 was successfully committed
2026-08-12 13:46:12|1947.0|  0.3|INFORM|Transaction #5039 was successfully committed
2026-08-12 13:46:12|1947.3|  0.3|INFORM|Transaction #5040 was successfully committed
2026-08-12 13:46:13|1947.7|  0.4|INFORM|Transaction #5041 was successfully committed
2026-08-12 13:46:13|1948.0|  0.3|INFORM|Transaction #5042 was successfully committed
2026-08-12 13:46:13|1948.4|  0.4|INFORM|Transaction #5043 was successfully committed
2026-08-12 13:46:14|1948.7|  0.3|INFORM|Transaction #5044 was successfully committed
2026-08-12 13:46:14|1949.0|  0.3|INFORM|Transaction #5045 was successfully committed
2026-08-12 13:46:14|1949.4|  0.4|INFORM|Transaction #5046 was successfully committed
2026-08-12 13:46:15|1949.8|  0.4|INFORM|MULTI_WRITER writer: 14,727 of 98,125 features written
2026-08-12 13:46:15|1949.8|  0.0|INFORM|Transaction #5047 was successfully committed
2026-08-12 13:46:15|1950.1|  0.3|INFORM|Transaction #5048 was successfully committed
2026-08-12 13:46:15|1950.4|  0.3|INFORM|Transaction #5049 was successfully committed
2026-08-12 13:46:16|1950.7|  0.3|INFORM|Transaction #5050 was successfully committed
2026-08-12 13:46:16|1951.1|  0.4|INFORM|Transaction #5051 was successfully committed
2026-08-12 13:46:16|1951.4|  0.3|INFORM|Transaction #5052 was successfully committed
2026-08-12 13:46:17|1951.8|  0.4|INFORM|Transaction #5053 was successfully committed
2026-08-12 13:46:17|1952.1|  0.3|INFORM|Transaction #5054 was successfully committed
2026-08-12 13:46:17|1952.4|  0.3|INFORM|Transaction #5055 was successfully committed
2026-08-12 13:46:18|1952.8|  0.4|INFORM|Transaction #5056 was successfully committed
2026-08-12 13:46:18|1953.2|  0.4|INFORM|Transaction #5057 was successfully committed
2026-08-12 13:46:18|1953.5|  0.3|INFORM|Transaction #5058 was successfully committed
2026-08-12 13:46:19|1953.9|  0.4|INFORM|Transaction #5059 was successfully committed
2026-08-12 13:46:19|1954.2|  0.3|INFORM|Transaction #5060 was successfully committed
2026-08-12 13:46:19|1954.5|  0.3|INFORM|Transaction #5061 was successfully committed
2026-08-12 13:46:20|1954.7|  0.2|INFORM|MULTI_WRITER writer: 29,502 of 98,125 features written
2026-08-12 13:46:20|1954.8|  0.1|INFORM|Transaction #5062 was successfully committed
2026-08-12 13:46:20|1955.2|  0.4|INFORM|Transaction #5063 was successfully committed
2026-08-12 13:46:20|1955.6|  0.4|INFORM|Transaction #5064 was successfully committed
2026-08-12 13:46:21|1955.9|  0.3|INFORM|Transaction #5065 was successfully committed
2026-08-12 13:46:21|1956.2|  0.3|INFORM|Transaction #5066 was successfully committed
2026-08-12 13:46:21|1956.6|  0.4|INFORM|Transaction #5067 was successfully committed
2026-08-12 13:46:22|1956.9|  0.3|INFORM|Transaction #5068 was successfully committed
2026-08-12 13:46:22|1957.2|  0.3|INFORM|Transaction #5069 was successfully committed
2026-08-12 13:46:22|1957.6|  0.4|INFORM|Transaction #5070 was successfully committed
2026-08-12 13:46:23|1957.9|  0.3|INFORM|Transaction #5071 was successfully committed
2026-08-12 13:46:23|1958.2|  0.3|INFORM|Transaction #5072 was successfully committed
2026-08-12 13:46:23|1958.6|  0.4|INFORM|Transaction #5073 was successfully committed
2026-08-12 13:46:24|1958.9|  0.3|INFORM|Transaction #5074 was successfully committed
2026-08-12 13:46:24|1959.2|  0.3|INFORM|Transaction #5075 was successfully committed
2026-08-12 13:46:25|1959.6|  0.4|INFORM|Transaction #5076 was successfully committed
2026-08-12 13:46:25|1959.7|  0.1|INFORM|MULTI_WRITER writer: 44,252 of 98,125 features written
2026-08-12 13:46:25|1959.9|  0.2|INFORM|Transaction #5077 was successfully committed
2026-08-12 13:46:25|1960.2|  0.3|INFORM|Transaction #5078 was successfully committed
2026-08-12 13:46:26|1960.6|  0.4|INFORM|Transaction #5079 was successfully committed
2026-08-12 13:46:26|1961.0|  0.4|INFORM|Transaction #5080 was successfully committed
2026-08-12 13:46:26|1961.3|  0.3|INFORM|Transaction #5081 was successfully committed
2026-08-12 13:46:27|1961.6|  0.3|INFORM|Transaction #5082 was successfully committed
2026-08-12 13:46:27|1961.9|  0.3|INFORM|Transaction #5083 was successfully committed
2026-08-12 13:46:27|1962.3|  0.4|INFORM|Transaction #5084 was successfully committed
2026-08-12 13:46:28|1962.6|  0.3|INFORM|Transaction #5085 was successfully committed
2026-08-12 13:46:28|1962.9|  0.3|INFORM|Transaction #5086 was successfully committed
2026-08-12 13:46:28|1963.3|  0.4|INFORM|Transaction #5087 was successfully committed
2026-08-12 13:46:29|1963.6|  0.3|INFORM|Transaction #5088 was successfully committed
2026-08-12 13:46:29|1963.9|  0.3|INFORM|Transaction #5089 was successfully committed
2026-08-12 13:46:29|1964.3|  0.4|INFORM|Transaction #5090 was successfully committed
2026-08-12 13:46:30|1964.7|  0.4|INFORM|Transaction #5091 was successfully committed
2026-08-12 13:46:30|1964.8|  0.1|INFORM|MULTI_WRITER writer: 59,032 of 98,125 features written
2026-08-12 13:46:30|1965.0|  0.2|INFORM|Transaction #5092 was successfully committed
2026-08-12 13:46:30|1965.3|  0.3|INFORM|Transaction #5093 was successfully committed
2026-08-12 13:46:31|1965.7|  0.4|INFORM|Transaction #5094 was successfully committed
2026-08-12 13:46:31|1966.0|  0.3|INFORM|Transaction #5095 was successfully committed
2026-08-12 13:46:31|1966.3|  0.3|INFORM|Transaction #5096 was successfully committed
2026-08-12 13:46:32|1966.7|  0.4|INFORM|Transaction #5097 was successfully committed
2026-08-12 13:46:32|1967.0|  0.3|INFORM|Transaction #5098 was successfully committed
2026-08-12 13:46:32|1967.3|  0.3|INFORM|Transaction #5099 was successfully committed
2026-08-12 13:46:33|1967.7|  0.4|INFORM|Transaction #5100 was successfully committed
2026-08-12 13:46:33|1968.0|  0.3|INFORM|Transaction #5101 was successfully committed
2026-08-12 13:46:33|1968.4|  0.4|INFORM|Transaction #5102 was successfully committed
2026-08-12 13:46:34|1968.7|  0.3|INFORM|Transaction #5103 was successfully committed
2026-08-12 13:46:34|1969.0|  0.3|INFORM|Transaction #5104 was successfully committed
2026-08-12 13:46:34|1969.4|  0.4|INFORM|Transaction #5105 was successfully committed
2026-08-12 13:46:35|1969.7|  0.3|INFORM|Transaction #5106 was successfully committed
2026-08-12 13:46:35|1969.7|  0.0|INFORM|MULTI_WRITER writer: 73,742 of 98,125 features written
2026-08-12 13:46:35|1970.0|  0.3|INFORM|Transaction #5107 was successfully committed
2026-08-12 13:46:35|1970.4|  0.4|INFORM|Transaction #5108 was successfully committed
2026-08-12 13:46:36|1970.7|  0.3|INFORM|Transaction #5109 was successfully committed
2026-08-12 13:46:36|1971.1|  0.4|INFORM|Transaction #5110 was successfully committed
2026-08-12 13:46:36|1971.5|  0.4|INFORM|Transaction #5111 was successfully committed
2026-08-12 13:46:37|1971.8|  0.3|INFORM|Transaction #5112 was successfully committed
2026-08-12 13:46:37|1972.2|  0.4|INFORM|Transaction #5113 was successfully committed
2026-08-12 13:46:38|1972.6|  0.4|INFORM|Transaction #5114 was successfully committed
2026-08-12 13:46:38|1972.9|  0.3|INFORM|Transaction #5115 was successfully committed
2026-08-12 13:46:38|1973.3|  0.4|INFORM|Transaction #5116 was successfully committed
2026-08-12 13:46:39|1973.6|  0.3|INFORM|Transaction #5117 was successfully committed
2026-08-12 13:46:39|1974.0|  0.4|INFORM|Transaction #5118 was successfully committed
2026-08-12 13:46:39|1974.4|  0.4|INFORM|Transaction #5119 was successfully committed
2026-08-12 13:46:40|1974.7|  0.3|INFORM|MULTI_WRITER writer: 87,708 of 98,125 features written
2026-08-12 13:46:40|1974.7|  0.0|INFORM|Transaction #5120 was successfully committed
2026-08-12 13:46:40|1975.1|  0.4|INFORM|Transaction #5121 was successfully committed
2026-08-12 13:46:40|1975.5|  0.4|INFORM|Transaction #5122 was successfully committed
2026-08-12 13:46:41|1975.9|  0.4|INFORM|Transaction #5123 was successfully committed
2026-08-12 13:46:41|1976.3|  0.4|INFORM|Transaction #5124 was successfully committed
2026-08-12 13:46:42|1976.6|  0.3|INFORM|Transaction #5125 was successfully committed
2026-08-12 13:46:42|1977.1|  0.5|INFORM|Transaction #5126 was successfully committed
2026-08-12 13:46:42|1977.4|  0.3|INFORM|Transaction #5127 was successfully committed
2026-08-12 13:46:43|1977.8|  0.4|INFORM|Transaction #5128 was successfully committed
2026-08-12 13:46:43|1978.2|  0.4|INFORM|Transaction #5129 was successfully committed
2026-08-12 13:46:44|1978.6|  0.4|INFORM|Transaction #5130 was successfully committed
2026-08-12 13:46:44|1978.7|  0.1|INFORM|MULTI_WRITER writer: 98,125 of 98,125 features written
2026-08-12 13:46:45|1979.8|  1.1|INFORM|FFS writer: Writing 100000 feature(s) to file 'C:\Users\ASHTON~1.EAV\AppData\Local\Temp\wb-cache-LUS_PostProcessing_V01_ACE_25062-pwVrLI\Main_FeatureMerger -1 9 fo 0 MERGED  0  3bb0bff46fb22b1870d2b0394c88e7443c1c5b53_56.fts'
2026-08-12 13:46:45|1980.0|  0.2|INFORM|Spatial Index: Adding 100000 features
2026-08-12 13:46:45|1980.1|  0.1|INFORM|FFS writer: Writing 3277 feature(s) to file 'C:\Users\ASHTON~1.EAV\AppData\Local\Temp\wb-cache-LUS_PostProcessing_V01_ACE_25062-pwVrLI\Main_AttributeManager -1 38 fo 0 OUTPUT  0  71ef952938b38eff2ab0aa29d9504d1788ebbaa7_82.fts'
2026-08-12 13:46:45|1980.1|  0.0|INFORM|Spatial Index: Adding 3277 features
2026-08-12 13:46:45|1980.1|  0.0|INFORM|MULTI_WRITER writer: Splitting bulk features into individual features
2026-08-12 13:46:45|1980.4|  0.3|INFORM|Transaction #5131 was successfully committed
2026-08-12 13:46:46|1980.7|  0.3|INFORM|Transaction #5132 was successfully committed
2026-08-12 13:46:46|1981.1|  0.4|INFORM|Transaction #5133 was successfully committed
2026-08-12 13:46:47|1981.7|  0.6|INFORM|FFS writer: Writing 96723 feature(s) to file 'C:\Users\ASHTON~1.EAV\AppData\Local\Temp\wb-cache-LUS_PostProcessing_V01_ACE_25062-pwVrLI\Main_AttributeManager -1 38 fo 0 OUTPUT  0  71ef952938b38eff2ab0aa29d9504d1788ebbaa7_83.fts'
2026-08-12 13:46:47|1981.9|  0.2|INFORM|Spatial Index: Adding 96723 features
2026-08-12 13:46:47|1982.0|  0.1|INFORM|MULTI_WRITER writer: Splitting bulk features into individual features
2026-08-12 13:46:47|1982.1|  0.1|INFORM|Transaction #5134 was successfully committed
2026-08-12 13:46:47|1982.5|  0.4|INFORM|Transaction #5135 was successfully committed
2026-08-12 13:46:48|1982.9|  0.4|INFORM|Transaction #5136 was successfully committed
2026-08-12 13:46:48|1983.4|  0.5|INFORM|Transaction #5137 was successfully committed
2026-08-12 13:46:49|1983.7|  0.3|INFORM|Transaction #5138 was successfully committed
2026-08-12 13:46:49|1984.1|  0.4|INFORM|Transaction #5139 was successfully committed
2026-08-12 13:46:49|1984.5|  0.4|INFORM|Transaction #5140 was successfully committed
2026-08-12 13:46:50|1984.9|  0.4|INFORM|Transaction #5141 was successfully committed
2026-08-12 13:46:50|1985.2|  0.3|INFORM|Transaction #5142 was successfully committed
2026-08-12 13:46:51|1985.6|  0.4|INFORM|Transaction #5143 was successfully committed
2026-08-12 13:46:51|1986.0|  0.4|INFORM|Transaction #5144 was successfully committed
2026-08-12 13:46:51|1986.4|  0.4|INFORM|Transaction #5145 was successfully committed
2026-08-12 13:46:52|1986.8|  0.4|INFORM|Transaction #5146 was successfully committed
2026-08-12 13:46:52|1986.9|  0.1|INFORM|MULTI_WRITER writer: 12,565 of 96,723 features written
2026-08-12 13:46:52|1987.2|  0.3|INFORM|Transaction #5147 was successfully committed
2026-08-12 13:46:53|1987.6|  0.4|INFORM|Transaction #5148 was successfully committed
2026-08-12 13:46:53|1988.0|  0.4|INFORM|Transaction #5149 was successfully committed
2026-08-12 13:46:53|1988.5|  0.5|INFORM|Transaction #5150 was successfully committed
2026-08-12 13:46:54|1988.8|  0.3|INFORM|Transaction #5151 was successfully committed
2026-08-12 13:46:54|1989.2|  0.4|INFORM|Transaction #5152 was successfully committed
2026-08-12 13:46:55|1989.6|  0.4|INFORM|Transaction #5153 was successfully committed
2026-08-12 13:46:55|1990.0|  0.4|INFORM|Transaction #5154 was successfully committed
2026-08-12 13:46:55|1990.3|  0.3|INFORM|Transaction #5155 was successfully committed
2026-08-12 13:46:56|1990.8|  0.5|INFORM|Transaction #5156 was successfully committed
2026-08-12 13:46:56|1991.2|  0.4|INFORM|Transaction #5157 was successfully committed
2026-08-12 13:46:57|1991.5|  0.3|INFORM|Transaction #5158 was successfully committed
2026-08-12 13:46:57|1991.9|  0.4|INFORM|Transaction #5159 was successfully committed
2026-08-12 13:46:57|1991.9|  0.0|INFORM|MULTI_WRITER writer: 25,332 of 96,723 features written
2026-08-12 13:46:57|1992.3|  0.4|INFORM|Transaction #5160 was successfully committed
2026-08-12 13:46:58|1992.7|  0.4|INFORM|Transaction #5161 was successfully committed
2026-08-12 13:46:58|1993.1|  0.4|INFORM|Transaction #5162 was successfully committed
2026-08-12 13:46:58|1993.5|  0.4|INFORM|Transaction #5163 was successfully committed
2026-08-12 13:46:59|1993.9|  0.4|INFORM|Transaction #5164 was successfully committed
2026-08-12 13:46:59|1994.2|  0.3|INFORM|Transaction #5165 was successfully committed
2026-08-12 13:47:00|1994.7|  0.5|INFORM|Transaction #5166 was successfully committed
2026-08-12 13:47:00|1995.1|  0.4|INFORM|Transaction #5167 was successfully committed
2026-08-12 13:47:00|1995.5|  0.4|INFORM|Transaction #5168 was successfully committed
2026-08-12 13:47:01|1995.9|  0.4|INFORM|Transaction #5169 was successfully committed
2026-08-12 13:47:01|1996.3|  0.4|INFORM|Transaction #5170 was successfully committed
2026-08-12 13:47:02|1996.7|  0.4|INFORM|Transaction #5171 was successfully committed
2026-08-12 13:47:02|1996.9|  0.2|INFORM|MULTI_WRITER writer: 38,097 of 96,723 features written
2026-08-12 13:47:02|1997.0|  0.1|INFORM|Transaction #5172 was successfully committed
2026-08-12 13:47:02|1997.4|  0.4|INFORM|Transaction #5173 was successfully committed
2026-08-12 13:47:03|1997.8|  0.4|INFORM|Transaction #5174 was successfully committed
2026-08-12 13:47:03|1998.2|  0.4|INFORM|Transaction #5175 was successfully committed
2026-08-12 13:47:04|1998.6|  0.4|INFORM|Transaction #5176 was successfully committed
2026-08-12 13:47:04|1999.0|  0.4|INFORM|Transaction #5177 was successfully committed
2026-08-12 13:47:04|1999.5|  0.5|INFORM|Transaction #5178 was successfully committed
2026-08-12 13:47:05|1999.8|  0.3|INFORM|Transaction #5179 was successfully committed
2026-08-12 13:47:05|2000.2|  0.4|INFORM|Transaction #5180 was successfully committed
2026-08-12 13:47:06|2000.6|  0.4|INFORM|Transaction #5181 was successfully committed
2026-08-12 13:47:06|2001.1|  0.5|INFORM|Transaction #5182 was successfully committed
2026-08-12 13:47:06|2001.5|  0.4|INFORM|Transaction #5183 was successfully committed
2026-08-12 13:47:07|2001.9|  0.4|INFORM|Transaction #5184 was successfully committed
2026-08-12 13:47:07|2001.9|  0.0|INFORM|MULTI_WRITER writer: 50,422 of 96,723 features written
2026-08-12 13:47:07|2002.3|  0.4|INFORM|Transaction #5185 was successfully committed
2026-08-12 13:47:08|2002.7|  0.4|INFORM|Transaction #5186 was successfully committed
2026-08-12 13:47:08|2003.1|  0.4|INFORM|Transaction #5187 was successfully committed
2026-08-12 13:47:09|2003.4|  0.3|INFORM|Transaction #5188 was successfully committed
2026-08-12 13:47:09|2003.9|  0.5|INFORM|Transaction #5189 was successfully committed
2026-08-12 13:47:09|2004.2|  0.3|INFORM|Transaction #5190 was successfully committed
2026-08-12 13:47:10|2004.7|  0.5|INFORM|Transaction #5191 was successfully committed
2026-08-12 13:47:10|2005.1|  0.4|INFORM|Transaction #5192 was successfully committed
2026-08-12 13:47:11|2005.5|  0.4|INFORM|Transaction #5193 was successfully committed
2026-08-12 13:47:11|2005.9|  0.4|INFORM|Transaction #5194 was successfully committed
2026-08-12 13:47:11|2006.3|  0.4|INFORM|Transaction #5195 was successfully committed
2026-08-12 13:47:12|2006.7|  0.4|INFORM|Transaction #5196 was successfully committed
2026-08-12 13:47:12|2006.9|  0.2|INFORM|MULTI_WRITER writer: 62,808 of 96,723 features written
2026-08-12 13:47:12|2007.1|  0.2|INFORM|Transaction #5197 was successfully committed
2026-08-12 13:47:13|2007.5|  0.4|INFORM|Transaction #5198 was successfully committed
2026-08-12 13:47:13|2007.9|  0.4|INFORM|Transaction #5199 was successfully committed
2026-08-12 13:47:13|2008.2|  0.3|INFORM|Transaction #5200 was successfully committed
2026-08-12 13:47:14|2008.6|  0.4|INFORM|Transaction #5201 was successfully committed
2026-08-12 13:47:14|2009.0|  0.4|INFORM|Transaction #5202 was successfully committed
2026-08-12 13:47:14|2009.4|  0.4|INFORM|Transaction #5203 was successfully committed
2026-08-12 13:47:15|2009.8|  0.4|INFORM|Transaction #5204 was successfully committed
2026-08-12 13:47:15|2010.2|  0.4|INFORM|Transaction #5205 was successfully committed
2026-08-12 13:47:16|2010.6|  0.4|INFORM|Transaction #5206 was successfully committed
2026-08-12 13:47:16|2010.9|  0.3|INFORM|Transaction #5207 was successfully committed
2026-08-12 13:47:16|2011.4|  0.5|INFORM|Transaction #5208 was successfully committed
2026-08-12 13:47:17|2011.8|  0.4|INFORM|Transaction #5209 was successfully committed
2026-08-12 13:47:17|2011.9|  0.1|INFORM|MULTI_WRITER writer: 75,618 of 96,723 features written
2026-08-12 13:47:17|2012.2|  0.3|INFORM|Transaction #5210 was successfully committed
2026-08-12 13:47:18|2012.6|  0.4|INFORM|Transaction #5211 was successfully committed
2026-08-12 13:47:18|2013.0|  0.4|INFORM|Transaction #5212 was successfully committed
2026-08-12 13:47:18|2013.3|  0.3|INFORM|Transaction #5213 was successfully committed
2026-08-12 13:47:19|2013.7|  0.4|INFORM|Transaction #5214 was successfully committed
2026-08-12 13:47:19|2014.1|  0.4|INFORM|Transaction #5215 was successfully committed
2026-08-12 13:47:20|2014.5|  0.4|INFORM|Transaction #5216 was successfully committed
2026-08-12 13:47:20|2014.8|  0.3|INFORM|Transaction #5217 was successfully committed
2026-08-12 13:47:20|2015.2|  0.4|INFORM|Transaction #5218 was successfully committed
2026-08-12 13:47:21|2015.6|  0.4|INFORM|Transaction #5219 was successfully committed
2026-08-12 13:47:21|2016.0|  0.4|INFORM|Transaction #5220 was successfully committed
2026-08-12 13:47:21|2016.4|  0.4|INFORM|Transaction #5221 was successfully committed
2026-08-12 13:47:22|2016.8|  0.4|INFORM|Transaction #5222 was successfully committed
2026-08-12 13:47:22|2016.8|  0.0|INFORM|MULTI_WRITER writer: 88,504 of 96,723 features written
2026-08-12 13:47:22|2017.2|  0.4|INFORM|Transaction #5223 was successfully committed
2026-08-12 13:47:23|2017.5|  0.3|INFORM|Transaction #5224 was successfully committed
2026-08-12 13:47:23|2018.0|  0.5|INFORM|Transaction #5225 was successfully committed
2026-08-12 13:47:23|2018.4|  0.4|INFORM|Transaction #5226 was successfully committed
2026-08-12 13:47:24|2018.8|  0.4|INFORM|Transaction #5227 was successfully committed
2026-08-12 13:47:24|2019.2|  0.4|INFORM|Transaction #5228 was successfully committed
2026-08-12 13:47:25|2019.5|  0.3|INFORM|Transaction #5229 was successfully committed
2026-08-12 13:47:25|2019.9|  0.4|INFORM|Transaction #5230 was successfully committed
2026-08-12 13:47:25|2020.0|  0.1|INFORM|MULTI_WRITER writer: 96,723 of 96,723 features written
2026-08-12 13:47:26|2021.2|  1.2|INFORM|FFS writer: Writing 100000 feature(s) to file 'C:\Users\ASHTON~1.EAV\AppData\Local\Temp\wb-cache-LUS_PostProcessing_V01_ACE_25062-pwVrLI\Main_FeatureMerger -1 9 fo 0 MERGED  0  3bb0bff46fb22b1870d2b0394c88e7443c1c5b53_57.fts'
2026-08-12 13:47:26|2021.2|  0.0|INFORM|Spatial Index: Adding 100000 features
2026-08-12 13:47:26|2021.4|  0.2|INFORM|AttributeManager_OUTPUT Feature Recorder -1 2147614758 (RecorderFactory): Splitting bulk features into individual features
2026-08-12 13:47:27|2022.0|  0.6|INFORM|FFS writer: Writing 99418 feature(s) to file 'C:\Users\ASHTON~1.EAV\AppData\Local\Temp\wb-cache-LUS_PostProcessing_V01_ACE_25062-pwVrLI\Main_AttributeManager -1 38 fo 0 OUTPUT  0  71ef952938b38eff2ab0aa29d9504d1788ebbaa7_84.fts'
2026-08-12 13:47:27|2022.1|  0.1|INFORM|Spatial Index: Adding 99418 features
2026-08-12 13:47:27|2022.2|  0.1|INFORM|MULTI_WRITER writer: Splitting bulk features into individual features
2026-08-12 13:47:27|2022.2|  0.0|INFORM|Transaction #5231 was successfully committed
2026-08-12 13:47:28|2022.6|  0.4|INFORM|Transaction #5232 was successfully committed
2026-08-12 13:47:28|2023.0|  0.4|INFORM|Transaction #5233 was successfully committed
2026-08-12 13:47:28|2023.3|  0.3|INFORM|Transaction #5234 was successfully committed
2026-08-12 13:47:29|2023.7|  0.4|INFORM|Transaction #5235 was successfully committed
2026-08-12 13:47:29|2024.1|  0.4|INFORM|Transaction #5236 was successfully committed
2026-08-12 13:47:30|2024.5|  0.4|INFORM|Transaction #5237 was successfully committed
2026-08-12 13:47:30|2024.9|  0.4|INFORM|Transaction #5238 was successfully committed
2026-08-12 13:47:30|2025.3|  0.4|INFORM|Transaction #5239 was successfully committed
2026-08-12 13:47:31|2025.7|  0.4|INFORM|Transaction #5240 was successfully committed
2026-08-12 13:47:31|2026.1|  0.4|INFORM|Transaction #5241 was successfully committed
2026-08-12 13:47:32|2026.5|  0.4|INFORM|Transaction #5242 was successfully committed
2026-08-12 13:47:32|2026.9|  0.4|INFORM|Transaction #5243 was successfully committed
2026-08-12 13:47:32|2027.2|  0.3|INFORM|MULTI_WRITER writer: 12,741 of 99,418 features written
2026-08-12 13:47:32|2027.3|  0.1|INFORM|Transaction #5244 was successfully committed
2026-08-12 13:47:33|2027.7|  0.4|INFORM|Transaction #5245 was successfully committed
2026-08-12 13:47:33|2028.1|  0.4|INFORM|Transaction #5246 was successfully committed
2026-08-12 13:47:34|2028.5|  0.4|INFORM|Transaction #5247 was successfully committed
2026-08-12 13:47:34|2028.8|  0.3|INFORM|Transaction #5248 was successfully committed
2026-08-12 13:47:34|2029.2|  0.4|INFORM|Transaction #5249 was successfully committed
2026-08-12 13:47:35|2029.6|  0.4|INFORM|Transaction #5250 was successfully committed
2026-08-12 13:47:35|2030.0|  0.4|INFORM|Transaction #5251 was successfully committed
2026-08-12 13:47:36|2030.4|  0.4|INFORM|Transaction #5252 was successfully committed
2026-08-12 13:47:36|2030.7|  0.3|INFORM|Transaction #5253 was successfully committed
2026-08-12 13:47:36|2031.1|  0.4|INFORM|Transaction #5254 was successfully committed
2026-08-12 13:47:37|2031.6|  0.5|INFORM|Transaction #5255 was successfully committed
2026-08-12 13:47:37|2032.0|  0.4|INFORM|Transaction #5256 was successfully committed
2026-08-12 13:47:37|2032.2|  0.2|INFORM|MULTI_WRITER writer: 25,478 of 99,418 features written
2026-08-12 13:47:37|2032.4|  0.2|INFORM|Transaction #5257 was successfully committed
2026-08-12 13:47:38|2032.8|  0.4|INFORM|Transaction #5258 was successfully committed
2026-08-12 13:47:38|2033.1|  0.3|INFORM|Transaction #5259 was successfully committed
2026-08-12 13:47:39|2033.5|  0.4|INFORM|Transaction #5260 was successfully committed
2026-08-12 13:47:39|2033.9|  0.4|INFORM|Transaction #5261 was successfully committed
2026-08-12 13:47:39|2034.4|  0.5|INFORM|Transaction #5262 was successfully committed
2026-08-12 13:47:40|2034.7|  0.3|INFORM|Transaction #5263 was successfully committed
2026-08-12 13:47:40|2035.1|  0.4|INFORM|Transaction #5264 was successfully committed
2026-08-12 13:47:41|2035.5|  0.4|INFORM|Transaction #5265 was successfully committed
2026-08-12 13:47:41|2035.9|  0.4|INFORM|Transaction #5266 was successfully committed
2026-08-12 13:47:41|2036.3|  0.4|INFORM|Transaction #5267 was successfully committed
2026-08-12 13:47:42|2036.7|  0.4|INFORM|Transaction #5268 was successfully committed
2026-08-12 13:47:42|2037.0|  0.3|INFORM|Transaction #5269 was successfully committed
2026-08-12 13:47:42|2037.2|  0.2|INFORM|MULTI_WRITER writer: 38,285 of 99,418 features written
2026-08-12 13:47:43|2037.4|  0.2|INFORM|Transaction #5270 was successfully committed
2026-08-12 13:47:43|2037.8|  0.4|INFORM|Transaction #5271 was successfully committed
2026-08-12 13:47:43|2038.2|  0.4|INFORM|Transaction #5272 was successfully committed
2026-08-12 13:47:44|2038.6|  0.4|INFORM|Transaction #5273 was successfully committed
2026-08-12 13:47:44|2039.0|  0.4|INFORM|Transaction #5274 was successfully committed
2026-08-12 13:47:44|2039.4|  0.4|INFORM|Transaction #5275 was successfully committed
2026-08-12 13:47:45|2039.8|  0.4|INFORM|Transaction #5276 was successfully committed
2026-08-12 13:47:45|2040.1|  0.3|INFORM|Transaction #5277 was successfully committed
2026-08-12 13:47:46|2040.5|  0.4|INFORM|Transaction #5278 was successfully committed
2026-08-12 13:47:46|2040.9|  0.4|INFORM|Transaction #5279 was successfully committed
2026-08-12 13:47:46|2041.3|  0.4|INFORM|Transaction #5280 was successfully committed
2026-08-12 13:47:47|2041.7|  0.4|INFORM|Transaction #5281 was successfully committed
2026-08-12 13:47:47|2042.1|  0.4|INFORM|Transaction #5282 was successfully committed
2026-08-12 13:47:47|2042.2|  0.1|INFORM|MULTI_WRITER writer: 51,148 of 99,418 features written
2026-08-12 13:47:48|2042.5|  0.3|INFORM|Transaction #5283 was successfully committed
2026-08-12 13:47:48|2042.9|  0.4|INFORM|Transaction #5284 was successfully committed
2026-08-12 13:47:48|2043.2|  0.3|INFORM|Transaction #5285 was successfully committed
2026-08-12 13:47:49|2043.6|  0.4|INFORM|Transaction #5286 was successfully committed
2026-08-12 13:47:49|2044.0|  0.4|INFORM|Transaction #5287 was successfully committed
2026-08-12 13:47:50|2044.4|  0.4|INFORM|Transaction #5288 was successfully committed
2026-08-12 13:47:50|2044.8|  0.4|INFORM|Transaction #5289 was successfully committed
2026-08-12 13:47:50|2045.2|  0.4|INFORM|Transaction #5290 was successfully committed
2026-08-12 13:47:51|2045.6|  0.4|INFORM|Transaction #5291 was successfully committed
2026-08-12 13:47:51|2046.0|  0.4|INFORM|Transaction #5292 was successfully committed
2026-08-12 13:47:51|2046.4|  0.4|INFORM|Transaction #5293 was successfully committed
2026-08-12 13:47:52|2046.8|  0.4|INFORM|Transaction #5294 was successfully committed
2026-08-12 13:47:52|2047.2|  0.4|INFORM|MULTI_WRITER writer: 63,950 of 99,418 features written
2026-08-12 13:47:52|2047.2|  0.0|INFORM|Transaction #5295 was successfully committed
2026-08-12 13:47:53|2047.6|  0.4|INFORM|Transaction #5296 was successfully committed
2026-08-12 13:47:53|2047.9|  0.3|INFORM|Transaction #5297 was successfully committed
2026-08-12 13:47:53|2048.4|  0.5|INFORM|Transaction #5298 was successfully committed
2026-08-12 13:47:54|2048.8|  0.4|INFORM|Transaction #5299 was successfully committed
2026-08-12 13:47:54|2049.2|  0.4|INFORM|Transaction #5300 was successfully committed
2026-08-12 13:47:55|2049.6|  0.4|INFORM|Transaction #5301 was successfully committed
2026-08-12 13:47:55|2050.0|  0.4|INFORM|Transaction #5302 was successfully committed
2026-08-12 13:47:55|2050.4|  0.4|INFORM|Transaction #5303 was successfully committed
2026-08-12 13:47:56|2050.7|  0.3|INFORM|Transaction #5304 was successfully committed
2026-08-12 13:47:56|2051.1|  0.4|INFORM|Transaction #5305 was successfully committed
2026-08-12 13:47:57|2051.5|  0.4|INFORM|Transaction #5306 was successfully committed
2026-08-12 13:47:57|2051.9|  0.4|INFORM|Transaction #5307 was successfully committed
2026-08-12 13:47:57|2052.2|  0.3|INFORM|MULTI_WRITER writer: 76,724 of 99,418 features written
2026-08-12 13:47:57|2052.3|  0.1|INFORM|Transaction #5308 was successfully committed
2026-08-12 13:47:58|2052.7|  0.4|INFORM|Transaction #5309 was successfully committed
2026-08-12 13:47:58|2053.1|  0.4|INFORM|Transaction #5310 was successfully committed
2026-08-12 13:47:59|2053.5|  0.4|INFORM|Transaction #5311 was successfully committed
2026-08-12 13:47:59|2053.8|  0.3|INFORM|Transaction #5312 was successfully committed
2026-08-12 13:47:59|2054.2|  0.4|INFORM|Transaction #5313 was successfully committed
2026-08-12 13:48:00|2054.6|  0.4|INFORM|Transaction #5314 was successfully committed
2026-08-12 13:48:00|2055.0|  0.4|INFORM|Transaction #5315 was successfully committed
2026-08-12 13:48:00|2055.4|  0.4|INFORM|Transaction #5316 was successfully committed
2026-08-12 13:48:01|2055.8|  0.4|INFORM|Transaction #5317 was successfully committed
2026-08-12 13:48:01|2056.2|  0.4|INFORM|Transaction #5318 was successfully committed
2026-08-12 13:48:02|2056.6|  0.4|INFORM|Transaction #5319 was successfully committed
2026-08-12 13:48:02|2057.0|  0.4|INFORM|Transaction #5320 was successfully committed
2026-08-12 13:48:02|2057.2|  0.2|INFORM|MULTI_WRITER writer: 89,626 of 99,418 features written
2026-08-12 13:48:02|2057.4|  0.2|INFORM|Transaction #5321 was successfully committed
2026-08-12 13:48:03|2057.7|  0.3|INFORM|Transaction #5322 was successfully committed
2026-08-12 13:48:03|2058.1|  0.4|INFORM|Transaction #5323 was successfully committed
2026-08-12 13:48:04|2058.6|  0.5|INFORM|Transaction #5324 was successfully committed
2026-08-12 13:48:04|2059.0|  0.4|INFORM|Transaction #5325 was successfully committed
2026-08-12 13:48:04|2059.3|  0.3|INFORM|Transaction #5326 was successfully committed
2026-08-12 13:48:05|2059.7|  0.4|INFORM|Transaction #5327 was successfully committed
2026-08-12 13:48:05|2060.1|  0.4|INFORM|Transaction #5328 was successfully committed
2026-08-12 13:48:06|2060.5|  0.4|INFORM|Transaction #5329 was successfully committed
2026-08-12 13:48:06|2060.9|  0.4|INFORM|Transaction #5330 was successfully committed
2026-08-12 13:48:06|2061.1|  0.2|INFORM|MULTI_WRITER writer: 99,418 of 99,418 features written
2026-08-12 13:48:07|2062.0|  0.9|INFORM|FFS writer: Writing 95447 feature(s) to file 'C:\Users\ASHTON~1.EAV\AppData\Local\Temp\wb-cache-LUS_PostProcessing_V01_ACE_25062-pwVrLI\Main_FeatureMerger -1 9 fo 0 MERGED  0  3bb0bff46fb22b1870d2b0394c88e7443c1c5b53_58.fts'
2026-08-12 13:48:07|2062.3|  0.3|INFORM|Spatial Index: Adding 95447 features
2026-08-12 13:48:07|2062.4|  0.1|INFORM|FFS writer: Writing 42336 feature(s) to file 'C:\Users\ASHTON~1.EAV\AppData\Local\Temp\wb-cache-LUS_PostProcessing_V01_ACE_25062-pwVrLI\Main_AttributeManager -1 38 fo 0 OUTPUT  0  71ef952938b38eff2ab0aa29d9504d1788ebbaa7_85.fts'
2026-08-12 13:48:08|2062.5|  0.1|INFORM|Spatial Index: Adding 42336 features
2026-08-12 13:48:08|2062.5|  0.0|INFORM|MULTI_WRITER writer: Splitting bulk features into individual features
2026-08-12 13:48:08|2062.7|  0.2|INFORM|Transaction #5331 was successfully committed
2026-08-12 13:48:08|2063.2|  0.5|INFORM|Transaction #5332 was successfully committed
2026-08-12 13:48:09|2063.6|  0.4|INFORM|Transaction #5333 was successfully committed
2026-08-12 13:48:09|2064.0|  0.4|INFORM|Transaction #5334 was successfully committed
2026-08-12 13:48:09|2064.3|  0.3|INFORM|Transaction #5335 was successfully committed
2026-08-12 13:48:10|2064.7|  0.4|INFORM|Transaction #5336 was successfully committed
2026-08-12 13:48:10|2065.1|  0.4|INFORM|Transaction #5337 was successfully committed
2026-08-12 13:48:11|2065.5|  0.4|INFORM|Transaction #5338 was successfully committed
2026-08-12 13:48:11|2065.9|  0.4|INFORM|Transaction #5339 was successfully committed
2026-08-12 13:48:11|2066.3|  0.4|INFORM|Transaction #5340 was successfully committed
2026-08-12 13:48:12|2066.7|  0.4|INFORM|Transaction #5341 was successfully committed
2026-08-12 13:48:12|2067.1|  0.4|INFORM|Transaction #5342 was successfully committed
2026-08-12 13:48:13|2067.5|  0.4|INFORM|Transaction #5343 was successfully committed
2026-08-12 13:48:13|2067.5|  0.0|INFORM|MULTI_WRITER writer: 12,736 of 42,336 features written
2026-08-12 13:48:13|2067.8|  0.3|INFORM|Transaction #5344 was successfully committed
2026-08-12 13:48:13|2068.2|  0.4|INFORM|Transaction #5345 was successfully committed
2026-08-12 13:48:14|2068.6|  0.4|INFORM|Transaction #5346 was successfully committed
2026-08-12 13:48:14|2069.0|  0.4|INFORM|Transaction #5347 was successfully committed
2026-08-12 13:48:14|2069.4|  0.4|INFORM|Transaction #5348 was successfully committed
2026-08-12 13:48:15|2069.8|  0.4|INFORM|Transaction #5349 was successfully committed
2026-08-12 13:48:15|2070.2|  0.4|INFORM|Transaction #5350 was successfully committed
2026-08-12 13:48:16|2070.5|  0.3|INFORM|Transaction #5351 was successfully committed
2026-08-12 13:48:16|2071.0|  0.5|INFORM|Transaction #5352 was successfully committed
2026-08-12 13:48:16|2071.3|  0.3|INFORM|Transaction #5353 was successfully committed
2026-08-12 13:48:17|2071.7|  0.4|INFORM|Transaction #5354 was successfully committed
2026-08-12 13:48:17|2072.1|  0.4|INFORM|Transaction #5355 was successfully committed
2026-08-12 13:48:18|2072.4|  0.3|INFORM|MULTI_WRITER writer: 25,563 of 42,336 features written
2026-08-12 13:48:18|2072.5|  0.1|INFORM|Transaction #5356 was successfully committed
2026-08-12 13:48:18|2072.8|  0.3|INFORM|Transaction #5357 was successfully committed
2026-08-12 13:48:18|2073.2|  0.4|INFORM|Transaction #5358 was successfully committed
2026-08-12 13:48:19|2073.7|  0.5|INFORM|Transaction #5359 was successfully committed
2026-08-12 13:48:19|2074.1|  0.4|INFORM|Transaction #5360 was successfully committed
2026-08-12 13:48:20|2074.5|  0.4|INFORM|Transaction #5361 was successfully committed
2026-08-12 13:48:20|2074.9|  0.4|INFORM|Transaction #5362 was successfully committed
2026-08-12 13:48:20|2075.3|  0.4|INFORM|Transaction #5363 was successfully committed
2026-08-12 13:48:21|2075.7|  0.4|INFORM|Transaction #5364 was successfully committed
2026-08-12 13:48:21|2076.0|  0.3|INFORM|Transaction #5365 was successfully committed
2026-08-12 13:48:22|2076.4|  0.4|INFORM|Transaction #5366 was successfully committed
2026-08-12 13:48:22|2076.8|  0.4|INFORM|Transaction #5367 was successfully committed
2026-08-12 13:48:22|2077.2|  0.4|INFORM|Transaction #5368 was successfully committed
2026-08-12 13:48:23|2077.5|  0.3|INFORM|MULTI_WRITER writer: 38,348 of 42,336 features written
2026-08-12 13:48:23|2077.6|  0.1|INFORM|Transaction #5369 was successfully committed
2026-08-12 13:48:23|2078.0|  0.4|INFORM|Transaction #5370 was successfully committed
2026-08-12 13:48:23|2078.3|  0.3|INFORM|Transaction #5371 was successfully committed
2026-08-12 13:48:24|2078.8|  0.5|INFORM|Transaction #5372 was successfully committed
2026-08-12 13:48:24|2079.1|  0.3|INFORM|MULTI_WRITER writer: 42,336 of 42,336 features written
2026-08-12 13:48:24|2079.2|  0.1|INFORM|AttributeManager (AttrSetFactory): Processed 42,337 of 95,447 features
2026-08-12 13:48:24|2079.4|  0.2|INFORM|AttributeManager (AttrSetFactory): Processed 95,447 of 95,447 features
2026-08-12 13:48:24|2079.4|  0.0|INFORM|FFS writer: Writing 53111 feature(s) to file 'C:\Users\ASHTON~1.EAV\AppData\Local\Temp\wb-cache-LUS_PostProcessing_V01_ACE_25062-pwVrLI\Main_AttributeManager -1 38 fo 0 OUTPUT  0  71ef952938b38eff2ab0aa29d9504d1788ebbaa7_86.fts'
2026-08-12 13:48:25|2079.4|  0.0|INFORM|Spatial Index: Adding 53111 features
2026-08-12 13:48:25|2079.5|  0.1|INFORM|MULTI_WRITER writer: Splitting bulk features into individual features
2026-08-12 13:48:25|2079.6|  0.1|INFORM|Transaction #5373 was successfully committed
2026-08-12 13:48:25|2080.0|  0.4|INFORM|Transaction #5374 was successfully committed
2026-08-12 13:48:26|2080.4|  0.4|INFORM|Transaction #5375 was successfully committed
2026-08-12 13:48:26|2080.7|  0.3|INFORM|Transaction #5376 was successfully committed
2026-08-12 13:48:26|2081.1|  0.4|INFORM|Transaction #5377 was successfully committed
2026-08-12 13:48:27|2081.5|  0.4|INFORM|Transaction #5378 was successfully committed
2026-08-12 13:48:27|2082.0|  0.5|INFORM|Transaction #5379 was successfully committed
2026-08-12 13:48:27|2082.4|  0.4|INFORM|Transaction #5380 was successfully committed
2026-08-12 13:48:28|2082.8|  0.4|INFORM|Transaction #5381 was successfully committed
2026-08-12 13:48:28|2083.1|  0.3|INFORM|Transaction #5382 was successfully committed
2026-08-12 13:48:29|2083.5|  0.4|INFORM|Transaction #5383 was successfully committed
2026-08-12 13:48:29|2083.9|  0.4|INFORM|Transaction #5384 was successfully committed
2026-08-12 13:48:29|2084.3|  0.4|INFORM|Transaction #5385 was successfully committed
2026-08-12 13:48:30|2084.5|  0.2|INFORM|MULTI_WRITER writer: 12,756 of 53,111 features written
2026-08-12 13:48:30|2084.7|  0.2|INFORM|Transaction #5386 was successfully committed
2026-08-12 13:48:30|2085.1|  0.4|INFORM|Transaction #5387 was successfully committed
2026-08-12 13:48:31|2085.4|  0.3|INFORM|Transaction #5388 was successfully committed
2026-08-12 13:48:31|2085.9|  0.5|INFORM|Transaction #5389 was successfully committed
2026-08-12 13:48:31|2086.3|  0.4|INFORM|Transaction #5390 was successfully committed
2026-08-12 13:48:32|2086.7|  0.4|INFORM|Transaction #5391 was successfully committed
2026-08-12 13:48:32|2087.0|  0.3|INFORM|Transaction #5392 was successfully committed
2026-08-12 13:48:33|2087.5|  0.5|INFORM|Transaction #5393 was successfully committed
2026-08-12 13:48:33|2087.8|  0.3|INFORM|Transaction #5394 was successfully committed
2026-08-12 13:48:33|2088.2|  0.4|INFORM|Transaction #5395 was successfully committed
2026-08-12 13:48:34|2088.6|  0.4|INFORM|Transaction #5396 was successfully committed
2026-08-12 13:48:34|2089.0|  0.4|INFORM|Transaction #5397 was successfully committed
2026-08-12 13:48:35|2089.4|  0.4|INFORM|Transaction #5398 was successfully committed
2026-08-12 13:48:35|2089.5|  0.1|INFORM|MULTI_WRITER writer: 25,515 of 53,111 features written
2026-08-12 13:48:35|2089.8|  0.3|INFORM|Transaction #5399 was successfully committed
2026-08-12 13:48:35|2090.2|  0.4|INFORM|Transaction #5400 was successfully committed
2026-08-12 13:48:36|2090.6|  0.4|INFORM|Transaction #5401 was successfully committed
2026-08-12 13:48:36|2091.0|  0.4|INFORM|Transaction #5402 was successfully committed
2026-08-12 13:48:36|2091.3|  0.3|INFORM|Transaction #5403 was successfully committed
2026-08-12 13:48:37|2091.7|  0.4|INFORM|Transaction #5404 was successfully committed
2026-08-12 13:48:37|2092.1|  0.4|INFORM|Transaction #5405 was successfully committed
2026-08-12 13:48:38|2092.5|  0.4|INFORM|Transaction #5406 was successfully committed
2026-08-12 13:48:38|2092.9|  0.4|INFORM|Transaction #5407 was successfully committed
2026-08-12 13:48:38|2093.3|  0.4|INFORM|Transaction #5408 was successfully committed
2026-08-12 13:48:39|2093.7|  0.4|INFORM|Transaction #5409 was successfully committed
2026-08-12 13:48:39|2094.0|  0.3|INFORM|Transaction #5410 was successfully committed
2026-08-12 13:48:40|2094.4|  0.4|INFORM|Transaction #5411 was successfully committed
2026-08-12 13:48:40|2094.4|  0.0|INFORM|MULTI_WRITER writer: 38,324 of 53,111 features written
2026-08-12 13:48:40|2094.8|  0.4|INFORM|Transaction #5412 was successfully committed
2026-08-12 13:48:40|2095.2|  0.4|INFORM|Transaction #5413 was successfully committed
2026-08-12 13:48:41|2095.6|  0.4|INFORM|Transaction #5414 was successfully committed
2026-08-12 13:48:41|2096.0|  0.4|INFORM|Transaction #5415 was successfully committed
2026-08-12 13:48:42|2096.4|  0.4|INFORM|Transaction #5416 was successfully committed
2026-08-12 13:48:42|2096.8|  0.4|INFORM|Transaction #5417 was successfully committed
2026-08-12 13:48:42|2097.2|  0.4|INFORM|Transaction #5418 was successfully committed
2026-08-12 13:48:43|2097.6|  0.4|INFORM|Transaction #5419 was successfully committed
2026-08-12 13:48:43|2098.0|  0.4|INFORM|Transaction #5420 was successfully committed
2026-08-12 13:48:43|2098.4|  0.4|INFORM|Transaction #5421 was successfully committed
2026-08-12 13:48:44|2098.8|  0.4|INFORM|Transaction #5422 was successfully committed
2026-08-12 13:48:44|2099.1|  0.3|INFORM|Transaction #5423 was successfully committed
2026-08-12 13:48:45|2099.5|  0.4|INFORM|MULTI_WRITER writer: 51,213 of 53,111 features written
2026-08-12 13:48:45|2099.5|  0.0|INFORM|Transaction #5424 was successfully committed
2026-08-12 13:48:45|2099.9|  0.4|INFORM|Transaction #5425 was successfully committed
2026-08-12 13:48:45|2100.2|  0.3|INFORM|MULTI_WRITER writer: 53,111 of 53,111 features written
2026-08-12 13:48:46|2101.2|  1.0|INFORM|FFS writer: Writing 95704 feature(s) to file 'C:\Users\ASHTON~1.EAV\AppData\Local\Temp\wb-cache-LUS_PostProcessing_V01_ACE_25062-pwVrLI\Main_FeatureMerger -1 9 fo 0 MERGED  0  3bb0bff46fb22b1870d2b0394c88e7443c1c5b53_59.fts'
2026-08-12 13:48:46|2101.2|  0.0|INFORM|Spatial Index: Adding 95704 features
2026-08-12 13:48:46|2101.4|  0.2|INFORM|AttributeManager_OUTPUT Feature Recorder -1 2147614758 (RecorderFactory): Splitting bulk features into individual features
2026-08-12 13:48:47|2101.5|  0.1|INFORM|Transaction #5426 was successfully committed
2026-08-12 13:48:47|2101.8|  0.3|INFORM|FFS writer: Writing 95524 feature(s) to file 'C:\Users\ASHTON~1.EAV\AppData\Local\Temp\wb-cache-LUS_PostProcessing_V01_ACE_25062-pwVrLI\Main_AttributeManager -1 38 fo 0 OUTPUT  0  71ef952938b38eff2ab0aa29d9504d1788ebbaa7_87.fts'
2026-08-12 13:48:47|2101.9|  0.1|INFORM|Spatial Index: Adding 95524 features
2026-08-12 13:48:47|2102.0|  0.1|INFORM|MULTI_WRITER writer: Splitting bulk features into individual features
2026-08-12 13:48:47|2102.4|  0.4|INFORM|Transaction #5427 was successfully committed
2026-08-12 13:48:48|2102.7|  0.3|INFORM|Transaction #5428 was successfully committed
2026-08-12 13:48:48|2103.1|  0.4|INFORM|Transaction #5429 was successfully committed
2026-08-12 13:48:49|2103.5|  0.4|INFORM|Transaction #5430 was successfully committed
2026-08-12 13:48:49|2103.9|  0.4|INFORM|Transaction #5431 was successfully committed
2026-08-12 13:48:49|2104.3|  0.4|INFORM|Transaction #5432 was successfully committed
2026-08-12 13:48:50|2104.7|  0.4|INFORM|Transaction #5433 was successfully committed
2026-08-12 13:48:50|2105.1|  0.4|INFORM|Transaction #5434 was successfully committed
2026-08-12 13:48:51|2105.5|  0.4|INFORM|Transaction #5435 was successfully committed
2026-08-12 13:48:51|2105.9|  0.4|INFORM|Transaction #5436 was successfully committed
2026-08-12 13:48:51|2106.2|  0.3|INFORM|Transaction #5437 was successfully committed
2026-08-12 13:48:52|2106.7|  0.5|INFORM|Transaction #5438 was successfully committed
2026-08-12 13:48:52|2106.9|  0.2|INFORM|MULTI_WRITER writer: 12,642 of 95,524 features written
2026-08-12 13:48:52|2107.0|  0.1|INFORM|Transaction #5439 was successfully committed
2026-08-12 13:48:53|2107.5|  0.5|INFORM|Transaction #5440 was successfully committed
2026-08-12 13:48:53|2107.9|  0.4|INFORM|Transaction #5441 was successfully committed
2026-08-12 13:48:53|2108.3|  0.4|INFORM|Transaction #5442 was successfully committed
2026-08-12 13:48:54|2108.6|  0.3|INFORM|Transaction #5443 was successfully committed
2026-08-12 13:48:54|2109.0|  0.4|INFORM|Transaction #5444 was successfully committed
2026-08-12 13:48:55|2109.4|  0.4|INFORM|Transaction #5445 was successfully committed
2026-08-12 13:48:55|2109.8|  0.4|INFORM|Transaction #5446 was successfully committed
2026-08-12 13:48:55|2110.2|  0.4|INFORM|Transaction #5447 was successfully committed
2026-08-12 13:48:56|2110.6|  0.4|INFORM|Transaction #5448 was successfully committed
2026-08-12 13:48:56|2111.0|  0.4|INFORM|Transaction #5449 was successfully committed
2026-08-12 13:48:57|2111.4|  0.4|INFORM|Transaction #5450 was successfully committed
2026-08-12 13:48:57|2111.8|  0.4|INFORM|Transaction #5451 was successfully committed
2026-08-12 13:48:57|2111.9|  0.1|INFORM|MULTI_WRITER writer: 25,440 of 95,524 features written
2026-08-12 13:48:57|2112.1|  0.2|INFORM|Transaction #5452 was successfully committed
2026-08-12 13:48:58|2112.5|  0.4|INFORM|Transaction #5453 was successfully committed
2026-08-12 13:48:58|2112.9|  0.4|INFORM|Transaction #5454 was successfully committed
2026-08-12 13:48:58|2113.3|  0.4|INFORM|Transaction #5455 was successfully committed
2026-08-12 13:48:59|2113.7|  0.4|INFORM|Transaction #5456 was successfully committed
2026-08-12 13:48:59|2114.1|  0.4|INFORM|Transaction #5457 was successfully committed
2026-08-12 13:49:00|2114.5|  0.4|INFORM|Transaction #5458 was successfully committed
2026-08-12 13:49:00|2114.8|  0.3|INFORM|Transaction #5459 was successfully committed
2026-08-12 13:49:00|2115.2|  0.4|INFORM|Transaction #5460 was successfully committed
2026-08-12 13:49:01|2115.6|  0.4|INFORM|Transaction #5461 was successfully committed
2026-08-12 13:49:01|2116.1|  0.5|INFORM|Transaction #5462 was successfully committed
2026-08-12 13:49:02|2116.4|  0.3|INFORM|Transaction #5463 was successfully committed
2026-08-12 13:49:02|2116.8|  0.4|INFORM|Transaction #5464 was successfully committed
2026-08-12 13:49:02|2116.9|  0.1|INFORM|MULTI_WRITER writer: 38,256 of 95,524 features written
2026-08-12 13:49:02|2117.2|  0.3|INFORM|Transaction #5465 was successfully committed
2026-08-12 13:49:03|2117.6|  0.4|INFORM|Transaction #5466 was successfully committed
2026-08-12 13:49:03|2118.0|  0.4|INFORM|Transaction #5467 was successfully committed
2026-08-12 13:49:04|2118.4|  0.4|INFORM|Transaction #5468 was successfully committed
2026-08-12 13:49:04|2118.7|  0.3|INFORM|Transaction #5469 was successfully committed
2026-08-12 13:49:04|2119.2|  0.5|INFORM|Transaction #5470 was successfully committed
2026-08-12 13:49:05|2119.6|  0.4|INFORM|Transaction #5471 was successfully committed
2026-08-12 13:49:05|2119.9|  0.3|INFORM|Transaction #5472 was successfully committed
2026-08-12 13:49:06|2120.3|  0.4|INFORM|Transaction #5473 was successfully committed
2026-08-12 13:49:06|2120.7|  0.4|INFORM|Transaction #5474 was successfully committed
2026-08-12 13:49:06|2121.1|  0.4|INFORM|Transaction #5475 was successfully committed
2026-08-12 13:49:07|2121.5|  0.4|INFORM|Transaction #5476 was successfully committed
2026-08-12 13:49:07|2121.9|  0.4|INFORM|Transaction #5477 was successfully committed
2026-08-12 13:49:07|2121.9|  0.0|INFORM|MULTI_WRITER writer: 51,026 of 95,524 features written
2026-08-12 13:49:07|2122.3|  0.4|INFORM|Transaction #5478 was successfully committed
2026-08-12 13:49:08|2122.6|  0.3|INFORM|Transaction #5479 was successfully committed
2026-08-12 13:49:08|2123.0|  0.4|INFORM|Transaction #5480 was successfully committed
2026-08-12 13:49:09|2123.4|  0.4|INFORM|Transaction #5481 was successfully committed
2026-08-12 13:49:09|2123.8|  0.4|INFORM|Transaction #5482 was successfully committed
2026-08-12 13:49:09|2124.2|  0.4|INFORM|Transaction #5483 was successfully committed
2026-08-12 13:49:10|2124.6|  0.4|INFORM|Transaction #5484 was successfully committed
2026-08-12 13:49:10|2125.0|  0.4|INFORM|Transaction #5485 was successfully committed
2026-08-12 13:49:11|2125.4|  0.4|INFORM|Transaction #5486 was successfully committed
2026-08-12 13:49:11|2125.8|  0.4|INFORM|Transaction #5487 was successfully committed
2026-08-12 13:49:11|2126.1|  0.3|INFORM|Transaction #5488 was successfully committed
2026-08-12 13:49:12|2126.5|  0.4|INFORM|Transaction #5489 was successfully committed
2026-08-12 13:49:12|2126.9|  0.4|INFORM|MULTI_WRITER writer: 63,860 of 95,524 features written
2026-08-12 13:49:12|2126.9|  0.0|INFORM|Transaction #5490 was successfully committed
2026-08-12 13:49:13|2127.4|  0.5|INFORM|Transaction #5491 was successfully committed
2026-08-12 13:49:13|2127.8|  0.4|INFORM|Transaction #5492 was successfully committed
2026-08-12 13:49:13|2128.1|  0.3|INFORM|Transaction #5493 was successfully committed
2026-08-12 13:49:14|2128.5|  0.4|INFORM|Transaction #5494 was successfully committed
2026-08-12 13:49:14|2128.9|  0.4|INFORM|Transaction #5495 was successfully committed
2026-08-12 13:49:14|2129.2|  0.3|INFORM|Transaction #5496 was successfully committed
2026-08-12 13:49:15|2129.6|  0.4|INFORM|Transaction #5497 was successfully committed
2026-08-12 13:49:15|2130.0|  0.4|INFORM|Transaction #5498 was successfully committed
2026-08-12 13:49:16|2130.4|  0.4|INFORM|Transaction #5499 was successfully committed
2026-08-12 13:49:16|2130.9|  0.5|INFORM|Transaction #5500 was successfully committed
2026-08-12 13:49:16|2131.3|  0.4|INFORM|Transaction #5501 was successfully committed
2026-08-12 13:49:17|2131.6|  0.3|INFORM|Transaction #5502 was successfully committed
2026-08-12 13:49:17|2131.9|  0.3|INFORM|MULTI_WRITER writer: 76,779 of 95,524 features written
2026-08-12 13:49:17|2132.0|  0.1|INFORM|Transaction #5503 was successfully committed
2026-08-12 13:49:18|2132.4|  0.4|INFORM|Transaction #5504 was successfully committed
2026-08-12 13:49:18|2132.8|  0.4|INFORM|Transaction #5505 was successfully committed
2026-08-12 13:49:18|2133.2|  0.4|INFORM|Transaction #5506 was successfully committed
2026-08-12 13:49:19|2133.5|  0.3|INFORM|Transaction #5507 was successfully committed
2026-08-12 13:49:19|2133.9|  0.4|INFORM|Transaction #5508 was successfully committed
2026-08-12 13:49:20|2134.3|  0.4|INFORM|Transaction #5509 was successfully committed
2026-08-12 13:49:20|2134.7|  0.4|INFORM|Transaction #5510 was successfully committed
2026-08-12 13:49:20|2135.1|  0.4|INFORM|Transaction #5511 was successfully committed
2026-08-12 13:49:21|2135.5|  0.4|INFORM|Transaction #5512 was successfully committed
2026-08-12 13:49:21|2135.9|  0.4|INFORM|Transaction #5513 was successfully committed
2026-08-12 13:49:21|2136.3|  0.4|INFORM|Transaction #5514 was successfully committed
2026-08-12 13:49:22|2136.7|  0.4|INFORM|Transaction #5515 was successfully committed
2026-08-12 13:49:22|2136.9|  0.2|INFORM|MULTI_WRITER writer: 89,596 of 95,524 features written
2026-08-12 13:49:22|2137.1|  0.2|INFORM|Transaction #5516 was successfully committed
2026-08-12 13:49:23|2137.5|  0.4|INFORM|Transaction #5517 was successfully committed
2026-08-12 13:49:23|2137.9|  0.4|INFORM|Transaction #5518 was successfully committed
2026-08-12 13:49:23|2138.2|  0.3|INFORM|Transaction #5519 was successfully committed
2026-08-12 13:49:24|2138.6|  0.4|INFORM|Transaction #5520 was successfully committed
2026-08-12 13:49:24|2139.0|  0.4|INFORM|Transaction #5521 was successfully committed
2026-08-12 13:49:24|2139.2|  0.2|INFORM|MULTI_WRITER writer: 95,524 of 95,524 features written
2026-08-12 13:49:25|2140.2|  1.0|INFORM|FFS writer: Writing 93580 feature(s) to file 'C:\Users\ASHTON~1.EAV\AppData\Local\Temp\wb-cache-LUS_PostProcessing_V01_ACE_25062-pwVrLI\Main_FeatureMerger -1 9 fo 0 MERGED  0  3bb0bff46fb22b1870d2b0394c88e7443c1c5b53_60.fts'
2026-08-12 13:49:26|2140.4|  0.2|INFORM|Spatial Index: Adding 93580 features
2026-08-12 13:49:26|2140.4|  0.0|INFORM|AttributeManager_OUTPUT Feature Recorder -1 2147614758 (RecorderFactory): Splitting bulk features into individual features
2026-08-12 13:49:26|2140.9|  0.5|INFORM|FFS writer: Writing 93189 feature(s) to file 'C:\Users\ASHTON~1.EAV\AppData\Local\Temp\wb-cache-LUS_PostProcessing_V01_ACE_25062-pwVrLI\Main_AttributeManager -1 38 fo 0 OUTPUT  0  71ef952938b38eff2ab0aa29d9504d1788ebbaa7_88.fts'
2026-08-12 13:49:26|2141.1|  0.2|INFORM|Spatial Index: Adding 93189 features
2026-08-12 13:49:26|2141.2|  0.1|INFORM|MULTI_WRITER writer: Splitting bulk features into individual features
2026-08-12 13:49:26|2141.2|  0.0|INFORM|Transaction #5522 was successfully committed
2026-08-12 13:49:27|2141.6|  0.4|INFORM|Transaction #5523 was successfully committed
2026-08-12 13:49:27|2141.9|  0.3|INFORM|Transaction #5524 was successfully committed
2026-08-12 13:49:28|2142.3|  0.4|INFORM|Transaction #5525 was successfully committed
2026-08-12 13:49:28|2142.8|  0.5|INFORM|Transaction #5526 was successfully committed
2026-08-12 13:49:28|2143.1|  0.3|INFORM|Transaction #5527 was successfully committed
2026-08-12 13:49:29|2143.5|  0.4|INFORM|Transaction #5528 was successfully committed
2026-08-12 13:49:29|2143.9|  0.4|INFORM|Transaction #5529 was successfully committed
2026-08-12 13:49:30|2144.3|  0.4|INFORM|Transaction #5530 was successfully committed
2026-08-12 13:49:30|2144.7|  0.4|INFORM|Transaction #5531 was successfully committed
2026-08-12 13:49:30|2145.1|  0.4|INFORM|Transaction #5532 was successfully committed
2026-08-12 13:49:31|2145.5|  0.4|INFORM|Transaction #5533 was successfully committed
2026-08-12 13:49:31|2145.8|  0.3|INFORM|Transaction #5534 was successfully committed
2026-08-12 13:49:31|2146.1|  0.3|INFORM|MULTI_WRITER writer: 12,586 of 93,189 features written
2026-08-12 13:49:32|2146.2|  0.1|INFORM|Transaction #5535 was successfully committed
2026-08-12 13:49:32|2146.7|  0.5|INFORM|Transaction #5536 was successfully committed
2026-08-12 13:49:32|2147.1|  0.4|INFORM|Transaction #5537 was successfully committed
2026-08-12 13:49:33|2147.5|  0.4|INFORM|Transaction #5538 was successfully committed
2026-08-12 13:49:33|2147.8|  0.3|INFORM|Transaction #5539 was successfully committed
2026-08-12 13:49:34|2148.3|  0.5|INFORM|Transaction #5540 was successfully committed
2026-08-12 13:49:34|2148.6|  0.3|INFORM|Transaction #5541 was successfully committed
2026-08-12 13:49:34|2149.0|  0.4|INFORM|Transaction #5542 was successfully committed
2026-08-12 13:49:35|2149.4|  0.4|INFORM|Transaction #5543 was successfully committed
2026-08-12 13:49:35|2149.9|  0.5|INFORM|Transaction #5544 was successfully committed
2026-08-12 13:49:36|2150.2|  0.3|INFORM|Transaction #5545 was successfully committed
2026-08-12 13:49:36|2150.6|  0.4|INFORM|Transaction #5546 was successfully committed
2026-08-12 13:49:36|2151.0|  0.4|INFORM|Transaction #5547 was successfully committed
2026-08-12 13:49:36|2151.1|  0.1|INFORM|MULTI_WRITER writer: 25,225 of 93,189 features written
2026-08-12 13:49:37|2151.4|  0.3|INFORM|Transaction #5548 was successfully committed
2026-08-12 13:49:37|2151.8|  0.4|INFORM|Transaction #5549 was successfully committed
2026-08-12 13:49:37|2152.2|  0.4|INFORM|Transaction #5550 was successfully committed
2026-08-12 13:49:38|2152.6|  0.4|INFORM|Transaction #5551 was successfully committed
2026-08-12 13:49:38|2153.0|  0.4|INFORM|Transaction #5552 was successfully committed
2026-08-12 13:49:39|2153.4|  0.4|INFORM|Transaction #5553 was successfully committed
2026-08-12 13:49:39|2153.8|  0.4|INFORM|Transaction #5554 was successfully committed
2026-08-12 13:49:39|2154.2|  0.4|INFORM|Transaction #5555 was successfully committed
2026-08-12 13:49:40|2154.6|  0.4|INFORM|Transaction #5556 was successfully committed
2026-08-12 13:49:40|2155.0|  0.4|INFORM|Transaction #5557 was successfully committed
2026-08-12 13:49:41|2155.4|  0.4|INFORM|Transaction #5558 was successfully committed
2026-08-12 13:49:41|2155.8|  0.4|INFORM|Transaction #5559 was successfully committed
2026-08-12 13:49:41|2156.1|  0.3|INFORM|MULTI_WRITER writer: 37,886 of 93,189 features written
2026-08-12 13:49:41|2156.2|  0.1|INFORM|Transaction #5560 was successfully committed
2026-08-12 13:49:42|2156.5|  0.3|INFORM|Transaction #5561 was successfully committed
2026-08-12 13:49:42|2156.9|  0.4|INFORM|Transaction #5562 was successfully committed
2026-08-12 13:49:43|2157.3|  0.4|INFORM|Transaction #5563 was successfully committed
2026-08-12 13:49:43|2157.7|  0.4|INFORM|Transaction #5564 was successfully committed
2026-08-12 13:49:43|2158.1|  0.4|INFORM|Transaction #5565 was successfully committed
2026-08-12 13:49:44|2158.5|  0.4|INFORM|Transaction #5566 was successfully committed
2026-08-12 13:49:44|2158.9|  0.4|INFORM|Transaction #5567 was successfully committed
2026-08-12 13:49:45|2159.3|  0.4|INFORM|Transaction #5568 was successfully committed
2026-08-12 13:49:45|2159.7|  0.4|INFORM|Transaction #5569 was successfully committed
2026-08-12 13:49:45|2160.1|  0.4|INFORM|Transaction #5570 was successfully committed
2026-08-12 13:49:46|2160.5|  0.4|INFORM|Transaction #5571 was successfully committed
2026-08-12 13:49:46|2160.9|  0.4|INFORM|Transaction #5572 was successfully committed
2026-08-12 13:49:46|2161.0|  0.1|INFORM|MULTI_WRITER writer: 50,522 of 93,189 features written
2026-08-12 13:49:47|2161.3|  0.3|INFORM|Transaction #5573 was successfully committed
2026-08-12 13:49:47|2161.7|  0.4|INFORM|Transaction #5574 was successfully committed
2026-08-12 13:49:47|2162.0|  0.3|INFORM|Transaction #5575 was successfully committed
2026-08-12 13:49:48|2162.4|  0.4|INFORM|Transaction #5576 was successfully committed
2026-08-12 13:49:48|2162.8|  0.4|INFORM|Transaction #5577 was successfully committed
2026-08-12 13:49:49|2163.2|  0.4|INFORM|Transaction #5578 was successfully committed
2026-08-12 13:49:49|2163.6|  0.4|INFORM|Transaction #5579 was successfully committed
2026-08-12 13:49:49|2164.0|  0.4|INFORM|Transaction #5580 was successfully committed
2026-08-12 13:49:50|2164.4|  0.4|INFORM|Transaction #5581 was successfully committed
2026-08-12 13:49:50|2164.8|  0.4|INFORM|Transaction #5582 was successfully committed
2026-08-12 13:49:51|2165.2|  0.4|INFORM|Transaction #5583 was successfully committed
2026-08-12 13:49:51|2165.6|  0.4|INFORM|Transaction #5584 was successfully committed
2026-08-12 13:49:51|2166.0|  0.4|INFORM|Transaction #5585 was successfully committed
2026-08-12 13:49:51|2166.0|  0.0|INFORM|MULTI_WRITER writer: 63,111 of 93,189 features written
2026-08-12 13:49:52|2166.4|  0.4|INFORM|Transaction #5586 was successfully committed
2026-08-12 13:49:52|2166.8|  0.4|INFORM|Transaction #5587 was successfully committed
2026-08-12 13:49:53|2167.2|  0.4|INFORM|Transaction #5588 was successfully committed
2026-08-12 13:49:53|2167.6|  0.4|INFORM|Transaction #5589 was successfully committed
2026-08-12 13:49:53|2168.0|  0.4|INFORM|Transaction #5590 was successfully committed
2026-08-12 13:49:54|2168.4|  0.4|INFORM|Transaction #5591 was successfully committed
2026-08-12 13:49:54|2168.8|  0.4|INFORM|Transaction #5592 was successfully committed
2026-08-12 13:49:55|2169.2|  0.4|INFORM|Transaction #5593 was successfully committed
2026-08-12 13:49:55|2169.6|  0.4|INFORM|Transaction #5594 was successfully committed
2026-08-12 13:49:55|2170.0|  0.4|INFORM|Transaction #5595 was successfully committed
2026-08-12 13:49:56|2170.4|  0.4|INFORM|Transaction #5596 was successfully committed
2026-08-12 13:49:56|2170.8|  0.4|INFORM|Transaction #5597 was successfully committed
2026-08-12 13:49:56|2171.0|  0.2|INFORM|MULTI_WRITER writer: 75,697 of 93,189 features written
2026-08-12 13:49:57|2171.2|  0.2|INFORM|Transaction #5598 was successfully committed
2026-08-12 13:49:57|2171.6|  0.4|INFORM|Transaction #5599 was successfully committed
2026-08-12 13:49:57|2172.0|  0.4|INFORM|Transaction #5600 was successfully committed
2026-08-12 13:49:58|2172.3|  0.3|INFORM|Transaction #5601 was successfully committed
2026-08-12 13:49:58|2172.7|  0.4|INFORM|Transaction #5602 was successfully committed
2026-08-12 13:49:58|2173.1|  0.4|INFORM|Transaction #5603 was successfully committed
2026-08-12 13:49:59|2173.5|  0.4|INFORM|Transaction #5604 was successfully committed
2026-08-12 13:49:59|2173.9|  0.4|INFORM|Transaction #5605 was successfully committed
2026-08-12 13:50:00|2174.4|  0.5|INFORM|Transaction #5606 was successfully committed
2026-08-12 13:50:00|2174.8|  0.4|INFORM|Transaction #5607 was successfully committed
2026-08-12 13:50:00|2175.1|  0.3|INFORM|Transaction #5608 was successfully committed
2026-08-12 13:50:01|2175.5|  0.4|INFORM|Transaction #5609 was successfully committed
2026-08-12 13:50:01|2175.9|  0.4|INFORM|Transaction #5610 was successfully committed
2026-08-12 13:50:01|2176.0|  0.1|INFORM|MULTI_WRITER writer: 88,309 of 93,189 features written
2026-08-12 13:50:02|2176.3|  0.3|INFORM|Transaction #5611 was successfully committed
2026-08-12 13:50:02|2176.7|  0.4|INFORM|Transaction #5612 was successfully committed
2026-08-12 13:50:02|2177.1|  0.4|INFORM|Transaction #5613 was successfully committed
2026-08-12 13:50:03|2177.4|  0.3|INFORM|Transaction #5614 was successfully committed
2026-08-12 13:50:03|2177.9|  0.5|INFORM|Transaction #5615 was successfully committed
2026-08-12 13:50:03|2178.0|  0.1|INFORM|MULTI_WRITER writer: 93,189 of 93,189 features written
2026-08-12 13:50:04|2179.0|  1.0|INFORM|FFS writer: Writing 96161 feature(s) to file 'C:\Users\ASHTON~1.EAV\AppData\Local\Temp\wb-cache-LUS_PostProcessing_V01_ACE_25062-pwVrLI\Main_FeatureMerger -1 9 fo 0 MERGED  0  3bb0bff46fb22b1870d2b0394c88e7443c1c5b53_61.fts'
2026-08-12 13:50:04|2179.1|  0.1|INFORM|Spatial Index: Adding 96161 features
2026-08-12 13:50:05|2179.2|  0.1|INFORM|FFS writer: Writing 9053 feature(s) to file 'C:\Users\ASHTON~1.EAV\AppData\Local\Temp\wb-cache-LUS_PostProcessing_V01_ACE_25062-pwVrLI\Main_AttributeManager -1 38 fo 0 OUTPUT  0  71ef952938b38eff2ab0aa29d9504d1788ebbaa7_89.fts'
2026-08-12 13:50:05|2179.3|  0.1|INFORM|Spatial Index: Adding 9053 features
2026-08-12 13:50:05|2179.3|  0.0|INFORM|MULTI_WRITER writer: Splitting bulk features into individual features
2026-08-12 13:50:05|2179.6|  0.3|INFORM|Transaction #5616 was successfully committed
2026-08-12 13:50:05|2180.0|  0.4|INFORM|Transaction #5617 was successfully committed
2026-08-12 13:50:06|2180.3|  0.3|INFORM|Transaction #5618 was successfully committed
2026-08-12 13:50:06|2180.7|  0.4|INFORM|Transaction #5619 was successfully committed
2026-08-12 13:50:07|2181.2|  0.5|INFORM|Transaction #5620 was successfully committed
2026-08-12 13:50:07|2181.5|  0.3|INFORM|Transaction #5621 was successfully committed
2026-08-12 13:50:07|2181.9|  0.4|INFORM|Transaction #5622 was successfully committed
2026-08-12 13:50:08|2182.3|  0.4|INFORM|Transaction #5623 was successfully committed
2026-08-12 13:50:08|2182.7|  0.4|INFORM|Transaction #5624 was successfully committed
2026-08-12 13:50:08|2183.1|  0.4|INFORM|FFS writer: Writing 87108 feature(s) to file 'C:\Users\ASHTON~1.EAV\AppData\Local\Temp\wb-cache-LUS_PostProcessing_V01_ACE_25062-pwVrLI\Main_AttributeManager -1 38 fo 0 OUTPUT  0  71ef952938b38eff2ab0aa29d9504d1788ebbaa7_90.fts'
2026-08-12 13:50:09|2183.3|  0.2|INFORM|Spatial Index: Adding 87108 features
2026-08-12 13:50:09|2183.3|  0.0|INFORM|MULTI_WRITER writer: Splitting bulk features into individual features
2026-08-12 13:50:09|2183.7|  0.4|INFORM|Transaction #5625 was successfully committed
2026-08-12 13:50:09|2184.1|  0.4|INFORM|Transaction #5626 was successfully committed
2026-08-12 13:50:10|2184.5|  0.4|INFORM|Transaction #5627 was successfully committed
2026-08-12 13:50:10|2184.9|  0.4|INFORM|Transaction #5628 was successfully committed
2026-08-12 13:50:11|2185.3|  0.4|INFORM|Transaction #5629 was successfully committed
2026-08-12 13:50:11|2185.7|  0.4|INFORM|Transaction #5630 was successfully committed
2026-08-12 13:50:11|2186.1|  0.4|INFORM|Transaction #5631 was successfully committed
2026-08-12 13:50:12|2186.5|  0.4|INFORM|Transaction #5632 was successfully committed
2026-08-12 13:50:12|2186.9|  0.4|INFORM|Transaction #5633 was successfully committed
2026-08-12 13:50:13|2187.3|  0.4|INFORM|Transaction #5634 was successfully committed
2026-08-12 13:50:13|2187.7|  0.4|INFORM|Transaction #5635 was successfully committed
2026-08-12 13:50:13|2188.0|  0.3|INFORM|Transaction #5636 was successfully committed
2026-08-12 13:50:14|2188.3|  0.3|INFORM|MULTI_WRITER writer: 12,544 of 87,108 features written
2026-08-12 13:50:14|2188.4|  0.1|INFORM|Transaction #5637 was successfully committed
2026-08-12 13:50:14|2188.8|  0.4|INFORM|Transaction #5638 was successfully committed
2026-08-12 13:50:15|2189.3|  0.5|INFORM|Transaction #5639 was successfully committed
2026-08-12 13:50:15|2189.7|  0.4|INFORM|Transaction #5640 was successfully committed
2026-08-12 13:50:15|2190.1|  0.4|INFORM|Transaction #5641 was successfully committed
2026-08-12 13:50:16|2190.5|  0.4|INFORM|Transaction #5642 was successfully committed
2026-08-12 13:50:16|2190.9|  0.4|INFORM|Transaction #5643 was successfully committed
2026-08-12 13:50:17|2191.3|  0.4|INFORM|Transaction #5644 was successfully committed
2026-08-12 13:50:17|2191.7|  0.4|INFORM|Transaction #5645 was successfully committed
2026-08-12 13:50:18|2192.1|  0.4|INFORM|Transaction #5646 was successfully committed
2026-08-12 13:50:18|2192.5|  0.4|INFORM|Transaction #5647 was successfully committed
2026-08-12 13:50:18|2193.0|  0.5|INFORM|Transaction #5648 was successfully committed
2026-08-12 13:50:19|2193.4|  0.4|INFORM|MULTI_WRITER writer: 24,818 of 87,108 features written
2026-08-12 13:50:19|2193.4|  0.0|INFORM|Transaction #5649 was successfully committed
2026-08-12 13:50:19|2193.8|  0.4|INFORM|Transaction #5650 was successfully committed
2026-08-12 13:50:20|2194.2|  0.4|INFORM|Transaction #5651 was successfully committed
2026-08-12 13:50:20|2194.6|  0.4|INFORM|Transaction #5652 was successfully committed
2026-08-12 13:50:20|2195.0|  0.4|INFORM|Transaction #5653 was successfully committed
2026-08-12 13:50:21|2195.4|  0.4|INFORM|Transaction #5654 was successfully committed
2026-08-12 13:50:21|2195.8|  0.4|INFORM|Transaction #5655 was successfully committed
2026-08-12 13:50:22|2196.1|  0.3|INFORM|Transaction #5656 was successfully committed
2026-08-12 13:50:22|2196.5|  0.4|INFORM|Transaction #5657 was successfully committed
2026-08-12 13:50:22|2197.0|  0.5|INFORM|Transaction #5658 was successfully committed
2026-08-12 13:50:23|2197.4|  0.4|INFORM|Transaction #5659 was successfully committed
2026-08-12 13:50:23|2197.8|  0.4|INFORM|Transaction #5660 was successfully committed
2026-08-12 13:50:24|2198.1|  0.3|INFORM|Transaction #5661 was successfully committed
2026-08-12 13:50:24|2198.3|  0.2|INFORM|MULTI_WRITER writer: 37,344 of 87,108 features written
2026-08-12 13:50:24|2198.5|  0.2|INFORM|Transaction #5662 was successfully committed
2026-08-12 13:50:24|2198.9|  0.4|INFORM|Transaction #5663 was successfully committed
2026-08-12 13:50:25|2199.3|  0.4|INFORM|Transaction #5664 was successfully committed
2026-08-12 13:50:25|2199.7|  0.4|INFORM|Transaction #5665 was successfully committed
2026-08-12 13:50:26|2200.1|  0.4|INFORM|Transaction #5666 was successfully committed
2026-08-12 13:50:26|2200.5|  0.4|INFORM|Transaction #5667 was successfully committed
2026-08-12 13:50:26|2200.9|  0.4|INFORM|Transaction #5668 was successfully committed
2026-08-12 13:50:27|2201.3|  0.4|INFORM|Transaction #5669 was successfully committed
2026-08-12 13:50:27|2201.7|  0.4|INFORM|Transaction #5670 was successfully committed
2026-08-12 13:50:28|2202.0|  0.3|INFORM|Transaction #5671 was successfully committed
2026-08-12 13:50:28|2202.5|  0.5|INFORM|Transaction #5672 was successfully committed
2026-08-12 13:50:28|2202.9|  0.4|INFORM|Transaction #5673 was successfully committed
2026-08-12 13:50:29|2203.2|  0.3|INFORM|Transaction #5674 was successfully committed
2026-08-12 13:50:29|2203.3|  0.1|INFORM|MULTI_WRITER writer: 50,003 of 87,108 features written
2026-08-12 13:50:29|2203.7|  0.4|INFORM|Transaction #5675 was successfully committed
2026-08-12 13:50:30|2204.0|  0.3|INFORM|Transaction #5676 was successfully committed
2026-08-12 13:50:30|2204.4|  0.4|INFORM|Transaction #5677 was successfully committed
2026-08-12 13:50:30|2204.9|  0.5|INFORM|Transaction #5678 was successfully committed
2026-08-12 13:50:31|2205.3|  0.4|INFORM|Transaction #5679 was successfully committed
2026-08-12 13:50:31|2205.7|  0.4|INFORM|Transaction #5680 was successfully committed
2026-08-12 13:50:32|2206.1|  0.4|INFORM|Transaction #5681 was successfully committed
2026-08-12 13:50:32|2206.5|  0.4|INFORM|Transaction #5682 was successfully committed
2026-08-12 13:50:32|2206.9|  0.4|INFORM|Transaction #5683 was successfully committed
2026-08-12 13:50:33|2207.3|  0.4|INFORM|Transaction #5684 was successfully committed
2026-08-12 13:50:33|2207.7|  0.4|INFORM|Transaction #5685 was successfully committed
2026-08-12 13:50:34|2208.1|  0.4|INFORM|Transaction #5686 was successfully committed
2026-08-12 13:50:34|2208.3|  0.2|INFORM|MULTI_WRITER writer: 62,347 of 87,108 features written
2026-08-12 13:50:34|2208.5|  0.2|INFORM|Transaction #5687 was successfully committed
2026-08-12 13:50:34|2208.9|  0.4|INFORM|Transaction #5688 was successfully committed
2026-08-12 13:50:35|2209.3|  0.4|INFORM|Transaction #5689 was successfully committed
2026-08-12 13:50:35|2209.7|  0.4|INFORM|Transaction #5690 was successfully committed
2026-08-12 13:50:36|2210.1|  0.4|INFORM|Transaction #5691 was successfully committed
2026-08-12 13:50:36|2210.4|  0.3|INFORM|Transaction #5692 was successfully committed
2026-08-12 13:50:36|2210.8|  0.4|INFORM|Transaction #5693 was successfully committed
2026-08-12 13:50:37|2211.2|  0.4|INFORM|Transaction #5694 was successfully committed
2026-08-12 13:50:37|2211.6|  0.4|INFORM|Transaction #5695 was successfully committed
2026-08-12 13:50:37|2212.0|  0.4|INFORM|Transaction #5696 was successfully committed
2026-08-12 13:50:38|2212.4|  0.4|INFORM|Transaction #5697 was successfully committed
2026-08-12 13:50:38|2212.8|  0.4|INFORM|Transaction #5698 was successfully committed
2026-08-12 13:50:39|2213.2|  0.4|INFORM|Transaction #5699 was successfully committed
2026-08-12 13:50:39|2213.3|  0.1|INFORM|MULTI_WRITER writer: 75,103 of 87,108 features written
2026-08-12 13:50:39|2213.6|  0.3|INFORM|Transaction #5700 was successfully committed
2026-08-12 13:50:39|2213.9|  0.3|INFORM|Transaction #5701 was successfully committed
2026-08-12 13:50:40|2214.3|  0.4|INFORM|Transaction #5702 was successfully committed
2026-08-12 13:50:40|2214.7|  0.4|INFORM|Transaction #5703 was successfully committed
2026-08-12 13:50:41|2215.1|  0.4|INFORM|Transaction #5704 was successfully committed
2026-08-12 13:50:41|2215.5|  0.4|INFORM|Transaction #5705 was successfully committed
2026-08-12 13:50:41|2215.9|  0.4|INFORM|Transaction #5706 was successfully committed
2026-08-12 13:50:42|2216.3|  0.4|INFORM|Transaction #5707 was successfully committed
2026-08-12 13:50:42|2216.7|  0.4|INFORM|Transaction #5708 was successfully committed
2026-08-12 13:50:43|2217.1|  0.4|INFORM|Transaction #5709 was successfully committed
2026-08-12 13:50:43|2217.5|  0.4|INFORM|Transaction #5710 was successfully committed
2026-08-12 13:50:43|2217.9|  0.4|INFORM|Transaction #5711 was successfully committed
2026-08-12 13:50:43|2217.9|  0.0|INFORM|MULTI_WRITER writer: 87,108 of 87,108 features written
2026-08-12 13:50:45|2219.0|  1.1|INFORM|FFS writer: Writing 100000 feature(s) to file 'C:\Users\ASHTON~1.EAV\AppData\Local\Temp\wb-cache-LUS_PostProcessing_V01_ACE_25062-pwVrLI\Main_FeatureMerger -1 9 fo 0 MERGED  0  3bb0bff46fb22b1870d2b0394c88e7443c1c5b53_62.fts'
2026-08-12 13:50:45|2219.2|  0.2|INFORM|Spatial Index: Adding 100000 features
2026-08-12 13:50:45|2219.3|  0.1|INFORM|AttributeManager_OUTPUT Feature Recorder -1 2147614758 (RecorderFactory): Splitting bulk features into individual features
2026-08-12 13:50:45|2219.6|  0.3|INFORM|FFS writer: Writing 99993 feature(s) to file 'C:\Users\ASHTON~1.EAV\AppData\Local\Temp\wb-cache-LUS_PostProcessing_V01_ACE_25062-pwVrLI\Main_AttributeManager -1 38 fo 0 OUTPUT  0  71ef952938b38eff2ab0aa29d9504d1788ebbaa7_91.fts'
2026-08-12 13:50:45|2219.8|  0.2|INFORM|Spatial Index: Adding 99993 features
2026-08-12 13:50:45|2219.8|  0.0|INFORM|MULTI_WRITER writer: Splitting bulk features into individual features
2026-08-12 13:50:46|2220.1|  0.3|INFORM|Transaction #5712 was successfully committed
2026-08-12 13:50:46|2220.5|  0.4|INFORM|Transaction #5713 was successfully committed
2026-08-12 13:50:46|2220.9|  0.4|INFORM|Transaction #5714 was successfully committed
2026-08-12 13:50:47|2221.3|  0.4|INFORM|Transaction #5715 was successfully committed
2026-08-12 13:50:47|2221.7|  0.4|INFORM|Transaction #5716 was successfully committed
2026-08-12 13:50:48|2222.1|  0.4|INFORM|Transaction #5717 was successfully committed
2026-08-12 13:50:48|2222.5|  0.4|INFORM|Transaction #5718 was successfully committed
2026-08-12 13:50:48|2222.9|  0.4|INFORM|Transaction #5719 was successfully committed
2026-08-12 13:50:49|2223.3|  0.4|INFORM|Transaction #5720 was successfully committed
2026-08-12 13:50:49|2223.7|  0.4|INFORM|Transaction #5721 was successfully committed
2026-08-12 13:50:50|2224.1|  0.4|INFORM|Transaction #5722 was successfully committed
2026-08-12 13:50:50|2224.5|  0.4|INFORM|Transaction #5723 was successfully committed
2026-08-12 13:50:50|2224.8|  0.3|INFORM|MULTI_WRITER writer: 12,524 of 99,993 features written
2026-08-12 13:50:50|2224.9|  0.1|INFORM|Transaction #5724 was successfully committed
2026-08-12 13:50:51|2225.3|  0.4|INFORM|Transaction #5725 was successfully committed
2026-08-12 13:50:51|2225.7|  0.4|INFORM|Transaction #5726 was successfully committed
2026-08-12 13:50:52|2226.1|  0.4|INFORM|Transaction #5727 was successfully committed
2026-08-12 13:50:52|2226.5|  0.4|INFORM|Transaction #5728 was successfully committed
2026-08-12 13:50:52|2226.9|  0.4|INFORM|Transaction #5729 was successfully committed
2026-08-12 13:50:53|2227.3|  0.4|INFORM|Transaction #5730 was successfully committed
2026-08-12 13:50:53|2227.7|  0.4|INFORM|Transaction #5731 was successfully committed
2026-08-12 13:50:54|2228.1|  0.4|INFORM|Transaction #5732 was successfully committed
2026-08-12 13:50:54|2228.5|  0.4|INFORM|Transaction #5733 was successfully committed
2026-08-12 13:50:54|2228.9|  0.4|INFORM|Transaction #5734 was successfully committed
2026-08-12 13:50:55|2229.3|  0.4|INFORM|Transaction #5735 was successfully committed
2026-08-12 13:50:55|2229.7|  0.4|INFORM|Transaction #5736 was successfully committed
2026-08-12 13:50:55|2229.8|  0.1|INFORM|MULTI_WRITER writer: 25,032 of 99,993 features written
2026-08-12 13:50:56|2230.1|  0.3|INFORM|Transaction #5737 was successfully committed
2026-08-12 13:50:56|2230.5|  0.4|INFORM|Transaction #5738 was successfully committed
2026-08-12 13:50:56|2230.9|  0.4|INFORM|Transaction #5739 was successfully committed
2026-08-12 13:50:57|2231.3|  0.4|INFORM|Transaction #5740 was successfully committed
2026-08-12 13:50:57|2231.7|  0.4|INFORM|Transaction #5741 was successfully committed
2026-08-12 13:50:58|2232.1|  0.4|INFORM|Transaction #5742 was successfully committed
2026-08-12 13:50:58|2232.5|  0.4|INFORM|Transaction #5743 was successfully committed
2026-08-12 13:50:58|2232.9|  0.4|INFORM|Transaction #5744 was successfully committed
2026-08-12 13:50:59|2233.3|  0.4|INFORM|Transaction #5745 was successfully committed
2026-08-12 13:50:59|2233.6|  0.3|INFORM|Transaction #5746 was successfully committed
2026-08-12 13:51:00|2234.0|  0.4|INFORM|Transaction #5747 was successfully committed
2026-08-12 13:51:00|2234.4|  0.4|INFORM|Transaction #5748 was successfully committed
2026-08-12 13:51:00|2234.9|  0.5|INFORM|MULTI_WRITER writer: 37,679 of 99,993 features written
2026-08-12 13:51:00|2234.9|  0.0|INFORM|Transaction #5749 was successfully committed
2026-08-12 13:51:01|2235.3|  0.4|INFORM|Transaction #5750 was successfully committed
2026-08-12 13:51:01|2235.7|  0.4|INFORM|Transaction #5751 was successfully committed
2026-08-12 13:51:02|2236.1|  0.4|INFORM|Transaction #5752 was successfully committed
2026-08-12 13:51:02|2236.5|  0.4|INFORM|Transaction #5753 was successfully committed
2026-08-12 13:51:02|2236.8|  0.3|INFORM|Transaction #5754 was successfully committed
2026-08-12 13:51:03|2237.2|  0.4|INFORM|Transaction #5755 was successfully committed
2026-08-12 13:51:03|2237.6|  0.4|INFORM|Transaction #5756 was successfully committed
2026-08-12 13:51:04|2238.0|  0.4|INFORM|Transaction #5757 was successfully committed
2026-08-12 13:51:04|2238.4|  0.4|INFORM|Transaction #5758 was successfully committed
2026-08-12 13:51:04|2238.8|  0.4|INFORM|Transaction #5759 was successfully committed
2026-08-12 13:51:05|2239.2|  0.4|INFORM|Transaction #5760 was successfully committed
2026-08-12 13:51:05|2239.6|  0.4|INFORM|Transaction #5761 was successfully committed
2026-08-12 13:51:05|2239.8|  0.2|INFORM|MULTI_WRITER writer: 50,312 of 99,993 features written
2026-08-12 13:51:06|2240.0|  0.2|INFORM|Transaction #5762 was successfully committed
2026-08-12 13:51:06|2240.4|  0.4|INFORM|Transaction #5763 was successfully committed
2026-08-12 13:51:06|2240.8|  0.4|INFORM|Transaction #5764 was successfully committed
2026-08-12 13:51:07|2241.1|  0.3|INFORM|Transaction #5765 was successfully committed
2026-08-12 13:51:07|2241.6|  0.5|INFORM|Transaction #5766 was successfully committed
2026-08-12 13:51:08|2241.9|  0.3|INFORM|Transaction #5767 was successfully committed
2026-08-12 13:51:08|2242.3|  0.4|INFORM|Transaction #5768 was successfully committed
2026-08-12 13:51:08|2242.8|  0.5|INFORM|Transaction #5769 was successfully committed
2026-08-12 13:51:09|2243.1|  0.3|INFORM|Transaction #5770 was successfully committed
2026-08-12 13:51:09|2243.5|  0.4|INFORM|Transaction #5771 was successfully committed
2026-08-12 13:51:10|2243.9|  0.4|INFORM|Transaction #5772 was successfully committed
2026-08-12 13:51:10|2244.3|  0.4|INFORM|Transaction #5773 was successfully committed
2026-08-12 13:51:10|2244.7|  0.4|INFORM|Transaction #5774 was successfully committed
2026-08-12 13:51:10|2244.8|  0.1|INFORM|MULTI_WRITER writer: 62,897 of 99,993 features written
2026-08-12 13:51:11|2245.1|  0.3|INFORM|Transaction #5775 was successfully committed
2026-08-12 13:51:11|2245.6|  0.5|INFORM|Transaction #5776 was successfully committed
2026-08-12 13:51:11|2246.0|  0.4|INFORM|Transaction #5777 was successfully committed
2026-08-12 13:51:12|2246.4|  0.4|INFORM|Transaction #5778 was successfully committed
2026-08-12 13:51:12|2246.7|  0.3|INFORM|Transaction #5779 was successfully committed
2026-08-12 13:51:13|2247.2|  0.5|INFORM|Transaction #5780 was successfully committed
2026-08-12 13:51:13|2247.5|  0.3|INFORM|Transaction #5781 was successfully committed
2026-08-12 13:51:13|2247.9|  0.4|INFORM|Transaction #5782 was successfully committed
2026-08-12 13:51:14|2248.3|  0.4|INFORM|Transaction #5783 was successfully committed
2026-08-12 13:51:14|2248.7|  0.4|INFORM|Transaction #5784 was successfully committed
2026-08-12 13:51:15|2249.1|  0.4|INFORM|Transaction #5785 was successfully committed
2026-08-12 13:51:15|2249.5|  0.4|INFORM|Transaction #5786 was successfully committed
2026-08-12 13:51:15|2249.8|  0.3|INFORM|MULTI_WRITER writer: 75,480 of 99,993 features written
2026-08-12 13:51:15|2249.9|  0.1|INFORM|Transaction #5787 was successfully committed
2026-08-12 13:51:16|2250.2|  0.3|INFORM|Transaction #5788 was successfully committed
2026-08-12 13:51:16|2250.7|  0.5|INFORM|Transaction #5789 was successfully committed
2026-08-12 13:51:17|2251.0|  0.3|INFORM|Transaction #5790 was successfully committed
2026-08-12 13:51:17|2251.4|  0.4|INFORM|Transaction #5791 was successfully committed
2026-08-12 13:51:17|2251.9|  0.5|INFORM|Transaction #5792 was successfully committed
2026-08-12 13:51:18|2252.3|  0.4|INFORM|Transaction #5793 was successfully committed
2026-08-12 13:51:18|2252.7|  0.4|INFORM|Transaction #5794 was successfully committed
2026-08-12 13:51:19|2253.1|  0.4|INFORM|Transaction #5795 was successfully committed
2026-08-12 13:51:19|2253.4|  0.3|INFORM|Transaction #5796 was successfully committed
2026-08-12 13:51:19|2253.8|  0.4|INFORM|Transaction #5797 was successfully committed
2026-08-12 13:51:20|2254.2|  0.4|INFORM|Transaction #5798 was successfully committed
2026-08-12 13:51:20|2254.6|  0.4|INFORM|Transaction #5799 was successfully committed
2026-08-12 13:51:20|2254.8|  0.2|INFORM|MULTI_WRITER writer: 88,186 of 99,993 features written
2026-08-12 13:51:21|2255.0|  0.2|INFORM|Transaction #5800 was successfully committed
2026-08-12 13:51:21|2255.4|  0.4|INFORM|Transaction #5801 was successfully committed
2026-08-12 13:51:21|2255.8|  0.4|INFORM|Transaction #5802 was successfully committed
2026-08-12 13:51:22|2256.1|  0.3|INFORM|Transaction #5803 was successfully committed
2026-08-12 13:51:22|2256.5|  0.4|INFORM|Transaction #5804 was successfully committed
2026-08-12 13:51:23|2257.0|  0.5|INFORM|Transaction #5805 was successfully committed
2026-08-12 13:51:23|2257.4|  0.4|INFORM|Transaction #5806 was successfully committed
2026-08-12 13:51:23|2257.8|  0.4|INFORM|Transaction #5807 was successfully committed
2026-08-12 13:51:24|2258.2|  0.4|INFORM|Transaction #5808 was successfully committed
2026-08-12 13:51:24|2258.5|  0.3|INFORM|Transaction #5809 was successfully committed
2026-08-12 13:51:25|2258.9|  0.4|INFORM|Transaction #5810 was successfully committed
2026-08-12 13:51:25|2259.3|  0.4|INFORM|Transaction #5811 was successfully committed
2026-08-12 13:51:25|2259.4|  0.1|INFORM|MULTI_WRITER writer: 99,993 of 99,993 features written
2026-08-12 13:51:26|2260.5|  1.1|INFORM|FFS writer: Writing 100000 feature(s) to file 'C:\Users\ASHTON~1.EAV\AppData\Local\Temp\wb-cache-LUS_PostProcessing_V01_ACE_25062-pwVrLI\Main_FeatureMerger -1 9 fo 0 MERGED  0  3bb0bff46fb22b1870d2b0394c88e7443c1c5b53_63.fts'
2026-08-12 13:51:26|2260.7|  0.2|INFORM|Spatial Index: Adding 100000 features
2026-08-12 13:51:26|2260.8|  0.1|INFORM|FFS writer: Writing 2042 feature(s) to file 'C:\Users\ASHTON~1.EAV\AppData\Local\Temp\wb-cache-LUS_PostProcessing_V01_ACE_25062-pwVrLI\Main_AttributeManager -1 38 fo 0 OUTPUT  0  71ef952938b38eff2ab0aa29d9504d1788ebbaa7_92.fts'
2026-08-12 13:51:26|2260.8|  0.0|INFORM|Spatial Index: Adding 2042 features
2026-08-12 13:51:26|2260.8|  0.0|INFORM|MULTI_WRITER writer: Splitting bulk features into individual features
2026-08-12 13:51:27|2261.1|  0.3|INFORM|Transaction #5812 was successfully committed
2026-08-12 13:51:27|2261.4|  0.3|INFORM|Transaction #5813 was successfully committed
2026-08-12 13:51:28|2261.9|  0.5|INFORM|FFS writer: Writing 97958 feature(s) to file 'C:\Users\ASHTON~1.EAV\AppData\Local\Temp\wb-cache-LUS_PostProcessing_V01_ACE_25062-pwVrLI\Main_AttributeManager -1 38 fo 0 OUTPUT  0  71ef952938b38eff2ab0aa29d9504d1788ebbaa7_93.fts'
2026-08-12 13:51:28|2262.1|  0.2|INFORM|Spatial Index: Adding 97958 features
2026-08-12 13:51:28|2262.2|  0.1|INFORM|MULTI_WRITER writer: Splitting bulk features into individual features
2026-08-12 13:51:28|2262.5|  0.3|INFORM|Transaction #5814 was successfully committed
2026-08-12 13:51:28|2262.9|  0.4|INFORM|Transaction #5815 was successfully committed
2026-08-12 13:51:29|2263.2|  0.3|INFORM|Transaction #5816 was successfully committed
2026-08-12 13:51:29|2263.6|  0.4|INFORM|Transaction #5817 was successfully committed
2026-08-12 13:51:30|2264.0|  0.4|INFORM|Transaction #5818 was successfully committed
2026-08-12 13:51:30|2264.4|  0.4|INFORM|Transaction #5819 was successfully committed
2026-08-12 13:51:30|2264.7|  0.3|INFORM|Transaction #5820 was successfully committed
2026-08-12 13:51:31|2265.2|  0.5|INFORM|Transaction #5821 was successfully committed
2026-08-12 13:51:31|2265.6|  0.4|INFORM|Transaction #5822 was successfully committed
2026-08-12 13:51:32|2266.0|  0.4|INFORM|Transaction #5823 was successfully committed
2026-08-12 13:51:32|2266.3|  0.3|INFORM|Transaction #5824 was successfully committed
2026-08-12 13:51:32|2266.7|  0.4|INFORM|Transaction #5825 was successfully committed
2026-08-12 13:51:33|2267.1|  0.4|INFORM|MULTI_WRITER writer: 12,526 of 97,958 features written
2026-08-12 13:51:33|2267.1|  0.0|INFORM|Transaction #5826 was successfully committed
2026-08-12 13:51:33|2267.6|  0.5|INFORM|Transaction #5827 was successfully committed
2026-08-12 13:51:34|2268.0|  0.4|INFORM|Transaction #5828 was successfully committed
2026-08-12 13:51:34|2268.4|  0.4|INFORM|Transaction #5829 was successfully committed
2026-08-12 13:51:34|2268.8|  0.4|INFORM|Transaction #5830 was successfully committed
2026-08-12 13:51:35|2269.1|  0.3|INFORM|Transaction #5831 was successfully committed
2026-08-12 13:51:35|2269.6|  0.5|INFORM|Transaction #5832 was successfully committed
2026-08-12 13:51:36|2270.0|  0.4|INFORM|Transaction #5833 was successfully committed
2026-08-12 13:51:36|2270.3|  0.3|INFORM|Transaction #5834 was successfully committed
2026-08-12 13:51:36|2270.8|  0.5|INFORM|Transaction #5835 was successfully committed
2026-08-12 13:51:37|2271.1|  0.3|INFORM|Transaction #5836 was successfully committed
2026-08-12 13:51:37|2271.5|  0.4|INFORM|Transaction #5837 was successfully committed
2026-08-12 13:51:38|2272.0|  0.5|INFORM|Transaction #5838 was successfully committed
2026-08-12 13:51:38|2272.1|  0.1|INFORM|MULTI_WRITER writer: 25,035 of 97,958 features written
2026-08-12 13:51:38|2272.4|  0.3|INFORM|Transaction #5839 was successfully committed
2026-08-12 13:51:38|2272.7|  0.3|INFORM|Transaction #5840 was successfully committed
2026-08-12 13:51:39|2273.1|  0.4|INFORM|Transaction #5841 was successfully committed
2026-08-12 13:51:39|2273.6|  0.5|INFORM|Transaction #5842 was successfully committed
2026-08-12 13:51:40|2273.9|  0.3|INFORM|Transaction #5843 was successfully committed
2026-08-12 13:51:40|2274.3|  0.4|INFORM|Transaction #5844 was successfully committed
2026-08-12 13:51:40|2274.7|  0.4|INFORM|Transaction #5845 was successfully committed
2026-08-12 13:51:41|2275.1|  0.4|INFORM|Transaction #5846 was successfully committed
2026-08-12 13:51:41|2275.5|  0.4|INFORM|Transaction #5847 was successfully committed
2026-08-12 13:51:42|2275.9|  0.4|INFORM|Transaction #5848 was successfully committed
2026-08-12 13:51:42|2276.3|  0.4|INFORM|Transaction #5849 was successfully committed
2026-08-12 13:51:42|2276.7|  0.4|INFORM|Transaction #5850 was successfully committed
2026-08-12 13:51:43|2277.1|  0.4|INFORM|MULTI_WRITER writer: 37,668 of 97,958 features written
2026-08-12 13:51:43|2277.1|  0.0|INFORM|Transaction #5851 was successfully committed
2026-08-12 13:51:43|2277.5|  0.4|INFORM|Transaction #5852 was successfully committed
2026-08-12 13:51:44|2277.9|  0.4|INFORM|Transaction #5853 was successfully committed
2026-08-12 13:51:44|2278.2|  0.3|INFORM|Transaction #5854 was successfully committed
2026-08-12 13:51:44|2278.6|  0.4|INFORM|Transaction #5855 was successfully committed
2026-08-12 13:51:45|2279.1|  0.5|INFORM|Transaction #5856 was successfully committed
2026-08-12 13:51:45|2279.5|  0.4|INFORM|Transaction #5857 was successfully committed
2026-08-12 13:51:46|2279.9|  0.4|INFORM|Transaction #5858 was successfully committed
2026-08-12 13:51:46|2280.3|  0.4|INFORM|Transaction #5859 was successfully committed
2026-08-12 13:51:46|2280.7|  0.4|INFORM|Transaction #5860 was successfully committed
2026-08-12 13:51:47|2281.0|  0.3|INFORM|Transaction #5861 was successfully committed
2026-08-12 13:51:47|2281.4|  0.4|INFORM|Transaction #5862 was successfully committed
2026-08-12 13:51:48|2281.9|  0.5|INFORM|Transaction #5863 was successfully committed
2026-08-12 13:51:48|2282.1|  0.2|INFORM|MULTI_WRITER writer: 50,247 of 97,958 features written
2026-08-12 13:51:48|2282.2|  0.1|INFORM|Transaction #5864 was successfully committed
2026-08-12 13:51:48|2282.7|  0.5|INFORM|Transaction #5865 was successfully committed
2026-08-12 13:51:49|2283.0|  0.3|INFORM|Transaction #5866 was successfully committed
2026-08-12 13:51:49|2283.4|  0.4|INFORM|Transaction #5867 was successfully committed
2026-08-12 13:51:50|2283.8|  0.4|INFORM|Transaction #5868 was successfully committed
2026-08-12 13:51:50|2284.2|  0.4|INFORM|Transaction #5869 was successfully committed
2026-08-12 13:51:50|2284.7|  0.5|INFORM|Transaction #5870 was successfully committed
2026-08-12 13:51:51|2285.1|  0.4|INFORM|Transaction #5871 was successfully committed
2026-08-12 13:51:51|2285.5|  0.4|INFORM|Transaction #5872 was successfully committed
2026-08-12 13:51:52|2285.9|  0.4|INFORM|Transaction #5873 was successfully committed
2026-08-12 13:51:52|2286.3|  0.4|INFORM|Transaction #5874 was successfully committed
2026-08-12 13:51:52|2286.7|  0.4|INFORM|Transaction #5875 was successfully committed
2026-08-12 13:51:53|2287.1|  0.4|INFORM|MULTI_WRITER writer: 62,661 of 97,958 features written
2026-08-12 13:51:53|2287.1|  0.0|INFORM|Transaction #5876 was successfully committed
2026-08-12 13:51:53|2287.5|  0.4|INFORM|Transaction #5877 was successfully committed
2026-08-12 13:51:54|2287.8|  0.3|INFORM|Transaction #5878 was successfully committed
2026-08-12 13:51:54|2288.2|  0.4|INFORM|Transaction #5879 was successfully committed
2026-08-12 13:51:54|2288.7|  0.5|INFORM|Transaction #5880 was successfully committed
2026-08-12 13:51:55|2289.1|  0.4|INFORM|Transaction #5881 was successfully committed
2026-08-12 13:51:55|2289.4|  0.3|INFORM|Transaction #5882 was successfully committed
2026-08-12 13:51:56|2289.8|  0.4|INFORM|Transaction #5883 was successfully committed
2026-08-12 13:51:56|2290.2|  0.4|INFORM|Transaction #5884 was successfully committed
2026-08-12 13:51:56|2290.6|  0.4|INFORM|Transaction #5885 was successfully committed
2026-08-12 13:51:57|2291.0|  0.4|INFORM|Transaction #5886 was successfully committed
2026-08-12 13:51:57|2291.4|  0.4|INFORM|Transaction #5887 was successfully committed
2026-08-12 13:51:58|2291.8|  0.4|INFORM|Transaction #5888 was successfully committed
2026-08-12 13:51:58|2292.1|  0.3|INFORM|MULTI_WRITER writer: 75,181 of 97,958 features written
2026-08-12 13:51:58|2292.3|  0.2|INFORM|Transaction #5889 was successfully committed
2026-08-12 13:51:58|2292.7|  0.4|INFORM|Transaction #5890 was successfully committed
2026-08-12 13:51:59|2293.0|  0.3|INFORM|Transaction #5891 was successfully committed
2026-08-12 13:51:59|2293.4|  0.4|INFORM|Transaction #5892 was successfully committed
2026-08-12 13:52:00|2293.8|  0.4|INFORM|Transaction #5893 was successfully committed
2026-08-12 13:52:00|2294.2|  0.4|INFORM|Transaction #5894 was successfully committed
2026-08-12 13:52:00|2294.7|  0.5|INFORM|Transaction #5895 was successfully committed
2026-08-12 13:52:01|2295.1|  0.4|INFORM|Transaction #5896 was successfully committed
2026-08-12 13:52:01|2295.4|  0.3|INFORM|Transaction #5897 was successfully committed
2026-08-12 13:52:02|2295.8|  0.4|INFORM|Transaction #5898 was successfully committed
2026-08-12 13:52:02|2296.2|  0.4|INFORM|Transaction #5899 was successfully committed
2026-08-12 13:52:02|2296.6|  0.4|INFORM|Transaction #5900 was successfully committed
2026-08-12 13:52:03|2297.1|  0.5|INFORM|Transaction #5901 was successfully committed
2026-08-12 13:52:03|2297.1|  0.0|INFORM|MULTI_WRITER writer: 87,713 of 97,958 features written
2026-08-12 13:52:03|2297.5|  0.4|INFORM|Transaction #5902 was successfully committed
2026-08-12 13:52:04|2297.8|  0.3|INFORM|Transaction #5903 was successfully committed
2026-08-12 13:52:04|2298.2|  0.4|INFORM|Transaction #5904 was successfully committed
2026-08-12 13:52:04|2298.7|  0.5|INFORM|Transaction #5905 was successfully committed
2026-08-12 13:52:05|2299.0|  0.3|INFORM|Transaction #5906 was successfully committed
2026-08-12 13:52:05|2299.4|  0.4|INFORM|Transaction #5907 was successfully committed
2026-08-12 13:52:06|2299.8|  0.4|INFORM|Transaction #5908 was successfully committed
2026-08-12 13:52:06|2300.2|  0.4|INFORM|Transaction #5909 was successfully committed
2026-08-12 13:52:06|2300.6|  0.4|INFORM|Transaction #5910 was successfully committed
2026-08-12 13:52:07|2301.0|  0.4|INFORM|Transaction #5911 was successfully committed
2026-08-12 13:52:07|2301.1|  0.1|INFORM|MULTI_WRITER writer: 97,958 of 97,958 features written
2026-08-12 13:52:08|2302.2|  1.1|INFORM|FFS writer: Writing 99230 feature(s) to file 'C:\Users\ASHTON~1.EAV\AppData\Local\Temp\wb-cache-LUS_PostProcessing_V01_ACE_25062-pwVrLI\Main_FeatureMerger -1 9 fo 0 MERGED  0  3bb0bff46fb22b1870d2b0394c88e7443c1c5b53_64.fts'
2026-08-12 13:52:08|2302.3|  0.1|INFORM|Spatial Index: Adding 99230 features
2026-08-12 13:52:08|2302.4|  0.1|INFORM|FFS writer: Writing 7945 feature(s) to file 'C:\Users\ASHTON~1.EAV\AppData\Local\Temp\wb-cache-LUS_PostProcessing_V01_ACE_25062-pwVrLI\Main_AttributeManager -1 38 fo 0 OUTPUT  0  71ef952938b38eff2ab0aa29d9504d1788ebbaa7_94.fts'
2026-08-12 13:52:08|2302.4|  0.0|INFORM|Spatial Index: Adding 7945 features
2026-08-12 13:52:08|2302.4|  0.0|INFORM|MULTI_WRITER writer: Splitting bulk features into individual features
2026-08-12 13:52:09|2302.7|  0.3|INFORM|Transaction #5912 was successfully committed
2026-08-12 13:52:09|2303.2|  0.5|INFORM|Transaction #5913 was successfully committed
2026-08-12 13:52:09|2303.6|  0.4|INFORM|Transaction #5914 was successfully committed
2026-08-12 13:52:10|2304.0|  0.4|INFORM|Transaction #5915 was successfully committed
2026-08-12 13:52:10|2304.4|  0.4|INFORM|Transaction #5916 was successfully committed
2026-08-12 13:52:11|2304.8|  0.4|INFORM|Transaction #5917 was successfully committed
2026-08-12 13:52:11|2305.2|  0.4|INFORM|Transaction #5918 was successfully committed
2026-08-12 13:52:11|2305.7|  0.5|INFORM|Transaction #5919 was successfully committed
2026-08-12 13:52:12|2306.1|  0.4|INFORM|FFS writer: Writing 91285 feature(s) to file 'C:\Users\ASHTON~1.EAV\AppData\Local\Temp\wb-cache-LUS_PostProcessing_V01_ACE_25062-pwVrLI\Main_AttributeManager -1 38 fo 0 OUTPUT  0  71ef952938b38eff2ab0aa29d9504d1788ebbaa7_95.fts'
2026-08-12 13:52:12|2306.2|  0.1|INFORM|Spatial Index: Adding 91285 features
2026-08-12 13:52:12|2306.3|  0.1|INFORM|MULTI_WRITER writer: Splitting bulk features into individual features
2026-08-12 13:52:12|2306.7|  0.4|INFORM|Transaction #5920 was successfully committed
2026-08-12 13:52:13|2307.1|  0.4|INFORM|Transaction #5921 was successfully committed
2026-08-12 13:52:13|2307.5|  0.4|INFORM|Transaction #5922 was successfully committed
2026-08-12 13:52:14|2307.9|  0.4|INFORM|Transaction #5923 was successfully committed
2026-08-12 13:52:14|2308.2|  0.3|INFORM|Transaction #5924 was successfully committed
2026-08-12 13:52:14|2308.6|  0.4|INFORM|Transaction #5925 was successfully committed
2026-08-12 13:52:15|2309.1|  0.5|INFORM|Transaction #5926 was successfully committed
2026-08-12 13:52:15|2309.6|  0.5|INFORM|Transaction #5927 was successfully committed
2026-08-12 13:52:16|2310.0|  0.4|INFORM|Transaction #5928 was successfully committed
2026-08-12 13:52:16|2310.3|  0.3|INFORM|Transaction #5929 was successfully committed
2026-08-12 13:52:17|2310.7|  0.4|INFORM|Transaction #5930 was successfully committed
2026-08-12 13:52:17|2311.1|  0.4|INFORM|Transaction #5931 was successfully committed
2026-08-12 13:52:17|2311.3|  0.2|INFORM|MULTI_WRITER writer: 12,199 of 91,285 features written
2026-08-12 13:52:17|2311.5|  0.2|INFORM|Transaction #5932 was successfully committed
2026-08-12 13:52:18|2312.0|  0.5|INFORM|Transaction #5933 was successfully committed
2026-08-12 13:52:18|2312.4|  0.4|INFORM|Transaction #5934 was successfully committed
2026-08-12 13:52:19|2312.7|  0.3|INFORM|Transaction #5935 was successfully committed
2026-08-12 13:52:19|2313.1|  0.4|INFORM|Transaction #5936 was successfully committed
2026-08-12 13:52:19|2313.5|  0.4|INFORM|Transaction #5937 was successfully committed
2026-08-12 13:52:20|2314.0|  0.5|INFORM|Transaction #5938 was successfully committed
2026-08-12 13:52:20|2314.4|  0.4|INFORM|Transaction #5939 was successfully committed
2026-08-12 13:52:21|2314.7|  0.3|INFORM|Transaction #5940 was successfully committed
2026-08-12 13:52:21|2315.2|  0.5|INFORM|Transaction #5941 was successfully committed
2026-08-12 13:52:21|2315.6|  0.4|INFORM|Transaction #5942 was successfully committed
2026-08-12 13:52:22|2316.0|  0.4|INFORM|Transaction #5943 was successfully committed
2026-08-12 13:52:22|2316.3|  0.3|INFORM|MULTI_WRITER writer: 24,408 of 91,285 features written
2026-08-12 13:52:22|2316.5|  0.2|INFORM|Transaction #5944 was successfully committed
2026-08-12 13:52:23|2316.9|  0.4|INFORM|Transaction #5945 was successfully committed
2026-08-12 13:52:23|2317.3|  0.4|INFORM|Transaction #5946 was successfully committed
2026-08-12 13:52:24|2317.7|  0.4|INFORM|Transaction #5947 was successfully committed
2026-08-12 13:52:24|2318.1|  0.4|INFORM|Transaction #5948 was successfully committed
2026-08-12 13:52:24|2318.6|  0.5|INFORM|Transaction #5949 was successfully committed
2026-08-12 13:52:25|2319.0|  0.4|INFORM|Transaction #5950 was successfully committed
2026-08-12 13:52:25|2319.4|  0.4|INFORM|Transaction #5951 was successfully committed
2026-08-12 13:52:26|2319.8|  0.4|INFORM|Transaction #5952 was successfully committed
2026-08-12 13:52:26|2320.2|  0.4|INFORM|Transaction #5953 was successfully committed
2026-08-12 13:52:26|2320.6|  0.4|INFORM|Transaction #5954 was successfully committed
2026-08-12 13:52:27|2321.0|  0.4|INFORM|Transaction #5955 was successfully committed
2026-08-12 13:52:27|2321.3|  0.3|INFORM|MULTI_WRITER writer: 36,316 of 91,285 features written
2026-08-12 13:52:27|2321.5|  0.2|INFORM|Transaction #5956 was successfully committed
2026-08-12 13:52:28|2321.9|  0.4|INFORM|Transaction #5957 was successfully committed
2026-08-12 13:52:28|2322.3|  0.4|INFORM|Transaction #5958 was successfully committed
2026-08-12 13:52:29|2322.8|  0.5|INFORM|Transaction #5959 was successfully committed
2026-08-12 13:52:29|2323.2|  0.4|INFORM|Transaction #5960 was successfully committed
2026-08-12 13:52:29|2323.5|  0.3|INFORM|Transaction #5961 was successfully committed
2026-08-12 13:52:30|2324.0|  0.5|INFORM|Transaction #5962 was successfully committed
2026-08-12 13:52:30|2324.4|  0.4|INFORM|Transaction #5963 was successfully committed
2026-08-12 13:52:31|2324.7|  0.3|INFORM|Transaction #5964 was successfully committed
2026-08-12 13:52:31|2325.1|  0.4|INFORM|Transaction #5965 was successfully committed
2026-08-12 13:52:31|2325.6|  0.5|INFORM|Transaction #5966 was successfully committed
2026-08-12 13:52:32|2326.0|  0.4|INFORM|Transaction #5967 was successfully committed
2026-08-12 13:52:32|2326.3|  0.3|INFORM|MULTI_WRITER writer: 48,542 of 91,285 features written
2026-08-12 13:52:32|2326.4|  0.1|INFORM|Transaction #5968 was successfully committed
2026-08-12 13:52:33|2326.8|  0.4|INFORM|Transaction #5969 was successfully committed
2026-08-12 13:52:33|2327.2|  0.4|INFORM|Transaction #5970 was successfully committed
2026-08-12 13:52:33|2327.6|  0.4|INFORM|Transaction #5971 was successfully committed
2026-08-12 13:52:34|2328.0|  0.4|INFORM|Transaction #5972 was successfully committed
2026-08-12 13:52:34|2328.4|  0.4|INFORM|Transaction #5973 was successfully committed
2026-08-12 13:52:35|2328.8|  0.4|INFORM|Transaction #5974 was successfully committed
2026-08-12 13:52:35|2329.1|  0.3|INFORM|Transaction #5975 was successfully committed
2026-08-12 13:52:35|2329.5|  0.4|INFORM|Transaction #5976 was successfully committed
2026-08-12 13:52:36|2329.9|  0.4|INFORM|Transaction #5977 was successfully committed
2026-08-12 13:52:36|2330.4|  0.5|INFORM|Transaction #5978 was successfully committed
2026-08-12 13:52:37|2330.8|  0.4|INFORM|Transaction #5979 was successfully committed
2026-08-12 13:52:37|2331.2|  0.4|INFORM|Transaction #5980 was successfully committed
2026-08-12 13:52:37|2331.2|  0.0|INFORM|MULTI_WRITER writer: 60,894 of 91,285 features written
2026-08-12 13:52:37|2331.6|  0.4|INFORM|Transaction #5981 was successfully committed
2026-08-12 13:52:38|2332.0|  0.4|INFORM|Transaction #5982 was successfully committed
2026-08-12 13:52:38|2332.4|  0.4|INFORM|Transaction #5983 was successfully committed
2026-08-12 13:52:39|2332.8|  0.4|INFORM|Transaction #5984 was successfully committed
2026-08-12 13:52:39|2333.2|  0.4|INFORM|Transaction #5985 was successfully committed
2026-08-12 13:52:40|2333.5|  0.3|INFORM|Transaction #5986 was successfully committed
2026-08-12 13:52:40|2333.9|  0.4|INFORM|Transaction #5987 was successfully committed
2026-08-12 13:52:40|2334.3|  0.4|INFORM|Transaction #5988 was successfully committed
2026-08-12 13:52:41|2334.7|  0.4|INFORM|Transaction #5989 was successfully committed
2026-08-12 13:52:41|2335.2|  0.5|INFORM|Transaction #5990 was successfully committed
2026-08-12 13:52:42|2335.6|  0.4|INFORM|Transaction #5991 was successfully committed
2026-08-12 13:52:42|2336.0|  0.4|INFORM|Transaction #5992 was successfully committed
2026-08-12 13:52:42|2336.2|  0.2|INFORM|MULTI_WRITER writer: 73,306 of 91,285 features written
2026-08-12 13:52:42|2336.4|  0.2|INFORM|Transaction #5993 was successfully committed
2026-08-12 13:52:43|2336.8|  0.4|INFORM|Transaction #5994 was successfully committed
2026-08-12 13:52:43|2337.2|  0.4|INFORM|Transaction #5995 was successfully committed
2026-08-12 13:52:44|2337.7|  0.5|INFORM|Transaction #5996 was successfully committed
2026-08-12 13:52:44|2338.0|  0.3|INFORM|Transaction #5997 was successfully committed
2026-08-12 13:52:44|2338.4|  0.4|INFORM|Transaction #5998 was successfully committed
2026-08-12 13:52:45|2338.8|  0.4|INFORM|Transaction #5999 was successfully committed
2026-08-12 13:52:45|2339.3|  0.5|INFORM|Transaction #6000 was successfully committed
2026-08-12 13:52:46|2339.6|  0.3|INFORM|Transaction #6001 was successfully committed
2026-08-12 13:52:46|2340.0|  0.4|INFORM|Transaction #6002 was successfully committed
2026-08-12 13:52:46|2340.4|  0.4|INFORM|Transaction #6003 was successfully committed
2026-08-12 13:52:47|2340.8|  0.4|INFORM|Transaction #6004 was successfully committed
2026-08-12 13:52:47|2341.2|  0.4|INFORM|MULTI_WRITER writer: 85,701 of 91,285 features written
2026-08-12 13:52:47|2341.2|  0.0|INFORM|Transaction #6005 was successfully committed
2026-08-12 13:52:48|2341.6|  0.4|INFORM|Transaction #6006 was successfully committed
2026-08-12 13:52:48|2342.0|  0.4|INFORM|Transaction #6007 was successfully committed
2026-08-12 13:52:48|2342.5|  0.5|INFORM|Transaction #6008 was successfully committed
2026-08-12 13:52:49|2342.9|  0.4|INFORM|Transaction #6009 was successfully committed
2026-08-12 13:52:49|2343.2|  0.3|INFORM|Transaction #6010 was successfully committed
2026-08-12 13:52:49|2343.4|  0.2|INFORM|MULTI_WRITER writer: 91,285 of 91,285 features written
2026-08-12 13:52:51|2344.5|  1.1|INFORM|FFS writer: Writing 98111 feature(s) to file 'C:\Users\ASHTON~1.EAV\AppData\Local\Temp\wb-cache-LUS_PostProcessing_V01_ACE_25062-pwVrLI\Main_FeatureMerger -1 9 fo 0 MERGED  0  3bb0bff46fb22b1870d2b0394c88e7443c1c5b53_65.fts'
2026-08-12 13:52:51|2344.7|  0.2|INFORM|Spatial Index: Adding 98111 features
2026-08-12 13:52:51|2344.7|  0.0|INFORM|AttributeManager_OUTPUT Feature Recorder -1 2147614758 (RecorderFactory): Splitting bulk features into individual features
2026-08-12 13:52:51|2345.0|  0.3|INFORM|Transaction #6011 was successfully committed
2026-08-12 13:52:52|2345.6|  0.6|INFORM|FFS writer: Writing 97157 feature(s) to file 'C:\Users\ASHTON~1.EAV\AppData\Local\Temp\wb-cache-LUS_PostProcessing_V01_ACE_25062-pwVrLI\Main_AttributeManager -1 38 fo 0 OUTPUT  0  71ef952938b38eff2ab0aa29d9504d1788ebbaa7_96.fts'
2026-08-12 13:52:52|2345.7|  0.1|INFORM|Spatial Index: Adding 97157 features
2026-08-12 13:52:52|2345.8|  0.1|INFORM|MULTI_WRITER writer: Splitting bulk features into individual features
2026-08-12 13:52:52|2346.1|  0.3|INFORM|Transaction #6012 was successfully committed
2026-08-12 13:52:52|2346.4|  0.3|INFORM|Transaction #6013 was successfully committed
2026-08-12 13:52:53|2346.8|  0.4|INFORM|Transaction #6014 was successfully committed
2026-08-12 13:52:53|2347.2|  0.4|INFORM|Transaction #6015 was successfully committed
2026-08-12 13:52:54|2347.6|  0.4|INFORM|Transaction #6016 was successfully committed
2026-08-12 13:52:54|2348.1|  0.5|INFORM|Transaction #6017 was successfully committed
2026-08-12 13:52:55|2348.5|  0.4|INFORM|Transaction #6018 was successfully committed
2026-08-12 13:52:55|2348.8|  0.3|INFORM|Transaction #6019 was successfully committed
2026-08-12 13:52:55|2349.3|  0.5|INFORM|Transaction #6020 was successfully committed
2026-08-12 13:52:56|2349.7|  0.4|INFORM|Transaction #6021 was successfully committed
2026-08-12 13:52:56|2350.1|  0.4|INFORM|Transaction #6022 was successfully committed
2026-08-12 13:52:57|2350.5|  0.4|INFORM|Transaction #6023 was successfully committed
2026-08-12 13:52:57|2350.8|  0.3|INFORM|MULTI_WRITER writer: 12,341 of 97,157 features written
2026-08-12 13:52:57|2350.9|  0.1|INFORM|Transaction #6024 was successfully committed
2026-08-12 13:52:57|2351.3|  0.4|INFORM|Transaction #6025 was successfully committed
2026-08-12 13:52:58|2351.7|  0.4|INFORM|Transaction #6026 was successfully committed
2026-08-12 13:52:58|2352.1|  0.4|INFORM|Transaction #6027 was successfully committed
2026-08-12 13:52:59|2352.5|  0.4|INFORM|Transaction #6028 was successfully committed
2026-08-12 13:52:59|2352.9|  0.4|INFORM|Transaction #6029 was successfully committed
2026-08-12 13:52:59|2353.2|  0.3|INFORM|Transaction #6030 was successfully committed
2026-08-12 13:53:00|2353.6|  0.4|INFORM|Transaction #6031 was successfully committed
2026-08-12 13:53:00|2354.0|  0.4|INFORM|Transaction #6032 was successfully committed
2026-08-12 13:53:01|2354.4|  0.4|INFORM|Transaction #6033 was successfully committed
2026-08-12 13:53:01|2354.8|  0.4|INFORM|Transaction #6034 was successfully committed
2026-08-12 13:53:01|2355.3|  0.5|INFORM|Transaction #6035 was successfully committed
2026-08-12 13:53:02|2355.6|  0.3|INFORM|Transaction #6036 was successfully committed
2026-08-12 13:53:02|2355.8|  0.2|INFORM|MULTI_WRITER writer: 24,919 of 97,157 features written
2026-08-12 13:53:02|2356.0|  0.2|INFORM|Transaction #6037 was successfully committed
2026-08-12 13:53:02|2356.4|  0.4|INFORM|Transaction #6038 was successfully committed
2026-08-12 13:53:03|2356.8|  0.4|INFORM|Transaction #6039 was successfully committed
2026-08-12 13:53:03|2357.2|  0.4|INFORM|Transaction #6040 was successfully committed
2026-08-12 13:53:04|2357.6|  0.4|INFORM|Transaction #6041 was successfully committed
2026-08-12 13:53:04|2358.1|  0.5|INFORM|Transaction #6042 was successfully committed
2026-08-12 13:53:04|2358.4|  0.3|INFORM|Transaction #6043 was successfully committed
2026-08-12 13:53:05|2358.8|  0.4|INFORM|Transaction #6044 was successfully committed
2026-08-12 13:53:05|2359.2|  0.4|INFORM|Transaction #6045 was successfully committed
2026-08-12 13:53:06|2359.6|  0.4|INFORM|Transaction #6046 was successfully committed
2026-08-12 13:53:06|2360.0|  0.4|INFORM|Transaction #6047 was successfully committed
2026-08-12 13:53:06|2360.4|  0.4|INFORM|Transaction #6048 was successfully committed
2026-08-12 13:53:07|2360.8|  0.4|INFORM|MULTI_WRITER writer: 37,502 of 97,157 features written
2026-08-12 13:53:07|2360.8|  0.0|INFORM|Transaction #6049 was successfully committed
2026-08-12 13:53:07|2361.2|  0.4|INFORM|Transaction #6050 was successfully committed
2026-08-12 13:53:08|2361.6|  0.4|INFORM|Transaction #6051 was successfully committed
2026-08-12 13:53:08|2362.0|  0.4|INFORM|Transaction #6052 was successfully committed
2026-08-12 13:53:08|2362.3|  0.3|INFORM|Transaction #6053 was successfully committed
2026-08-12 13:53:09|2362.8|  0.5|INFORM|Transaction #6054 was successfully committed
2026-08-12 13:53:09|2363.2|  0.4|INFORM|Transaction #6055 was successfully committed
2026-08-12 13:53:10|2363.6|  0.4|INFORM|Transaction #6056 was successfully committed
2026-08-12 13:53:10|2364.0|  0.4|INFORM|Transaction #6057 was successfully committed
2026-08-12 13:53:10|2364.3|  0.3|INFORM|Transaction #6058 was successfully committed
2026-08-12 13:53:11|2364.7|  0.4|INFORM|Transaction #6059 was successfully committed
2026-08-12 13:53:11|2365.1|  0.4|INFORM|Transaction #6060 was successfully committed
2026-08-12 13:53:12|2365.5|  0.4|INFORM|Transaction #6061 was successfully committed
2026-08-12 13:53:12|2365.7|  0.2|INFORM|MULTI_WRITER writer: 50,099 of 97,157 features written
2026-08-12 13:53:12|2365.9|  0.2|INFORM|Transaction #6062 was successfully committed
2026-08-12 13:53:12|2366.3|  0.4|INFORM|Transaction #6063 was successfully committed
2026-08-12 13:53:13|2366.6|  0.3|INFORM|Transaction #6064 was successfully committed
2026-08-12 13:53:13|2367.1|  0.5|INFORM|Transaction #6065 was successfully committed
2026-08-12 13:53:14|2367.5|  0.4|INFORM|Transaction #6066 was successfully committed
2026-08-12 13:53:14|2367.8|  0.3|INFORM|Transaction #6067 was successfully committed
2026-08-12 13:53:14|2368.2|  0.4|INFORM|Transaction #6068 was successfully committed
2026-08-12 13:53:15|2368.6|  0.4|INFORM|Transaction #6069 was successfully committed
2026-08-12 13:53:15|2369.0|  0.4|INFORM|Transaction #6070 was successfully committed
2026-08-12 13:53:16|2369.5|  0.5|INFORM|Transaction #6071 was successfully committed
2026-08-12 13:53:16|2369.8|  0.3|INFORM|Transaction #6072 was successfully committed
2026-08-12 13:53:16|2370.2|  0.4|INFORM|Transaction #6073 was successfully committed
2026-08-12 13:53:17|2370.6|  0.4|INFORM|Transaction #6074 was successfully committed
2026-08-12 13:53:17|2370.7|  0.1|INFORM|MULTI_WRITER writer: 62,760 of 97,157 features written
2026-08-12 13:53:17|2371.0|  0.3|INFORM|Transaction #6075 was successfully committed
2026-08-12 13:53:18|2371.4|  0.4|INFORM|Transaction #6076 was successfully committed
2026-08-12 13:53:18|2371.8|  0.4|INFORM|Transaction #6077 was successfully committed
2026-08-12 13:53:18|2372.2|  0.4|INFORM|Transaction #6078 was successfully committed
2026-08-12 13:53:19|2372.6|  0.4|INFORM|Transaction #6079 was successfully committed
2026-08-12 13:53:19|2373.0|  0.4|INFORM|Transaction #6080 was successfully committed
2026-08-12 13:53:20|2373.3|  0.3|INFORM|Transaction #6081 was successfully committed
2026-08-12 13:53:20|2373.8|  0.5|INFORM|Transaction #6082 was successfully committed
2026-08-12 13:53:20|2374.2|  0.4|INFORM|Transaction #6083 was successfully committed
2026-08-12 13:53:21|2374.6|  0.4|INFORM|Transaction #6084 was successfully committed
2026-08-12 13:53:21|2375.0|  0.4|INFORM|Transaction #6085 was successfully committed
2026-08-12 13:53:21|2375.3|  0.3|INFORM|Transaction #6086 was successfully committed
2026-08-12 13:53:22|2375.7|  0.4|INFORM|MULTI_WRITER writer: 75,437 of 97,157 features written
2026-08-12 13:53:22|2375.7|  0.0|INFORM|Transaction #6087 was successfully committed
2026-08-12 13:53:22|2376.1|  0.4|INFORM|Transaction #6088 was successfully committed
2026-08-12 13:53:23|2376.5|  0.4|INFORM|Transaction #6089 was successfully committed
2026-08-12 13:53:23|2376.9|  0.4|INFORM|Transaction #6090 was successfully committed
2026-08-12 13:53:23|2377.3|  0.4|INFORM|Transaction #6091 was successfully committed
2026-08-12 13:53:24|2377.7|  0.4|INFORM|Transaction #6092 was successfully committed
2026-08-12 13:53:24|2378.2|  0.5|INFORM|Transaction #6093 was successfully committed
2026-08-12 13:53:25|2378.5|  0.3|INFORM|Transaction #6094 was successfully committed
2026-08-12 13:53:25|2378.9|  0.4|INFORM|Transaction #6095 was successfully committed
2026-08-12 13:53:25|2379.3|  0.4|INFORM|Transaction #6096 was successfully committed
2026-08-12 13:53:26|2379.7|  0.4|INFORM|Transaction #6097 was successfully committed
2026-08-12 13:53:26|2380.1|  0.4|INFORM|Transaction #6098 was successfully committed
2026-08-12 13:53:27|2380.4|  0.3|INFORM|Transaction #6099 was successfully committed
2026-08-12 13:53:27|2380.7|  0.3|INFORM|MULTI_WRITER writer: 88,070 of 97,157 features written
2026-08-12 13:53:27|2380.8|  0.1|INFORM|Transaction #6100 was successfully committed
2026-08-12 13:53:27|2381.2|  0.4|INFORM|Transaction #6101 was successfully committed
2026-08-12 13:53:28|2381.7|  0.5|INFORM|Transaction #6102 was successfully committed
2026-08-12 13:53:28|2382.0|  0.3|INFORM|Transaction #6103 was successfully committed
2026-08-12 13:53:29|2382.4|  0.4|INFORM|Transaction #6104 was successfully committed
2026-08-12 13:53:29|2382.8|  0.4|INFORM|Transaction #6105 was successfully committed
2026-08-12 13:53:29|2383.2|  0.4|INFORM|Transaction #6106 was successfully committed
2026-08-12 13:53:30|2383.6|  0.4|INFORM|Transaction #6107 was successfully committed
2026-08-12 13:53:30|2384.0|  0.4|INFORM|Transaction #6108 was successfully committed
2026-08-12 13:53:30|2384.2|  0.2|INFORM|MULTI_WRITER writer: 97,157 of 97,157 features written
2026-08-12 13:53:32|2385.3|  1.1|INFORM|FFS writer: Writing 98300 feature(s) to file 'C:\Users\ASHTON~1.EAV\AppData\Local\Temp\wb-cache-LUS_PostProcessing_V01_ACE_25062-pwVrLI\Main_FeatureMerger -1 9 fo 0 MERGED  0  3bb0bff46fb22b1870d2b0394c88e7443c1c5b53_66.fts'
2026-08-12 13:53:32|2385.5|  0.2|INFORM|Spatial Index: Adding 98300 features
2026-08-12 13:53:32|2385.6|  0.1|INFORM|FFS writer: Writing 4648 feature(s) to file 'C:\Users\ASHTON~1.EAV\AppData\Local\Temp\wb-cache-LUS_PostProcessing_V01_ACE_25062-pwVrLI\Main_AttributeManager -1 38 fo 0 OUTPUT  0  71ef952938b38eff2ab0aa29d9504d1788ebbaa7_97.fts'
2026-08-12 13:53:32|2385.6|  0.0|INFORM|Spatial Index: Adding 4648 features
2026-08-12 13:53:32|2385.6|  0.0|INFORM|MULTI_WRITER writer: Splitting bulk features into individual features
2026-08-12 13:53:32|2385.7|  0.1|INFORM|Transaction #6109 was successfully committed
2026-08-12 13:53:32|2386.2|  0.5|INFORM|Transaction #6110 was successfully committed
2026-08-12 13:53:33|2386.6|  0.4|INFORM|Transaction #6111 was successfully committed
2026-08-12 13:53:33|2386.9|  0.3|INFORM|Transaction #6112 was successfully committed
2026-08-12 13:53:33|2387.3|  0.4|INFORM|Transaction #6113 was successfully committed
2026-08-12 13:53:34|2387.7|  0.4|INFORM|FFS writer: Writing 93652 feature(s) to file 'C:\Users\ASHTON~1.EAV\AppData\Local\Temp\wb-cache-LUS_PostProcessing_V01_ACE_25062-pwVrLI\Main_AttributeManager -1 38 fo 0 OUTPUT  0  71ef952938b38eff2ab0aa29d9504d1788ebbaa7_98.fts'
2026-08-12 13:53:34|2387.9|  0.2|INFORM|Spatial Index: Adding 93652 features
2026-08-12 13:53:34|2388.0|  0.1|INFORM|MULTI_WRITER writer: Splitting bulk features into individual features
2026-08-12 13:53:34|2388.3|  0.3|INFORM|Transaction #6114 was successfully committed
2026-08-12 13:53:35|2388.6|  0.3|INFORM|Transaction #6115 was successfully committed
2026-08-12 13:53:35|2389.0|  0.4|INFORM|Transaction #6116 was successfully committed
2026-08-12 13:53:36|2389.4|  0.4|INFORM|Transaction #6117 was successfully committed
2026-08-12 13:53:36|2389.7|  0.3|INFORM|Transaction #6118 was successfully committed
2026-08-12 13:53:36|2390.1|  0.4|INFORM|Transaction #6119 was successfully committed
2026-08-12 13:53:37|2390.6|  0.5|INFORM|Transaction #6120 was successfully committed
2026-08-12 13:53:37|2391.0|  0.4|INFORM|Transaction #6121 was successfully committed
2026-08-12 13:53:38|2391.4|  0.4|INFORM|Transaction #6122 was successfully committed
2026-08-12 13:53:38|2391.8|  0.4|INFORM|Transaction #6123 was successfully committed
2026-08-12 13:53:38|2392.2|  0.4|INFORM|Transaction #6124 was successfully committed
2026-08-12 13:53:39|2392.6|  0.4|INFORM|Transaction #6125 was successfully committed
2026-08-12 13:53:39|2392.9|  0.3|INFORM|Transaction #6126 was successfully committed
2026-08-12 13:53:39|2393.0|  0.1|INFORM|MULTI_WRITER writer: 12,757 of 93,652 features written
2026-08-12 13:53:40|2393.3|  0.3|INFORM|Transaction #6127 was successfully committed
2026-08-12 13:53:40|2393.7|  0.4|INFORM|Transaction #6128 was successfully committed
2026-08-12 13:53:40|2394.1|  0.4|INFORM|Transaction #6129 was successfully committed
2026-08-12 13:53:41|2394.4|  0.3|INFORM|Transaction #6130 was successfully committed
2026-08-12 13:53:41|2394.9|  0.5|INFORM|Transaction #6131 was successfully committed
2026-08-12 13:53:41|2395.3|  0.4|INFORM|Transaction #6132 was successfully committed
2026-08-12 13:53:42|2395.7|  0.4|INFORM|Transaction #6133 was successfully committed
2026-08-12 13:53:42|2396.0|  0.3|INFORM|Transaction #6134 was successfully committed
2026-08-12 13:53:43|2396.5|  0.5|INFORM|Transaction #6135 was successfully committed
2026-08-12 13:53:43|2396.8|  0.3|INFORM|Transaction #6136 was successfully committed
2026-08-12 13:53:43|2397.2|  0.4|INFORM|Transaction #6137 was successfully committed
2026-08-12 13:53:44|2397.6|  0.4|INFORM|Transaction #6138 was successfully committed
2026-08-12 13:53:44|2398.0|  0.4|INFORM|MULTI_WRITER writer: 25,456 of 93,652 features written
2026-08-12 13:53:44|2398.1|  0.1|INFORM|Transaction #6139 was successfully committed
2026-08-12 13:53:45|2398.5|  0.4|INFORM|Transaction #6140 was successfully committed
2026-08-12 13:53:45|2398.9|  0.4|INFORM|Transaction #6141 was successfully committed
2026-08-12 13:53:45|2399.2|  0.3|INFORM|Transaction #6142 was successfully committed
2026-08-12 13:53:46|2399.6|  0.4|INFORM|Transaction #6143 was successfully committed
2026-08-12 13:53:46|2400.0|  0.4|INFORM|Transaction #6144 was successfully committed
2026-08-12 13:53:47|2400.5|  0.5|INFORM|Transaction #6145 was successfully committed
2026-08-12 13:53:47|2400.9|  0.4|INFORM|Transaction #6146 was successfully committed
2026-08-12 13:53:47|2401.2|  0.3|INFORM|Transaction #6147 was successfully committed
2026-08-12 13:53:48|2401.6|  0.4|INFORM|Transaction #6148 was successfully committed
2026-08-12 13:53:48|2402.0|  0.4|INFORM|Transaction #6149 was successfully committed
2026-08-12 13:53:49|2402.4|  0.4|INFORM|Transaction #6150 was successfully committed
2026-08-12 13:53:49|2402.8|  0.4|INFORM|Transaction #6151 was successfully committed
2026-08-12 13:53:49|2402.9|  0.1|INFORM|MULTI_WRITER writer: 38,038 of 93,652 features written
2026-08-12 13:53:49|2403.2|  0.3|INFORM|Transaction #6152 was successfully committed
2026-08-12 13:53:50|2403.6|  0.4|INFORM|Transaction #6153 was successfully committed
2026-08-12 13:53:50|2404.0|  0.4|INFORM|Transaction #6154 was successfully committed
2026-08-12 13:53:51|2404.4|  0.4|INFORM|Transaction #6155 was successfully committed
2026-08-12 13:53:51|2404.8|  0.4|INFORM|Transaction #6156 was successfully committed
2026-08-12 13:53:51|2405.2|  0.4|INFORM|Transaction #6157 was successfully committed
2026-08-12 13:53:52|2405.6|  0.4|INFORM|Transaction #6158 was successfully committed
2026-08-12 13:53:52|2406.0|  0.4|INFORM|Transaction #6159 was successfully committed
2026-08-12 13:53:53|2406.4|  0.4|INFORM|Transaction #6160 was successfully committed
2026-08-12 13:53:53|2406.8|  0.4|INFORM|Transaction #6161 was successfully committed
2026-08-12 13:53:53|2407.1|  0.3|INFORM|Transaction #6162 was successfully committed
2026-08-12 13:53:54|2407.6|  0.5|INFORM|Transaction #6163 was successfully committed
2026-08-12 13:53:54|2407.9|  0.3|INFORM|MULTI_WRITER writer: 50,708 of 93,652 features written
2026-08-12 13:53:54|2407.9|  0.0|INFORM|Transaction #6164 was successfully committed
2026-08-12 13:53:55|2408.3|  0.4|INFORM|Transaction #6165 was successfully committed
2026-08-12 13:53:55|2408.7|  0.4|INFORM|Transaction #6166 was successfully committed
2026-08-12 13:53:55|2409.2|  0.5|INFORM|Transaction #6167 was successfully committed
2026-08-12 13:53:56|2409.5|  0.3|INFORM|Transaction #6168 was successfully committed
2026-08-12 13:53:56|2409.9|  0.4|INFORM|Transaction #6169 was successfully committed
2026-08-12 13:53:57|2410.3|  0.4|INFORM|Transaction #6170 was successfully committed
2026-08-12 13:53:57|2410.6|  0.3|INFORM|Transaction #6171 was successfully committed
2026-08-12 13:53:57|2411.0|  0.4|INFORM|Transaction #6172 was successfully committed
2026-08-12 13:53:58|2411.5|  0.5|INFORM|Transaction #6173 was successfully committed
2026-08-12 13:53:58|2411.9|  0.4|INFORM|Transaction #6174 was successfully committed
2026-08-12 13:53:58|2412.3|  0.4|INFORM|Transaction #6175 was successfully committed
2026-08-12 13:53:59|2412.7|  0.4|INFORM|Transaction #6176 was successfully committed
2026-08-12 13:53:59|2413.0|  0.3|INFORM|MULTI_WRITER writer: 63,491 of 93,652 features written
2026-08-12 13:53:59|2413.1|  0.1|INFORM|Transaction #6177 was successfully committed
2026-08-12 13:54:00|2413.5|  0.4|INFORM|Transaction #6178 was successfully committed
2026-08-12 13:54:00|2413.8|  0.3|INFORM|Transaction #6179 was successfully committed
2026-08-12 13:54:00|2414.2|  0.4|INFORM|Transaction #6180 was successfully committed
2026-08-12 13:54:01|2414.5|  0.3|INFORM|Transaction #6181 was successfully committed
2026-08-12 13:54:01|2414.9|  0.4|INFORM|Transaction #6182 was successfully committed
2026-08-12 13:54:02|2415.3|  0.4|INFORM|Transaction #6183 was successfully committed
2026-08-12 13:54:02|2415.7|  0.4|INFORM|Transaction #6184 was successfully committed
2026-08-12 13:54:02|2416.1|  0.4|INFORM|Transaction #6185 was successfully committed
2026-08-12 13:54:03|2416.6|  0.5|INFORM|Transaction #6186 was successfully committed
2026-08-12 13:54:03|2417.0|  0.4|INFORM|Transaction #6187 was successfully committed
2026-08-12 13:54:04|2417.4|  0.4|INFORM|Transaction #6188 was successfully committed
2026-08-12 13:54:04|2417.7|  0.3|INFORM|Transaction #6189 was successfully committed
2026-08-12 13:54:04|2417.9|  0.2|INFORM|MULTI_WRITER writer: 76,230 of 93,652 features written
2026-08-12 13:54:04|2418.1|  0.2|INFORM|Transaction #6190 was successfully committed
2026-08-12 13:54:05|2418.5|  0.4|INFORM|Transaction #6191 was successfully committed
2026-08-12 13:54:05|2418.9|  0.4|INFORM|Transaction #6192 was successfully committed
2026-08-12 13:54:06|2419.3|  0.4|INFORM|Transaction #6193 was successfully committed
2026-08-12 13:54:06|2419.7|  0.4|INFORM|Transaction #6194 was successfully committed
2026-08-12 13:54:06|2420.1|  0.4|INFORM|Transaction #6195 was successfully committed
2026-08-12 13:54:07|2420.5|  0.4|INFORM|Transaction #6196 was successfully committed
2026-08-12 13:54:07|2420.9|  0.4|INFORM|Transaction #6197 was successfully committed
2026-08-12 13:54:07|2421.2|  0.3|INFORM|Transaction #6198 was successfully committed
2026-08-12 13:54:08|2421.6|  0.4|INFORM|Transaction #6199 was successfully committed
2026-08-12 13:54:08|2422.0|  0.4|INFORM|Transaction #6200 was successfully committed
2026-08-12 13:54:09|2422.4|  0.4|INFORM|Transaction #6201 was successfully committed
2026-08-12 13:54:09|2422.8|  0.4|INFORM|Transaction #6202 was successfully committed
2026-08-12 13:54:09|2422.9|  0.1|INFORM|MULTI_WRITER writer: 89,034 of 93,652 features written
2026-08-12 13:54:09|2423.2|  0.3|INFORM|Transaction #6203 was successfully committed
2026-08-12 13:54:10|2423.6|  0.4|INFORM|Transaction #6204 was successfully committed
2026-08-12 13:54:10|2424.0|  0.4|INFORM|Transaction #6205 was successfully committed
2026-08-12 13:54:11|2424.4|  0.4|INFORM|Transaction #6206 was successfully committed
2026-08-12 13:54:11|2424.7|  0.3|INFORM|MULTI_WRITER writer: 93,652 of 93,652 features written
2026-08-12 13:54:12|2425.8|  1.1|INFORM|FFS writer: Writing 95635 feature(s) to file 'C:\Users\ASHTON~1.EAV\AppData\Local\Temp\wb-cache-LUS_PostProcessing_V01_ACE_25062-pwVrLI\Main_FeatureMerger -1 9 fo 0 MERGED  0  3bb0bff46fb22b1870d2b0394c88e7443c1c5b53_67.fts'
2026-08-12 13:54:12|2425.9|  0.1|INFORM|Spatial Index: Adding 95635 features
2026-08-12 13:54:12|2426.0|  0.1|INFORM|AttributeManager_OUTPUT Feature Recorder -1 2147614758 (RecorderFactory): Splitting bulk features into individual features
2026-08-12 13:54:13|2426.3|  0.3|INFORM|FFS writer: Writing 95583 feature(s) to file 'C:\Users\ASHTON~1.EAV\AppData\Local\Temp\wb-cache-LUS_PostProcessing_V01_ACE_25062-pwVrLI\Main_AttributeManager -1 38 fo 0 OUTPUT  0  71ef952938b38eff2ab0aa29d9504d1788ebbaa7_99.fts'
2026-08-12 13:54:13|2426.5|  0.2|INFORM|Spatial Index: Adding 95583 features
2026-08-12 13:54:13|2426.5|  0.0|INFORM|MULTI_WRITER writer: Splitting bulk features into individual features
2026-08-12 13:54:13|2426.5|  0.0|INFORM|Transaction #6207 was successfully committed
2026-08-12 13:54:13|2426.9|  0.4|INFORM|Transaction #6208 was successfully committed
2026-08-12 13:54:14|2427.4|  0.5|INFORM|Transaction #6209 was successfully committed
2026-08-12 13:54:14|2427.8|  0.4|INFORM|Transaction #6210 was successfully committed
2026-08-12 13:54:14|2428.2|  0.4|INFORM|Transaction #6211 was successfully committed
2026-08-12 13:54:15|2428.5|  0.3|INFORM|Transaction #6212 was successfully committed
2026-08-12 13:54:15|2428.9|  0.4|INFORM|Transaction #6213 was successfully committed
2026-08-12 13:54:16|2429.3|  0.4|INFORM|Transaction #6214 was successfully committed
2026-08-12 13:54:16|2429.7|  0.4|INFORM|Transaction #6215 was successfully committed
2026-08-12 13:54:16|2430.1|  0.4|INFORM|Transaction #6216 was successfully committed
2026-08-12 13:54:17|2430.5|  0.4|INFORM|Transaction #6217 was successfully committed
2026-08-12 13:54:17|2430.9|  0.4|INFORM|Transaction #6218 was successfully committed
2026-08-12 13:54:18|2431.3|  0.4|INFORM|Transaction #6219 was successfully committed
2026-08-12 13:54:18|2431.6|  0.3|INFORM|MULTI_WRITER writer: 12,628 of 95,583 features written
2026-08-12 13:54:18|2431.7|  0.1|INFORM|Transaction #6220 was successfully committed
2026-08-12 13:54:18|2432.1|  0.4|INFORM|Transaction #6221 was successfully committed
2026-08-12 13:54:19|2432.5|  0.4|INFORM|Transaction #6222 was successfully committed
2026-08-12 13:54:19|2432.9|  0.4|INFORM|Transaction #6223 was successfully committed
2026-08-12 13:54:20|2433.3|  0.4|INFORM|Transaction #6224 was successfully committed
2026-08-12 13:54:20|2433.6|  0.3|INFORM|Transaction #6225 was successfully committed
2026-08-12 13:54:20|2434.0|  0.4|INFORM|Transaction #6226 was successfully committed
2026-08-12 13:54:21|2434.5|  0.5|INFORM|Transaction #6227 was successfully committed
2026-08-12 13:54:21|2434.9|  0.4|INFORM|Transaction #6228 was successfully committed
2026-08-12 13:54:22|2435.3|  0.4|INFORM|Transaction #6229 was successfully committed
2026-08-12 13:54:22|2435.6|  0.3|INFORM|Transaction #6230 was successfully committed
2026-08-12 13:54:22|2436.0|  0.4|INFORM|Transaction #6231 was successfully committed
2026-08-12 13:54:23|2436.4|  0.4|INFORM|Transaction #6232 was successfully committed
2026-08-12 13:54:23|2436.5|  0.1|INFORM|MULTI_WRITER writer: 25,256 of 95,583 features written
2026-08-12 13:54:23|2436.8|  0.3|INFORM|Transaction #6233 was successfully committed
2026-08-12 13:54:24|2437.2|  0.4|INFORM|Transaction #6234 was successfully committed
2026-08-12 13:54:24|2437.6|  0.4|INFORM|Transaction #6235 was successfully committed
2026-08-12 13:54:24|2438.1|  0.5|INFORM|Transaction #6236 was successfully committed
2026-08-12 13:54:25|2438.5|  0.4|INFORM|Transaction #6237 was successfully committed
2026-08-12 13:54:25|2438.8|  0.3|INFORM|Transaction #6238 was successfully committed
2026-08-12 13:54:26|2439.2|  0.4|INFORM|Transaction #6239 was successfully committed
2026-08-12 13:54:26|2439.6|  0.4|INFORM|Transaction #6240 was successfully committed
2026-08-12 13:54:26|2440.0|  0.4|INFORM|Transaction #6241 was successfully committed
2026-08-12 13:54:27|2440.4|  0.4|INFORM|Transaction #6242 was successfully committed
2026-08-12 13:54:27|2440.8|  0.4|INFORM|Transaction #6243 was successfully committed
2026-08-12 13:54:27|2441.2|  0.4|INFORM|Transaction #6244 was successfully committed
2026-08-12 13:54:28|2441.6|  0.4|INFORM|MULTI_WRITER writer: 37,876 of 95,583 features written
2026-08-12 13:54:28|2441.6|  0.0|INFORM|Transaction #6245 was successfully committed
2026-08-12 13:54:28|2442.0|  0.4|INFORM|Transaction #6246 was successfully committed
2026-08-12 13:54:29|2442.4|  0.4|INFORM|Transaction #6247 was successfully committed
2026-08-12 13:54:29|2442.8|  0.4|INFORM|Transaction #6248 was successfully committed
2026-08-12 13:54:29|2443.2|  0.4|INFORM|Transaction #6249 was successfully committed
2026-08-12 13:54:30|2443.6|  0.4|INFORM|Transaction #6250 was successfully committed
2026-08-12 13:54:30|2444.0|  0.4|INFORM|Transaction #6251 was successfully committed
2026-08-12 13:54:31|2444.4|  0.4|INFORM|Transaction #6252 was successfully committed
2026-08-12 13:54:31|2444.7|  0.3|INFORM|Transaction #6253 was successfully committed
2026-08-12 13:54:31|2445.1|  0.4|INFORM|Transaction #6254 was successfully committed
2026-08-12 13:54:32|2445.5|  0.4|INFORM|Transaction #6255 was successfully committed
2026-08-12 13:54:32|2445.9|  0.4|INFORM|Transaction #6256 was successfully committed
2026-08-12 13:54:33|2446.3|  0.4|INFORM|Transaction #6257 was successfully committed
2026-08-12 13:54:33|2446.5|  0.2|INFORM|MULTI_WRITER writer: 50,512 of 95,583 features written
2026-08-12 13:54:33|2446.7|  0.2|INFORM|Transaction #6258 was successfully committed
2026-08-12 13:54:33|2447.1|  0.4|INFORM|Transaction #6259 was successfully committed
2026-08-12 13:54:34|2447.5|  0.4|INFORM|Transaction #6260 was successfully committed
2026-08-12 13:54:34|2447.9|  0.4|INFORM|Transaction #6261 was successfully committed
2026-08-12 13:54:35|2448.3|  0.4|INFORM|Transaction #6262 was successfully committed
2026-08-12 13:54:35|2448.7|  0.4|INFORM|Transaction #6263 was successfully committed
2026-08-12 13:54:35|2449.1|  0.4|INFORM|Transaction #6264 was successfully committed
2026-08-12 13:54:36|2449.5|  0.4|INFORM|Transaction #6265 was successfully committed
2026-08-12 13:54:36|2449.9|  0.4|INFORM|Transaction #6266 was successfully committed
2026-08-12 13:54:37|2450.3|  0.4|INFORM|Transaction #6267 was successfully committed
2026-08-12 13:54:37|2450.7|  0.4|INFORM|Transaction #6268 was successfully committed
2026-08-12 13:54:37|2451.0|  0.3|INFORM|Transaction #6269 was successfully committed
2026-08-12 13:54:38|2451.5|  0.5|INFORM|Transaction #6270 was successfully committed
2026-08-12 13:54:38|2451.5|  0.0|INFORM|MULTI_WRITER writer: 63,144 of 95,583 features written
2026-08-12 13:54:38|2451.9|  0.4|INFORM|Transaction #6271 was successfully committed
2026-08-12 13:54:39|2452.3|  0.4|INFORM|Transaction #6272 was successfully committed
2026-08-12 13:54:39|2452.6|  0.3|INFORM|Transaction #6273 was successfully committed
2026-08-12 13:54:39|2453.0|  0.4|INFORM|Transaction #6274 was successfully committed
2026-08-12 13:54:40|2453.4|  0.4|INFORM|Transaction #6275 was successfully committed
2026-08-12 13:54:40|2453.8|  0.4|INFORM|Transaction #6276 was successfully committed
2026-08-12 13:54:41|2454.2|  0.4|INFORM|Transaction #6277 was successfully committed
2026-08-12 13:54:41|2454.7|  0.5|INFORM|Transaction #6278 was successfully committed
2026-08-12 13:54:41|2455.1|  0.4|INFORM|Transaction #6279 was successfully committed
2026-08-12 13:54:42|2455.5|  0.4|INFORM|Transaction #6280 was successfully committed
2026-08-12 13:54:42|2455.9|  0.4|INFORM|Transaction #6281 was successfully committed
2026-08-12 13:54:43|2456.2|  0.3|INFORM|Transaction #6282 was successfully committed
2026-08-12 13:54:43|2456.5|  0.3|INFORM|MULTI_WRITER writer: 75,801 of 95,583 features written
2026-08-12 13:54:43|2456.6|  0.1|INFORM|Transaction #6283 was successfully committed
2026-08-12 13:54:43|2457.0|  0.4|INFORM|Transaction #6284 was successfully committed
2026-08-12 13:54:44|2457.4|  0.4|INFORM|Transaction #6285 was successfully committed
2026-08-12 13:54:44|2457.8|  0.4|INFORM|Transaction #6286 was successfully committed
2026-08-12 13:54:44|2458.2|  0.4|INFORM|Transaction #6287 was successfully committed
2026-08-12 13:54:45|2458.5|  0.3|INFORM|Transaction #6288 was successfully committed
2026-08-12 13:54:45|2459.0|  0.5|INFORM|Transaction #6289 was successfully committed
2026-08-12 13:54:46|2459.4|  0.4|INFORM|Transaction #6290 was successfully committed
2026-08-12 13:54:46|2459.8|  0.4|INFORM|Transaction #6291 was successfully committed
2026-08-12 13:54:46|2460.2|  0.4|INFORM|Transaction #6292 was successfully committed
2026-08-12 13:54:47|2460.6|  0.4|INFORM|Transaction #6293 was successfully committed
2026-08-12 13:54:47|2461.0|  0.4|INFORM|Transaction #6294 was successfully committed
2026-08-12 13:54:48|2461.3|  0.3|INFORM|Transaction #6295 was successfully committed
2026-08-12 13:54:48|2461.5|  0.2|INFORM|MULTI_WRITER writer: 88,418 of 95,583 features written
2026-08-12 13:54:48|2461.7|  0.2|INFORM|Transaction #6296 was successfully committed
2026-08-12 13:54:48|2462.1|  0.4|INFORM|Transaction #6297 was successfully committed
2026-08-12 13:54:49|2462.5|  0.4|INFORM|Transaction #6298 was successfully committed
2026-08-12 13:54:49|2462.9|  0.4|INFORM|Transaction #6299 was successfully committed
2026-08-12 13:54:50|2463.3|  0.4|INFORM|Transaction #6300 was successfully committed
2026-08-12 13:54:50|2463.7|  0.4|INFORM|Transaction #6301 was successfully committed
2026-08-12 13:54:50|2464.1|  0.4|INFORM|Transaction #6302 was successfully committed
2026-08-12 13:54:51|2464.3|  0.2|INFORM|MULTI_WRITER writer: 95,583 of 95,583 features written
2026-08-12 13:54:52|2465.5|  1.2|INFORM|FFS writer: Writing 94271 feature(s) to file 'C:\Users\ASHTON~1.EAV\AppData\Local\Temp\wb-cache-LUS_PostProcessing_V01_ACE_25062-pwVrLI\Main_FeatureMerger -1 9 fo 0 MERGED  0  3bb0bff46fb22b1870d2b0394c88e7443c1c5b53_68.fts'
2026-08-12 13:54:52|2465.6|  0.1|INFORM|Spatial Index: Adding 94271 features
2026-08-12 13:54:52|2465.7|  0.1|INFORM|AttributeManager_OUTPUT Feature Recorder -1 2147614758 (RecorderFactory): Splitting bulk features into individual features
2026-08-12 13:54:52|2466.0|  0.3|INFORM|Transaction #6303 was successfully committed
2026-08-12 13:54:53|2466.3|  0.3|INFORM|FFS writer: Writing 93726 feature(s) to file 'C:\Users\ASHTON~1.EAV\AppData\Local\Temp\wb-cache-LUS_PostProcessing_V01_ACE_25062-pwVrLI\Main_AttributeManager -1 38 fo 0 OUTPUT  0  71ef952938b38eff2ab0aa29d9504d1788ebbaa7_100.fts'
2026-08-12 13:54:53|2466.5|  0.2|INFORM|Spatial Index: Adding 93726 features
2026-08-12 13:54:53|2466.5|  0.0|INFORM|MULTI_WRITER writer: Splitting bulk features into individual features
2026-08-12 13:54:53|2466.9|  0.4|INFORM|Transaction #6304 was successfully committed
2026-08-12 13:54:54|2467.3|  0.4|INFORM|Transaction #6305 was successfully committed
2026-08-12 13:54:54|2467.7|  0.4|INFORM|Transaction #6306 was successfully committed
2026-08-12 13:54:54|2468.1|  0.4|INFORM|Transaction #6307 was successfully committed
2026-08-12 13:54:55|2468.5|  0.4|INFORM|Transaction #6308 was successfully committed
2026-08-12 13:54:55|2468.9|  0.4|INFORM|Transaction #6309 was successfully committed
2026-08-12 13:54:56|2469.3|  0.4|INFORM|Transaction #6310 was successfully committed
2026-08-12 13:54:56|2469.7|  0.4|INFORM|Transaction #6311 was successfully committed
2026-08-12 13:54:57|2470.1|  0.4|INFORM|Transaction #6312 was successfully committed
2026-08-12 13:54:57|2470.5|  0.4|INFORM|Transaction #6313 was successfully committed
2026-08-12 13:54:57|2471.0|  0.5|INFORM|Transaction #6314 was successfully committed
2026-08-12 13:54:58|2471.4|  0.4|INFORM|Transaction #6315 was successfully committed
2026-08-12 13:54:58|2471.5|  0.1|INFORM|MULTI_WRITER writer: 12,113 of 93,726 features written
2026-08-12 13:54:58|2471.8|  0.3|INFORM|Transaction #6316 was successfully committed
2026-08-12 13:54:59|2472.2|  0.4|INFORM|Transaction #6317 was successfully committed
2026-08-12 13:54:59|2472.6|  0.4|INFORM|Transaction #6318 was successfully committed
2026-08-12 13:54:59|2473.0|  0.4|INFORM|Transaction #6319 was successfully committed
2026-08-12 13:55:00|2473.4|  0.4|INFORM|Transaction #6320 was successfully committed
2026-08-12 13:55:00|2473.9|  0.5|INFORM|Transaction #6321 was successfully committed
2026-08-12 13:55:01|2474.3|  0.4|INFORM|Transaction #6322 was successfully committed
2026-08-12 13:55:01|2474.7|  0.4|INFORM|Transaction #6323 was successfully committed
2026-08-12 13:55:01|2475.1|  0.4|INFORM|Transaction #6324 was successfully committed
2026-08-12 13:55:02|2475.5|  0.4|INFORM|Transaction #6325 was successfully committed
2026-08-12 13:55:02|2476.0|  0.5|INFORM|Transaction #6326 was successfully committed
2026-08-12 13:55:03|2476.3|  0.3|INFORM|Transaction #6327 was successfully committed
2026-08-12 13:55:03|2476.5|  0.2|INFORM|MULTI_WRITER writer: 24,166 of 93,726 features written
2026-08-12 13:55:03|2476.8|  0.3|INFORM|Transaction #6328 was successfully committed
2026-08-12 13:55:04|2477.2|  0.4|INFORM|Transaction #6329 was successfully committed
2026-08-12 13:55:04|2477.6|  0.4|INFORM|Transaction #6330 was successfully committed
2026-08-12 13:55:04|2478.0|  0.4|INFORM|Transaction #6331 was successfully committed
2026-08-12 13:55:05|2478.5|  0.5|INFORM|Transaction #6332 was successfully committed
2026-08-12 13:55:05|2478.8|  0.3|INFORM|Transaction #6333 was successfully committed
2026-08-12 13:55:06|2479.2|  0.4|INFORM|Transaction #6334 was successfully committed
2026-08-12 13:55:06|2479.6|  0.4|INFORM|Transaction #6335 was successfully committed
2026-08-12 13:55:06|2480.1|  0.5|INFORM|Transaction #6336 was successfully committed
2026-08-12 13:55:07|2480.4|  0.3|INFORM|Transaction #6337 was successfully committed
2026-08-12 13:55:07|2480.9|  0.5|INFORM|Transaction #6338 was successfully committed
2026-08-12 13:55:08|2481.3|  0.4|INFORM|Transaction #6339 was successfully committed
2026-08-12 13:55:08|2481.5|  0.2|INFORM|MULTI_WRITER writer: 36,331 of 93,726 features written
2026-08-12 13:55:08|2481.8|  0.3|INFORM|Transaction #6340 was successfully committed
2026-08-12 13:55:08|2482.2|  0.4|INFORM|Transaction #6341 was successfully committed
2026-08-12 13:55:09|2482.6|  0.4|INFORM|Transaction #6342 was successfully committed
2026-08-12 13:55:09|2483.0|  0.4|INFORM|Transaction #6343 was successfully committed
2026-08-12 13:55:10|2483.4|  0.4|INFORM|Transaction #6344 was successfully committed
2026-08-12 13:55:10|2483.8|  0.4|INFORM|Transaction #6345 was successfully committed
2026-08-12 13:55:11|2484.2|  0.4|INFORM|Transaction #6346 was successfully committed
2026-08-12 13:55:11|2484.6|  0.4|INFORM|Transaction #6347 was successfully committed
2026-08-12 13:55:11|2485.0|  0.4|INFORM|Transaction #6348 was successfully committed
2026-08-12 13:55:12|2485.4|  0.4|INFORM|Transaction #6349 was successfully committed
2026-08-12 13:55:12|2485.8|  0.4|INFORM|Transaction #6350 was successfully committed
2026-08-12 13:55:13|2486.3|  0.5|INFORM|Transaction #6351 was successfully committed
2026-08-12 13:55:13|2486.5|  0.2|INFORM|MULTI_WRITER writer: 48,499 of 93,726 features written
2026-08-12 13:55:13|2486.7|  0.2|INFORM|Transaction #6352 was successfully committed
2026-08-12 13:55:13|2487.1|  0.4|INFORM|Transaction #6353 was successfully committed
2026-08-12 13:55:14|2487.5|  0.4|INFORM|Transaction #6354 was successfully committed
2026-08-12 13:55:14|2487.9|  0.4|INFORM|Transaction #6355 was successfully committed
2026-08-12 13:55:15|2488.3|  0.4|INFORM|Transaction #6356 was successfully committed
2026-08-12 13:55:15|2488.7|  0.4|INFORM|Transaction #6357 was successfully committed
2026-08-12 13:55:15|2489.1|  0.4|INFORM|Transaction #6358 was successfully committed
2026-08-12 13:55:16|2489.5|  0.4|INFORM|Transaction #6359 was successfully committed
2026-08-12 13:55:16|2489.9|  0.4|INFORM|Transaction #6360 was successfully committed
2026-08-12 13:55:17|2490.3|  0.4|INFORM|Transaction #6361 was successfully committed
2026-08-12 13:55:17|2490.8|  0.5|INFORM|Transaction #6362 was successfully committed
2026-08-12 13:55:18|2491.1|  0.3|INFORM|Transaction #6363 was successfully committed
2026-08-12 13:55:18|2491.5|  0.4|INFORM|MULTI_WRITER writer: 60,709 of 93,726 features written
2026-08-12 13:55:18|2491.6|  0.1|INFORM|Transaction #6364 was successfully committed
2026-08-12 13:55:18|2492.0|  0.4|INFORM|Transaction #6365 was successfully committed
2026-08-12 13:55:19|2492.4|  0.4|INFORM|Transaction #6366 was successfully committed
2026-08-12 13:55:19|2492.8|  0.4|INFORM|Transaction #6367 was successfully committed
2026-08-12 13:55:20|2493.2|  0.4|INFORM|Transaction #6368 was successfully committed
2026-08-12 13:55:20|2493.5|  0.3|INFORM|Transaction #6369 was successfully committed
2026-08-12 13:55:20|2494.0|  0.5|INFORM|Transaction #6370 was successfully committed
2026-08-12 13:55:21|2494.4|  0.4|INFORM|Transaction #6371 was successfully committed
2026-08-12 13:55:21|2494.8|  0.4|INFORM|Transaction #6372 was successfully committed
2026-08-12 13:55:22|2495.2|  0.4|INFORM|Transaction #6373 was successfully committed
2026-08-12 13:55:22|2495.7|  0.5|INFORM|Transaction #6374 was successfully committed
2026-08-12 13:55:22|2496.0|  0.3|INFORM|Transaction #6375 was successfully committed
2026-08-12 13:55:23|2496.4|  0.4|INFORM|MULTI_WRITER writer: 72,889 of 93,726 features written
2026-08-12 13:55:23|2496.4|  0.0|INFORM|Transaction #6376 was successfully committed
2026-08-12 13:55:23|2496.9|  0.5|INFORM|Transaction #6377 was successfully committed
2026-08-12 13:55:24|2497.2|  0.3|INFORM|Transaction #6378 was successfully committed
2026-08-12 13:55:24|2497.7|  0.5|INFORM|Transaction #6379 was successfully committed
2026-08-12 13:55:24|2498.1|  0.4|INFORM|Transaction #6380 was successfully committed
2026-08-12 13:55:25|2498.5|  0.4|INFORM|Transaction #6381 was successfully committed
2026-08-12 13:55:25|2498.9|  0.4|INFORM|Transaction #6382 was successfully committed
2026-08-12 13:55:26|2499.3|  0.4|INFORM|Transaction #6383 was successfully committed
2026-08-12 13:55:26|2499.8|  0.5|INFORM|Transaction #6384 was successfully committed
2026-08-12 13:55:27|2500.2|  0.4|INFORM|Transaction #6385 was successfully committed
2026-08-12 13:55:27|2500.6|  0.4|INFORM|Transaction #6386 was successfully committed
2026-08-12 13:55:27|2501.0|  0.4|INFORM|Transaction #6387 was successfully committed
2026-08-12 13:55:28|2501.4|  0.4|INFORM|Transaction #6388 was successfully committed
2026-08-12 13:55:28|2501.5|  0.1|INFORM|MULTI_WRITER writer: 85,039 of 93,726 features written
2026-08-12 13:55:28|2501.8|  0.3|INFORM|Transaction #6389 was successfully committed
2026-08-12 13:55:29|2502.3|  0.5|INFORM|Transaction #6390 was successfully committed
2026-08-12 13:55:29|2502.6|  0.3|INFORM|Transaction #6391 was successfully committed
2026-08-12 13:55:29|2503.1|  0.5|INFORM|Transaction #6392 was successfully committed
2026-08-12 13:55:30|2503.4|  0.3|INFORM|Transaction #6393 was successfully committed
2026-08-12 13:55:30|2503.8|  0.4|INFORM|Transaction #6394 was successfully committed
2026-08-12 13:55:31|2504.3|  0.5|INFORM|Transaction #6395 was successfully committed
2026-08-12 13:55:31|2504.7|  0.4|INFORM|Transaction #6396 was successfully committed
2026-08-12 13:55:31|2505.0|  0.3|INFORM|MULTI_WRITER writer: 93,726 of 93,726 features written
2026-08-12 13:55:32|2505.9|  0.9|INFORM|FeatureMerger (ReferenceFactory): Processing requestors: Completed 100% of intermediate processing
2026-08-12 13:55:32|2505.9|  0.0|INFORM|FFS writer: Writing 72751 feature(s) to file 'C:\Users\ASHTON~1.EAV\AppData\Local\Temp\wb-cache-LUS_PostProcessing_V01_ACE_25062-pwVrLI\Main_FeatureMerger -1 9 fo 0 MERGED  0  3bb0bff46fb22b1870d2b0394c88e7443c1c5b53_69.fts'
2026-08-12 13:55:32|2506.0|  0.1|INFORM|Spatial Index: Adding 72751 features
2026-08-12 13:55:33|2506.1|  0.1|INFORM|AttributeManager_OUTPUT Feature Recorder -1 2147614758 (RecorderFactory): Splitting bulk features into individual features
2026-08-12 13:55:33|2506.2|  0.1|INFORM|Transaction #6397 was successfully committed
2026-08-12 13:55:33|2506.8|  0.6|INFORM|FFS writer: Writing 71664 feature(s) to file 'C:\Users\ASHTON~1.EAV\AppData\Local\Temp\wb-cache-LUS_PostProcessing_V01_ACE_25062-pwVrLI\Main_AttributeManager -1 38 fo 0 OUTPUT  0  71ef952938b38eff2ab0aa29d9504d1788ebbaa7_101.fts'
2026-08-12 13:55:33|2507.1|  0.3|INFORM|Spatial Index: Adding 71664 features
2026-08-12 13:55:34|2507.1|  0.0|INFORM|MULTI_WRITER writer: Splitting bulk features into individual features
2026-08-12 13:55:34|2507.2|  0.1|INFORM|Transaction #6398 was successfully committed
2026-08-12 13:55:34|2507.6|  0.4|INFORM|Transaction #6399 was successfully committed
2026-08-12 13:55:34|2508.0|  0.4|INFORM|Transaction #6400 was successfully committed
2026-08-12 13:55:35|2508.4|  0.4|INFORM|Transaction #6401 was successfully committed
2026-08-12 13:55:35|2508.7|  0.3|INFORM|Transaction #6402 was successfully committed
2026-08-12 13:55:36|2509.1|  0.4|INFORM|Transaction #6403 was successfully committed
2026-08-12 13:55:36|2509.5|  0.4|INFORM|Transaction #6404 was successfully committed
2026-08-12 13:55:36|2509.9|  0.4|INFORM|Transaction #6405 was successfully committed
2026-08-12 13:55:37|2510.3|  0.4|INFORM|Transaction #6406 was successfully committed
2026-08-12 13:55:37|2510.7|  0.4|INFORM|Transaction #6407 was successfully committed
2026-08-12 13:55:38|2511.1|  0.4|INFORM|Transaction #6408 was successfully committed
2026-08-12 13:55:38|2511.5|  0.4|INFORM|Transaction #6409 was successfully committed
2026-08-12 13:55:38|2511.9|  0.4|INFORM|Transaction #6410 was successfully committed
2026-08-12 13:55:39|2512.1|  0.2|INFORM|MULTI_WRITER writer: 12,474 of 71,664 features written
2026-08-12 13:55:39|2512.3|  0.2|INFORM|Transaction #6411 was successfully committed
2026-08-12 13:55:39|2512.7|  0.4|INFORM|Transaction #6412 was successfully committed
2026-08-12 13:55:40|2513.1|  0.4|INFORM|Transaction #6413 was successfully committed
2026-08-12 13:55:40|2513.5|  0.4|INFORM|Transaction #6414 was successfully committed
2026-08-12 13:55:40|2513.9|  0.4|INFORM|Transaction #6415 was successfully committed
2026-08-12 13:55:41|2514.3|  0.4|INFORM|Transaction #6416 was successfully committed
2026-08-12 13:55:41|2514.7|  0.4|INFORM|Transaction #6417 was successfully committed
2026-08-12 13:55:42|2515.1|  0.4|INFORM|Transaction #6418 was successfully committed
2026-08-12 13:55:42|2515.5|  0.4|INFORM|Transaction #6419 was successfully committed
2026-08-12 13:55:42|2515.9|  0.4|INFORM|Transaction #6420 was successfully committed
2026-08-12 13:55:43|2516.3|  0.4|INFORM|Transaction #6421 was successfully committed
2026-08-12 13:55:43|2516.6|  0.3|INFORM|Transaction #6422 was successfully committed
2026-08-12 13:55:44|2517.0|  0.4|INFORM|MULTI_WRITER writer: 25,033 of 71,664 features written
2026-08-12 13:55:44|2517.1|  0.1|INFORM|Transaction #6423 was successfully committed
2026-08-12 13:55:44|2517.5|  0.4|INFORM|Transaction #6424 was successfully committed
2026-08-12 13:55:44|2517.9|  0.4|INFORM|Transaction #6425 was successfully committed
2026-08-12 13:55:45|2518.3|  0.4|INFORM|Transaction #6426 was successfully committed
2026-08-12 13:55:45|2518.7|  0.4|INFORM|Transaction #6427 was successfully committed
2026-08-12 13:55:46|2519.1|  0.4|INFORM|Transaction #6428 was successfully committed
2026-08-12 13:55:46|2519.5|  0.4|INFORM|Transaction #6429 was successfully committed
2026-08-12 13:55:46|2519.9|  0.4|INFORM|Transaction #6430 was successfully committed
2026-08-12 13:55:47|2520.3|  0.4|INFORM|Transaction #6431 was successfully committed
2026-08-12 13:55:47|2520.7|  0.4|INFORM|Transaction #6432 was successfully committed
2026-08-12 13:55:48|2521.1|  0.4|INFORM|Transaction #6433 was successfully committed
2026-08-12 13:55:48|2521.5|  0.4|INFORM|Transaction #6434 was successfully committed
2026-08-12 13:55:48|2521.9|  0.4|INFORM|Transaction #6435 was successfully committed
2026-08-12 13:55:49|2522.1|  0.2|INFORM|MULTI_WRITER writer: 37,476 of 71,664 features written
2026-08-12 13:55:49|2522.3|  0.2|INFORM|Transaction #6436 was successfully committed
2026-08-12 13:55:49|2522.7|  0.4|INFORM|Transaction #6437 was successfully committed
2026-08-12 13:55:50|2523.1|  0.4|INFORM|Transaction #6438 was successfully committed
2026-08-12 13:55:50|2523.5|  0.4|INFORM|Transaction #6439 was successfully committed
2026-08-12 13:55:50|2523.9|  0.4|INFORM|Transaction #6440 was successfully committed
2026-08-12 13:55:51|2524.3|  0.4|INFORM|Transaction #6441 was successfully committed
2026-08-12 13:55:51|2524.8|  0.5|INFORM|Transaction #6442 was successfully committed
2026-08-12 13:55:52|2525.2|  0.4|INFORM|Transaction #6443 was successfully committed
2026-08-12 13:55:52|2525.5|  0.3|INFORM|Transaction #6444 was successfully committed
2026-08-12 13:55:52|2525.9|  0.4|INFORM|Transaction #6445 was successfully committed
2026-08-12 13:55:53|2526.3|  0.4|INFORM|Transaction #6446 was successfully committed
2026-08-12 13:55:53|2526.7|  0.4|INFORM|Transaction #6447 was successfully committed
2026-08-12 13:55:54|2527.0|  0.3|INFORM|MULTI_WRITER writer: 49,911 of 71,664 features written
2026-08-12 13:55:54|2527.1|  0.1|INFORM|Transaction #6448 was successfully committed
2026-08-12 13:55:54|2527.5|  0.4|INFORM|Transaction #6449 was successfully committed
2026-08-12 13:55:54|2527.9|  0.4|INFORM|Transaction #6450 was successfully committed
2026-08-12 13:55:55|2528.3|  0.4|INFORM|Transaction #6451 was successfully committed
2026-08-12 13:55:55|2528.8|  0.5|INFORM|Transaction #6452 was successfully committed
2026-08-12 13:55:56|2529.2|  0.4|INFORM|Transaction #6453 was successfully committed
2026-08-12 13:55:56|2529.5|  0.3|INFORM|Transaction #6454 was successfully committed
2026-08-12 13:55:56|2530.0|  0.5|INFORM|Transaction #6455 was successfully committed
2026-08-12 13:55:57|2530.4|  0.4|INFORM|Transaction #6456 was successfully committed
2026-08-12 13:55:57|2530.7|  0.3|INFORM|Transaction #6457 was successfully committed
2026-08-12 13:55:58|2531.1|  0.4|INFORM|Transaction #6458 was successfully committed
2026-08-12 13:55:58|2531.5|  0.4|INFORM|Transaction #6459 was successfully committed
2026-08-12 13:55:58|2531.9|  0.4|INFORM|Transaction #6460 was successfully committed
2026-08-12 13:55:59|2532.0|  0.1|INFORM|MULTI_WRITER writer: 62,444 of 71,664 features written
2026-08-12 13:55:59|2532.3|  0.3|INFORM|Transaction #6461 was successfully committed
2026-08-12 13:55:59|2532.7|  0.4|INFORM|Transaction #6462 was successfully committed
2026-08-12 13:56:00|2533.1|  0.4|INFORM|Transaction #6463 was successfully committed
2026-08-12 13:56:00|2533.5|  0.4|INFORM|Transaction #6464 was successfully committed
2026-08-12 13:56:00|2533.9|  0.4|INFORM|Transaction #6465 was successfully committed
2026-08-12 13:56:01|2534.3|  0.4|INFORM|Transaction #6466 was successfully committed
2026-08-12 13:56:01|2534.7|  0.4|INFORM|Transaction #6467 was successfully committed
2026-08-12 13:56:01|2535.0|  0.3|INFORM|Transaction #6468 was successfully committed
2026-08-12 13:56:02|2535.4|  0.4|INFORM|Transaction #6469 was successfully committed
2026-08-12 13:56:02|2535.6|  0.2|INFORM|MULTI_WRITER writer: 71,664 of 71,664 features written
2026-08-12 13:56:08|2541.4|  5.8|INFORM|FeatureMerger (ReferenceFactory): Processing suppliers: Completed 2.9% of intermediate processing
2026-08-12 13:56:13|2546.4|  5.0|INFORM|FeatureMerger (ReferenceFactory): Processing suppliers: Completed 5.85% of intermediate processing
2026-08-12 13:56:18|2551.4|  5.0|INFORM|FeatureMerger (ReferenceFactory): Processing suppliers: Completed 8.85% of intermediate processing
2026-08-12 13:56:23|2556.3|  4.9|INFORM|FeatureMerger (ReferenceFactory): Processing suppliers: Completed 11.82% of intermediate processing
2026-08-12 13:56:28|2561.4|  5.1|INFORM|FeatureMerger (ReferenceFactory): Processing suppliers: Completed 14.77% of intermediate processing
2026-08-12 13:56:33|2566.3|  4.9|INFORM|FeatureMerger (ReferenceFactory): Processing suppliers: Completed 17.71% of intermediate processing
2026-08-12 13:56:38|2571.4|  5.1|INFORM|FeatureMerger (ReferenceFactory): Processing suppliers: Completed 20.68% of intermediate processing
2026-08-12 13:56:43|2576.3|  4.9|INFORM|FeatureMerger (ReferenceFactory): Processing suppliers: Completed 23.66% of intermediate processing
2026-08-12 13:56:48|2581.3|  5.0|INFORM|FeatureMerger (ReferenceFactory): Processing suppliers: Completed 26.61% of intermediate processing
2026-08-12 13:56:53|2586.3|  5.0|INFORM|FeatureMerger (ReferenceFactory): Processing suppliers: Completed 29.51% of intermediate processing
2026-08-12 13:56:58|2591.3|  5.0|INFORM|FeatureMerger (ReferenceFactory): Processing suppliers: Completed 32.41% of intermediate processing
2026-08-12 13:57:03|2596.3|  5.0|INFORM|FeatureMerger (ReferenceFactory): Processing suppliers: Completed 35.36% of intermediate processing
2026-08-12 13:57:08|2601.3|  5.0|INFORM|FeatureMerger (ReferenceFactory): Processing suppliers: Completed 38.21% of intermediate processing
2026-08-12 13:57:13|2606.2|  4.9|INFORM|FeatureMerger (ReferenceFactory): Processing suppliers: Completed 41.02% of intermediate processing
2026-08-12 13:57:18|2611.3|  5.1|INFORM|FeatureMerger (ReferenceFactory): Processing suppliers: Completed 43.92% of intermediate processing
2026-08-12 13:57:23|2616.3|  5.0|INFORM|FeatureMerger (ReferenceFactory): Processing suppliers: Completed 46.83% of intermediate processing
2026-08-12 13:57:28|2621.2|  4.9|INFORM|FeatureMerger (ReferenceFactory): Processing suppliers: Completed 49.72% of intermediate processing
2026-08-12 13:57:33|2626.2|  5.0|INFORM|FeatureMerger (ReferenceFactory): Processing suppliers: Completed 52.61% of intermediate processing
2026-08-12 13:57:38|2631.2|  5.0|INFORM|FeatureMerger (ReferenceFactory): Processing suppliers: Completed 55.55% of intermediate processing
2026-08-12 13:57:43|2636.2|  5.0|INFORM|FeatureMerger (ReferenceFactory): Processing suppliers: Completed 58.44% of intermediate processing
2026-08-12 13:57:48|2641.2|  5.0|INFORM|FeatureMerger (ReferenceFactory): Processing suppliers: Completed 61.39% of intermediate processing
2026-08-12 13:57:53|2646.1|  4.9|INFORM|FeatureMerger (ReferenceFactory): Processing suppliers: Completed 64.32% of intermediate processing
2026-08-12 13:57:58|2651.2|  5.1|INFORM|FeatureMerger (ReferenceFactory): Processing suppliers: Completed 67.24% of intermediate processing
2026-08-12 13:58:03|2656.1|  4.9|INFORM|FeatureMerger (ReferenceFactory): Processing suppliers: Completed 70.13% of intermediate processing
2026-08-12 13:58:08|2661.1|  5.0|INFORM|FeatureMerger (ReferenceFactory): Processing suppliers: Completed 73% of intermediate processing
2026-08-12 13:58:13|2666.1|  5.0|INFORM|FeatureMerger (ReferenceFactory): Processing suppliers: Completed 75.83% of intermediate processing
2026-08-12 13:58:18|2671.0|  4.9|INFORM|FeatureMerger (ReferenceFactory): Processing suppliers: Completed 78.76% of intermediate processing
2026-08-12 13:58:23|2676.0|  5.0|INFORM|FeatureMerger (ReferenceFactory): Processing suppliers: Completed 81.71% of intermediate processing
2026-08-12 13:58:28|2681.0|  5.0|INFORM|FeatureMerger (ReferenceFactory): Processing suppliers: Completed 84.64% of intermediate processing
2026-08-12 13:58:33|2686.0|  5.0|INFORM|FeatureMerger (ReferenceFactory): Processing suppliers: Completed 87.58% of intermediate processing
2026-08-12 13:58:38|2691.1|  5.1|INFORM|FeatureMerger (ReferenceFactory): Processing suppliers: Completed 90.48% of intermediate processing
2026-08-12 13:58:43|2696.1|  5.0|INFORM|FeatureMerger (ReferenceFactory): Processing suppliers: Completed 93.4% of intermediate processing
2026-08-12 13:58:48|2701.1|  5.0|INFORM|FeatureMerger (ReferenceFactory): Processing suppliers: Completed 96.32% of intermediate processing
2026-08-12 13:58:53|2706.0|  4.9|INFORM|FeatureMerger (ReferenceFactory): Processing suppliers: Completed 99.19% of intermediate processing
2026-08-12 13:58:54|2707.3|  1.3|INFORM|FeatureMerger (ReferenceFactory): Processing suppliers: Completed 100% of intermediate processing
2026-08-12 13:58:54|2707.3|  0.0|STATS |FeatureMerger (ReferenceFactory): Total Results: 6469588 Complete Feature(s), 0 Incomplete Feature(s), 6469588 Referenced Feature(s), 0 Unreferenced Feature(s), 0 Referencer Feature(s) (NO REFERENCES), 0 Referencee Feature(s) (NO Referencee fields defined), and 0 Duplicate Referencee Feature(s)
2026-08-12 13:59:14|2727.0| 19.7|STATS |AttributeManager OUTPUT Splitter (TeeFactory): Cloned 6469588 input feature(s) into 12939176 output feature(s)
2026-08-12 13:59:14|2727.0|  0.0|STATS |Destination Feature Type Routing Correlator (RoutingFactory): Tested 12939176 input feature(s), wrote 12939176 output feature(s): 0 matched merge filters, 6469588 were routed to output, 6469588 could not be routed.
2026-08-12 13:59:14|2727.0|  0.0|STATS |Final Output Nuker (TeeFactory): Cloned 6469588 input feature(s) into 0 output feature(s)
2026-08-12 13:59:14|2727.0|  0.0|WARN  |=-=-=-=-=-=-=-=-=-=-=-=-=-=-=-=-=-=-=-=-=-=-=-=-=-=-=-=-=-=-=-=-=-=-=-=-=-=-=-
2026-08-12 13:59:14|2727.0|  0.0|WARN  |      Features not written - verify feature type fanout/dynamic settings
2026-08-12 13:59:14|2727.0|  0.0|WARN  |=-=-=-=-=-=-=-=-=-=-=-=-=-=-=-=-=-=-=-=-=-=-=-=-=-=-=-=-=-=-=-=-=-=-=-=-=-=-=-
2026-08-12 13:59:14|2727.0|  0.0|WARN  |  (Check that fanout/dynamic feature type attribute exists and has a value)
2026-08-12 13:59:14|2727.0|  0.0|WARN  |=-=-=-=-=-=-=-=-=-=-=-=-=-=-=-=-=-=-=-=-=-=-=-=-=-=-=-=-=-=-=-=-=-=-=-=-=-=-=-
2026-08-12 13:59:14|2727.0|  0.0|WARN  |                                                                       6469588
2026-08-12 13:59:14|2727.0|  0.0|WARN  |==============================================================================
2026-08-12 13:59:14|2727.0|  0.0|WARN  |Total features not written                                             6469588
2026-08-12 13:59:14|2727.0|  0.0|WARN  |=-=-=-=-=-=-=-=-=-=-=-=-=-=-=-=-=-=-=-=-=-=-=-=-=-=-=-=-=-=-=-=-=-=-=-=-=-=-=-
2026-08-12 13:59:14|2727.0|  0.0|STATS |GeodatabaseRelationshipFeaturesPipeline::GeodatabaseRelationshipFeatures (SortFactory): Finished sorting a total of 0 features.
2026-08-12 13:59:14|2727.0|  0.0|WARN  |Esri Geodatabase Writer: 2300771 attribute value(s) were truncated
2026-08-12 13:59:14|2727.0|  0.0|INFORM|Transaction #6470 (final transaction) was successfully committed
2026-08-12 13:59:26|2738.6| 11.6|INFORM|Closing the Esri Geodatabase writer
2026-08-12 13:59:28|2740.0|  1.4|INFORM|=-=-=-=-=-=-=-=-=-=-=-=-=-=-=-=-=-=-=-=-=-=-=-=-=-=-=-=-=-=-=-=-=-=-=-=-=-=-=-
2026-08-12 13:59:28|2740.0|  0.0|INFORM|Feature output statistics for `GEODATABASE_FILE' writer using keyword `GEODATABASE_FILE_1':
2026-08-12 13:59:28|2740.0|  0.0|STATS |=-=-=-=-=-=-=-=-=-=-=-=-=-=-=-=-=-=-=-=-=-=-=-=-=-=-=-=-=-=-=-=-=-=-=-=-=-=-=-
2026-08-12 13:59:28|2740.0|  0.0|STATS |                           Features Written Summary
2026-08-12 13:59:28|2740.0|  0.0|STATS |=-=-=-=-=-=-=-=-=-=-=-=-=-=-=-=-=-=-=-=-=-=-=-=-=-=-=-=-=-=-=-=-=-=-=-=-=-=-=-
2026-08-12 13:59:28|2740.0|  0.0|STATS |FinalClass_Maize                                                       6469588
2026-08-12 13:59:28|2740.0|  0.0|STATS |==============================================================================
2026-08-12 13:59:28|2740.0|  0.0|STATS |Total Features Written                                                 6469588
2026-08-12 13:59:28|2740.0|  0.0|STATS |=-=-=-=-=-=-=-=-=-=-=-=-=-=-=-=-=-=-=-=-=-=-=-=-=-=-=-=-=-=-=-=-=-=-=-=-=-=-=-
2026-08-12 13:59:28|2740.0|  0.0|STATS |=-=-=-=-=-=-=-=-=-=-=-=-=-=-=-=-=-=-=-=-=-=-=-=-=-=-=-=-=-=-=-=-=-=-=-=-=-=-=-
2026-08-12 13:59:28|2740.0|  0.0|STATS |                            Features Read Summary
2026-08-12 13:59:28|2740.0|  0.0|STATS |=-=-=-=-=-=-=-=-=-=-=-=-=-=-=-=-=-=-=-=-=-=-=-=-=-=-=-=-=-=-=-=-=-=-=-=-=-=-=-
2026-08-12 13:59:28|2740.0|  0.0|STATS |CSV                                                                    6469588
2026-08-12 13:59:28|2740.0|  0.0|STATS |==============================================================================
2026-08-12 13:59:28|2740.0|  0.0|STATS |Total Features Read                                                    6469588
2026-08-12 13:59:28|2740.0|  0.0|STATS |=-=-=-=-=-=-=-=-=-=-=-=-=-=-=-=-=-=-=-=-=-=-=-=-=-=-=-=-=-=-=-=-=-=-=-=-=-=-=-
2026-08-12 13:59:28|2740.0|  0.0|STATS |=-=-=-=-=-=-=-=-=-=-=-=-=-=-=-=-=-=-=-=-=-=-=-=-=-=-=-=-=-=-=-=-=-=-=-=-=-=-=-
2026-08-12 13:59:28|2740.0|  0.0|STATS |                           Features Written Summary
2026-08-12 13:59:28|2740.0|  0.0|STATS |=-=-=-=-=-=-=-=-=-=-=-=-=-=-=-=-=-=-=-=-=-=-=-=-=-=-=-=-=-=-=-=-=-=-=-=-=-=-=-
2026-08-12 13:59:28|2740.0|  0.0|STATS |FinalClass_Maize                                                       6469588
2026-08-12 13:59:28|2740.0|  0.0|STATS |==============================================================================
2026-08-12 13:59:28|2740.0|  0.0|STATS |Total Features Written                                                 6469588
2026-08-12 13:59:28|2740.0|  0.0|STATS |=-=-=-=-=-=-=-=-=-=-=-=-=-=-=-=-=-=-=-=-=-=-=-=-=-=-=-=-=-=-=-=-=-=-=-=-=-=-=-
2026-08-12 13:59:28|2740.0|  0.0|WARN  |-~-~-~-~-~-~-~-~-~-~-~-~-~-~-~-~-~-~-~-~-~-~-~-~-~-~-~-~-~-~-~-~-~-~-~-~-~-~-~-~-
2026-08-12 13:59:28|2740.0|  0.0|WARN  |-~                                                                             ~-
2026-08-12 13:59:28|2740.0|  0.0|WARN  |-~      Data caches have been recorded at every stage of the translation.      ~-
2026-08-12 13:59:28|2740.0|  0.0|WARN  |-~                      To inspect the recorded features,                      ~-
2026-08-12 13:59:28|2740.0|  0.0|WARN  |-~                click the data cache icons next to the ports.                ~-
2026-08-12 13:59:28|2740.0|  0.0|WARN  |-~                                                                             ~-
2026-08-12 13:59:28|2740.0|  0.0|WARN  |-~-~-~-~-~-~-~-~-~-~-~-~-~-~-~-~-~-~-~-~-~-~-~-~-~-~-~-~-~-~-~-~-~-~-~-~-~-~-~-~-
2026-08-12 13:59:28|2740.0|  0.0|INFORM|Translation was SUCCESSFUL with 17 warning(s) (6469588 feature(s) output)
2026-08-12 13:59:28|2740.0|  0.0|INFORM|FME Session Duration: 45 minutes 4 seconds. (CPU: 2594.7s user, 145.3s system)
2026-08-12 13:59:28|2740.0|  0.0|INFORM|END - ProcessID: 42680, peak process memory usage: 22111244 kB, current process memory usage: 572456 kB
